Store Name,Address,Instagram,Store Type,City,# of Stores,State,ZIP Code,Customers,Brands,Categories,Specialties,Website,Phone,Facebook,Twitter
107 Market And Deli,"107 Black Mountain Ave., Black Mountain, NC, 28711",https://www.instagram.com/direct/t/113704166694681/,Deli/Prepared Foods,Black Mountain,1,NC,28711,,spice_walla,,,,,,
173 Mercantile,"173 Port Road, Kennebunk, ME 04043, United States of America",https://www.instagram.com/173mercantile/,Boutique Grocer,Kennebunk,1,ME,4043,,brightland,Gifts; Hobbyist Supplies; Adventure Gear; Home Goods; Decor; Art Supplies; Stationery; Kitchenware; Clothing; Accessories,local; artisanal; curated; thoughtful gifting,https://173mercantile.com/,207-251-6098,,
1748 Bakehouse,"1748 Main Street, Jacksonville, FL 32206, United States of America",https://www.instagram.com/direct/t/115027623221722/,Bakery,Jacksonville,2,FL,32206,,shuug; spice_walla,,,,,,
1811 Bar Room & Speciality Shop,"7730 Chippewa Road, Brecksville, OH 44141, United States of America",https://www.instagram.com/1811_bar_room/,Independent Grocery,Brecksville,1,OH,44141,,brightland,Cocktails; Wine; Small Bites; Private Events; Corporate Gifts; Design Services; Children's Shop; Specialty Shop; Seasonal Sips; Trivia Nights,craft cocktails; seasonal; intimate; curated wine list; private events,https://www.1811home.com/barroom,(440) 630-9411,https://www.facebook.com/p/1811-Bar-Room-100091411097500/,
1st National Gifts,"2 East Genesee Street, Village of Skaneateles, NY 13152, United States of America",https://www.instagram.com/direct/t/111495926914159/,Independent Grocery,Skaneateles,1,NY,13152,,spice_walla,,,,,,
211 To Waterloo,"1314 Chattahoochee Avenue Northwest, Atlanta, GA 30318, United States of America",https://www.instagram.com/211towaterloo/,Boutique Grocer,Atlanta,3,GA,30318,,brightland; masa_chips; spice_walla,Gift Boxes; Gourmet Food Items; High Tech Gadgets; Personalized Gifts; Branded Packaging; Curated Gifts; Custom Design; Corporate Gifts; Holiday Collection; Unique Gifts,curated; personalized; branded; gourmet; custom design,https://211towaterloo.com/,,https://www.facebook.com/211towaterloo,
3 Js,"3J's Food Market, 801 North 2nd Street, Philadelphia, PA 19123, United States of America",https://www.instagram.com/3jsfoodmarket,Deli/Prepared Foods,Philadelphia,2,PA,19123,,behave; freestyle_snacking; culture_pop,Salads; Groceries; Fresh Food; Hot Food; Cold Food,local; prepared foods,,,,
317 Main Street,"317 Main Street, Village of Farmingdale, NY 11735, United States of America",https://www.instagram.com/317mainstreet/,Independent Grocery,Farmingdale,1,NY,11735,,culture_pop,,,,,,
320 Market Cafe/Media,"Swarthmore TrueValue Hardware, 11 South Chester Road, Swarthmore, PA 19081, United States of America",https://www.instagram.com/truevalue/,Independent Grocery,Swarthmore,1,PA,19081-2710,,culture_pop,,,,,http://facebook.com/swarthmorehardware,https://twitter.com/truevalue
400 Organic And Natural Inc,"WHITEROOM Salon and Apothecary, 113 South 6th Street, New York, NY 11249, United States of America",https://www.instagram.com/whiteroombrooklyn/,Natural/Organic Market,Brooklyn,1,NY,11249,,culture_pop,,craft; style; understated luxury; Brooklyn sensibility,,,https://www.facebook.com/WHITEROOMBROOKLYN,
5 Points,"5 Points Market & Resturant, West 18th Street, Tucson, AZ 85701, United States of America",https://www.instagram.com/direct/t/120577856001470/,Supermarket,Tucson,2,AZ,85701,,fly_by_jing; graza,Produce; Dairy; Groceries; Apothecary; Treats; Fresh Flowers; Natural Wines; Eggs; Milk; Cheese,local; sustainable; organic; curated,,,,
609 Social Market & Provisions,"609 Bank St NE, Decatur, AL, 35601",https://www.instagram.com/direct/t/17843543868081149/,Deli/Prepared Foods,Decatur,1,AL,35601,,spice_walla,,,,,,
80 Acre Market,"10481 N US Hwy 259, Gilmer, TX, 75645",https://www.instagram.com/direct/t/117467216314654/,Independent Grocery,Gilmer,1,TX,75645,,spice_walla,,,,,,
80 Acres Farms,"Hamilton City Hall, 345 High Street, Hamilton, OH 45011, United States of America",https://www.instagram.com/direct/t/100224948042342/,Independent Grocery,Hamilton,1,OH,45011,,spice_walla,,,,,,
A Baked Joint,"Baked Joint, 430 K Street Northwest, Washington, DC 20001, United States of America",https://www.instagram.com/labettydc/,Wine/Beer/Liquor,Washington,1,DC,20001,,brightland; zabs_hot_sauce,Small Plates; Vinyl Music; Lunch; Breakfast; Wine; Coffee; Baked Goods,artisanal; sustainable; local; small-batch,https://abakedjoint.com/,(202) 408-6985,,
A.Mano Brooklyn,"585 Dean Street, Brooklyn, NY, 11238",https://instagram.com/amanobrooklyn,Boutique Grocer,Brooklyn,1,NY,11238,,brightland,Candles; Ceramics; Home Goods; Jewelry; Gifts; Books; Textiles; Art; Stationery; Fashion,artisanal; curated; sustainable; local,https://amanobrooklyn.com/,,https://facebook.com/amanobrooklyn,
Abbys Health And Nutrition,"14374 N Dale Mabry Highway, Tampa, FL 33618, United States of America",https://www.instagram.com/direct/t/104725270929017/,Health/Supplement Store,Tampa,4,FL,33618,Zuva,a_dozen_cousins; rishi_tea; behave; btr_bar; chomps; unreal_snacks; loisa; yolele,Supplements; Organic Produce; Vegan Options; Prepared Foods; Nutritional Consultations; Smoothies; Health Foods; Non-GMO Foods; Local Brands; Baked Goods,non-GMO; health-focused; sustainable; local; organic,,,https://www.facebook.com/abbyshealth,
Abundance Cooperative Market,"Abundance Food Co-op;Abundance Co-op, 571 South Avenue, City of Rochester, NY 14620, United States of America",https://www.instagram.com/abundancefoodcoop/,Co-op,Rochester,1,NY,14620,,a_dozen_cousins; rishi_tea,Bulk; Kitchen; Frozen; Refrigerated; Cheese; Dairy; Bakery; Produce; Meat & Seafood; Grocery,organic; local; sustainable; socially responsible,,,,
Acadia Provisions,"Acadia Provisions, 425 High Street, Ellsworth, ME 04605, United States of America",https://www.instagram.com/direct/t/110917720306546/,Deli/Prepared Foods,Ellsworth,1,ME,4605,,graza,,,,,,
Accord Market,"21 Main Street, Accord, NY 12404, USA",https://www.instagram.com/accordmkt,Supermarket,,4,NY,12404,,alice_mushrooms; bjorn_qorn; brightland; spice_walla; culture_pop; rishi_tea,Honey; Specialty Foods; Beverages; Local Produce; Syrups; Flowers; Dairy; Bakery; Prepared Foods; Meats,farm-to-table; artisanal; prepared foods; sustainable; local,,,,
Adelina Social Goods,"1235 Chattahoochee Avenue Northwest, Atlanta, GA, 30318",https://www.instagram.com/direct/t/112844660106002/,Deli/Prepared Foods,Atlanta,1,GA,30318,,spice_walla,,,,,,
Adorn,"119 West Salem, Indianola, IA 50125, USA",https://instagram.com/loveadorned,Boutique Grocer,,6,IA,50125,,alice_mushrooms; bjorn_qorn; brightland; zabs_hot_sauce; fish_wife; fly_by_jing; stellar_snacks,Jewelry; Vintage; Homewares; Apothecary; Decorative Arts; Clothing & Accessories; Stationery & Books; Kids; Living; New Arrivals; Home Decor; Gifts; Kitchenware; Candles; Stationery; Art; Furniture; Textiles; Garden Supplies; Seasonal Items; Clothing; Short Sleeve Tops; Long Sleeve Tops; Sweaters; Graphic Tees & Sweatshirts; Denim; Dresses; Lounge & Active; Outerwear; Accessories,curated; artisanal; vintage; sustainable; local; trendy,,,https://facebook.com/shopadornclothingco,
Affamata,"50 Water Street, Newburyport, MA 01950, United States of America",https://www.instagram.com/direct/t/119794112744905/,Independent Grocery,Newburyport,2,MA,1950,,joon; spice_walla,,,,,,
Aggregate Supply,"Aggregate Supply, Valencia Street, San Francisco, CA 90110, United States of America",https://www.instagram.com/direct/t/108020430594476,Independent Grocery,San Francisco,1,CA,94110,,diaspora_co,,,,,,
Agnello Market,"224 South Broad Street, Philadelphia, PA, 19102",https://www.instagram.com/direct/t/17843698937933062/,Independent Grocery,Philadelphia,1,PA,19102,,spice_walla,,,,,,
Ajs,"AJ’s Fine Foods, 7131 West Ray Road, Chandler, AZ 85226, United States of America",https://instagram.com/ajsfinefoods,Supermarket,Chandler,3,AZ,85226,,brightland; unreal_snacks; freestyle_snacking,Seafood; Gourmet-to-Go; Gourmet-To-Go; Gourmet Foods; Prepared Meals; Gift Baskets; Wines; Sandwiches; Bakery Items; Floral and Gifts; Gifts; Desserts; Chef-Prepared Meals; Floral; Artisan Confections; Produce; Prepared Foods; Gourmet Catering; Floral Arrangements; Decadent Desserts; Meat; Signature Sandwiches; Holiday Specials; Catering; Meat and Seafood,artisanal; prepared foods; gourmet; seasonal; curated; local; sustainable,,,https://www.facebook.com/AJsFineFoods,
Ajs Fine Foods,"AJ's Fine Foods, 23251 North Pima Road, Scottsdale, AZ 85255, United States of America",https://instagram.com/ajsfinefoods,Supermarket,Scottsdale,21,AZ,85255,,brightland; unreal_snacks; masa_chips; chomps; freestyle_snacking; rishi_tea,"Gourmet Foods; Prepared Meals; Wine and Spirits; Wines; Sandwiches; Bakery Items; Floral and Gifts; Floral; Floral Arrangements; Gift Baskets; Decadent Desserts; Signature Sandwiches; Holiday Dinners; Sushi; Baked Goods; Seafood; Gourmet-to-Go; Beverages; Wine; Gifts; Desserts; Chef-Prepared Meals; Wines and Spirits; Artisan Confections; Bakery; Produce; Prepared Foods; Gourmet Catering; Meat; Catering; Meat and Seafood; Wines, Beers, and Spirits; Baskets; Beadwork; Drawings & Prints; Fashion; Hopi Katsina Dolls; Jewelry; Paintings; Photography; Pottery; Sculpture",farm-to-table; artisanal; prepared foods; organic; gourmet; seasonal; curated; local; sustainable,,,https://www.facebook.com/AJsFineFoods,
Alexander Highland Market,"18111 Highland Market Dr, Baton Rouge, LA 70810, United States of America",https://www.instagram.com/direct/t/107844090611584/,Independent Grocery,Baton Rouge,1,LA,70810,,graza,,,,,,
Alexanders,"Tobacco on 1st, 1121 1st Avenue, New York, NY 10155, United States of America",https://www.instagram.com/AlexandersHighlandMarket/,Independent Grocery,New York,3,NY,10065,,behave; evies_snacks; loisa,Center Store; Meat; Produce; Alcohol; Bakery; Prepared Foods; Floral; Seafood; Sushi; Supplies,local; artisanal; prepared foods,,,https://www.facebook.com/AlexandersHighlandMarket,https://twitter.com/alexandersmktbr
Alkali Rye,"3256 Grand Avenue, Oakland, CA 94610, United States of America",https://instagram.com/sip.alkalirye,Boutique Grocer,Oakland,2,CA,94610,,brightland; pistakio; stellar_snacks; whims,Kitchen; Aromatized; Corporate Gifting; Wine; Gifts; Glassware; Liqueurs; Event Rentals; Beer; Pantry; Non-Alcoholic; Barware; Spirits,curated; artisanal; gourmet,http://alkalirye.com,(510) 488-3637,,
All Good Things,"404 West 8th Street, Dallas, TX 75208, United States of America",https://www.instagram.com/direct/t/102046524529928/,Independent Grocery,Dallas,1,TX,75208,,brightland,,,,(214) 579-9961,,
Alliannas Kitchen,"136 Woodford Drive, Evans City, PA 16033, United States of America",https://www.instagram.com/direct/t/104994407565648/,Independent Grocery,Evans City,1,PA,16033,,brightland; masa_chips,,,,,,
Alma,"2 Main Street, North Kingstown, RI 02852, United States of America",https://www.instagram.com/direct/t/108173583912403/,Independent Grocery,North Kingstown,1,RI,2852,,brightland; zabs_hot_sauce,,,,,,
Altitude,"Altitude, East Broadway Avenue, Jackson, WY 83001, United States of America",https://www.instagram.com/direct/t/119946102725498/,Independent Grocery,jackson,1,WY,83001,,brightland; fish_wife,,,,,,
Amana General,"4423 220th Trail, Amana, IA, 52203",https://www.instagram.com/direct/t/17846839722140307/,Gift/Specialty Shop,Amana,1,IA,52203,,spice_walla,,,,,,
Amie Bakery,"1254 Main Street, Osterville, MA 02655, United States of America",http://instagram.com/amiebakery,Bakery,Osterville,2,MA,2655,,pistakio; spice_walla,Baked Goods; Cakes; Catering; Breakfast; Lunch; Beverages; Cocktails; Pastry; eGift Cards; Classes,artisanal; local; gourmet; prepared foods,https://amiebakery.com/,(508) 428-1005,http://www.facebook.com/amiebakerycc,
áNdale Market,"Ándale Market, 5232 North Clark Street, Chicago, IL 60640, United States of America",https://www.instagram.com/andalemarket,Boutique Grocer,Chicago,2,IL,60640,,fish_wife; pistakio; spice_walla,Drinks; Charcuterie; Snacks; Pasta & Grains; Syrups & Spreads; Sauces & Condiments; Tinned Fish; Oils & Vinegars; Salts & Spices; Sweets,gourmet; imported; curated; local,,,https://www.facebook.com/andalemarket1/,
Andersons Market,"Anderson's Mill, Farm-to-Market Road 2769, Cedar Park, TX 78726, United States of America",https://www.instagram.com/direct/t/111990416864281/,Independent Grocery,,2,TX,78726,,blobs; graza; rishi_tea,,,,,,
Andrades Catch,"186 Wood Street, Bristol, RI 02809, United States of America",https://www.instagram.com/direct/t/114173269980816/,Independent Grocery,Bristol,1,RI,2809,,fish_wife; graza,,,,,,
Andrews Cheese Shop,"728 Montana Avenue, Santa Monica, CA 90403, United States of America",https://www.instagram.com/direct/t/114153576642411/,Independent Grocery,Santa Monica,2,CA,90403,,brightland; graza; fly_by_jing,,,,(310) 393-3308,,
Andys Artisan Bread,"201 E. Todd Street, Frankfort, KY, 40601",https://www.instagram.com/direct/t/17844122933369941/,Independent Grocery,Frankfort,1,KY,40601,,spice_walla,,,,,,
Annas Joint,"Anna's Joint, 443 Pine Avenue, Long Beach, CA 90813, United States of America",https://www.instagram.com/direct/t/17850313976770089/,Independent Grocery,Long Beach,3,CA,90802,,brightland; graza; freestyle_snacking; spice_walla,,,,,,
Apartment F,"1200 E. 11th Street, Suite #104, Austin, TX 78702, USA",https://instagram.com/apt.f,Boutique Grocer,,2,TX,78702,,alice_mushrooms; brightland; fly_by_jing,Rugs; Pillows; Home Goods; Pantry; Apothecary; Holiday; New Arrivals,artisanal; curated; handcrafted; one-of-a-kind,,,,
Apple Tree Natural Foods,"729 Louisville Road, Alcoa, TN 37701, United States of America",https://www.instagram.com/multicare,Supermarket,Alcoa,3,TN,37701,,graza; rishi_tea,,nonprofit; community engagement; compassionate care,,,https://www.facebook.com/multicare,
Apple Valley Natural Foods,"Apple Valley Natural Foods, 9067 Old US-31, Oronoko Charter Township, MI 49103, United States of America",https://www.instagram.com/applevalleynaturalfoods/,Natural/Organic Market,,3,MI,49103,Zuva,coconut_cult; freestyle_snacking; graza; unreal_snacks,Health Foods; Vegetarian Food; Gifts and Flowers; Honey; Oats; Granola; Vegetarian Foods; Whole Grains; Gifts; Chai; Breads; Flowers; Vegetarian Meat; Prepared Foods; Flours; Nuts,organic; vegan; local; sustainable; vegetarian; natural,,,https://facebook.com/profile.php?id=256991067665610,https://twitter.com/AppleVNF
Archestratus,"160 Huron Street, New York, NY 11222, United States of America",https://www.instagram.com/_archestratus_/,Independent Grocery,Brooklyn,1,NY,11222,,chikka_chikka,,,,,,
Arete Float Tank & Personal Optimization Studio,"203 E Braxton Foushee Street, Carrboro, NC 27510, United States of America",https://www.instagram.com/floatarete/,Independent Grocery,Carrboro,1,NC,27510,,brightland,,,,,,
Arrow Cocktail Lounge,"418 Poyntz Avenue, Manhattan, KS 66502, United States of America",https://www.instagram.com/arrowcocktaillounge/,Independent Grocery,Manhattan,1,KS,66502,,fish_wife; graza,,,,,,
Art & Soul,"5740 Hidcote Drive, Lincoln, NE 68516, United States of America",https://www.instagram.com/direct/t/117616852960556/,Independent Grocery,Lincoln,1,NE,68516,,graza,,,,,,
Art Cloth + Craft,"108 East 3rd Street, Jamestown, NY 14701, USA",https://instagram.com/artclothandcraft,Independent Grocery,,2,NY,14701,,alice_mushrooms; brightland; fish_wife,Clothing; Accessories; Beauty & Body; Crafts & Hobbies; Home & Garden; Gifts & Holiday; Men's Fashion; Baby & Kid's; Clearance; Art Supplies,handcrafted; unique gifts; local art; boutique clothing,,,https://facebook.com/artclothandcraft,
Art Mart,"Art Mart, 1705 South Prospect Avenue, Champaign, IL 61821, United States of America",https://www.instagram.com/shopartmart/,Supermarket,,1,IL,61821,,coconut_cult; graza,catering; groceries; bakery; wine; food; deli; gifts; clothing; toys; housewares,local; artisanal; prepared foods; gourmet,,,https://www.facebook.com/shopartmart,
Art Of Living Retreat Center,"2941 5th Ave n, St. Petersburg, FL 33707, USA",https://www.instagram.com/artofthetablegr/,Natural/Organic Market,,5,FL,33707,Zuva,alice_mushrooms; brightland; freestyle_snacking; realsy; zabs_hot_sauce,Acupuncture; Acupressure; Moxibustion; Cupping; Electric Stimulation; Dietary Recommendations; Herbal Therapies; Pain Management; Stress Reduction; Weight Control,holistic; therapeutic; natural; wellness,,,,
Arthouse And Company,"62 South Oak Street, San Buenaventura (Ventura), CA 93001, United States of America",https://www.instagram.com/arthouseandcompany/,Independent Grocery,Ventura,1,CA,93001,,brightland,,,,,,
Arthurs Market,"35 North Ferry Street, City of Schenectady, NY 12305, United States of America",https://www.instagram.com/direct/t/118283756223259/,Independent Grocery,Schenectady,2,NY,12305,,graza; zabs_hot_sauce; rishi_tea,,,,,,
Artisan Cheese Company,"550 Central Avenue, Sarasota, FL 34236, United States of America",https://www.instagram.com/artisancheesecompany,Independent Grocery,Sarasota,1,FL,34236,,brightland; graza,,,,(941) 951-7860,,
Asg Met,"Kirby Forensic Psychiatric Center, 600 Sunken Garden Loop, New York, NY 10029, United States of America",https://www.instagram.com/officeofmentalhealth/?hl=en,Independent Grocery,NEW YORK,7,NY,10035,,a_dozen_cousins; evies_snacks; glonuts,,,,,https://www.facebook.com/NYSOMH,https://twitter.com/NYSomh
Ashe County Cheese,"106 East Main Street, West Jefferson, NC, 28694",https://www.instagram.com/direct/t/101176951286833/,Independent Grocery,West Jefferson,1,NC,28694,,spice_walla,,,,,,
Ashley Mercantile,"105 1st Avenue Northeast, Cullman, AL, 35055",https://www.instagram.com/direct/t/120304629360349/,Independent Grocery,Cullman,1,AL,35055,,spice_walla,,,,,,
Aspen Grove,"Aspen Grove, 156 Riverside Avenue, Winthrop, WA 98862, United States of America",https://www.instagram.com/direct/t/115351116525238/,Boutique Grocer,Winthrop,2,WA,98862,,brightland; one_trick_pony; fly_by_jing,Cookbooks; Local Goods; Fine Foods; Home Decor,artisanal; gourmet; curated; local,,,https://www.facebook.com/AspenGroveHome,
Atelier,"Atelier, 337 Pierpont Avenue, Salt Lake City, UT 84101, United States of America",https://www.instagram.com/direct/t/102412501161542/,Independent Grocery,Salt Lake City,3,UT,84101,,brightland; graza; fish_wife; zabs_hot_sauce,,,,,,
Athens Cooks,"Farm Burger, 100 Prince Avenue, Athens, GA 30601, United States of America",https://www.instagram.com/direct/t/112881606770540/,Supermarket,Athens,4,GA,30601,,brightland; fish_wife; fly_by_jing; spice_walla,Grass-Finished Beef; Sustainable Foods; Beverages; Local Produce; Community Support; Seasonal Menu; Farm Birds; Dairy; Prepared Foods; Sustainable Practices; Catering; Fried Chicken Sandwiches; Artisanal Foods,farm-to-table; grass-fed; artisanal; prepared foods; sustainable; local,,(706) 623-3373,,
Atticus & Co.,"120 E Larkin St, Athens, TX, 75751",https://www.instagram.com/direct/t/109469920620592/,Independent Grocery,Athens,1,TX,75751,,spice_walla,,,,,,
Austins Homemade Ice Cream At The Market,"The Post Events & Ice Cream, 625 Deacon Street, Scranton, PA 18509, United States of America",https://www.instagram.com/theposteventsicecream/,Independent Grocery,,1,PA,18509,,graza,Ice Cream; Event Space,artisanal; local,,,https://www.facebook.com/theposteventsicecream/,
Avenue A Market,"106 Avenue A, Turner Falls, MA, 01376",http://instagram.com/avenueamarket,Supermarket,Turner Falls,2,MA,1376,,bjorn_qorn; chikka_chikka,Produce; Bulk Goods; Pantry Items; Alcoholic Beverages; Non-Alcoholic Beverages; Dairy; Eggs; Toilet Paper; Snacks; Specialty Foods; Yarn; Quilting Supplies; Upholstery Fabric; Sewing Supplies; Classes & Workshops; Donations; Membership; Braided-In Rugs; Fabric; Craft Supplies,local; sustainable; specialty foods; donated; affordable; community-focused,,,,
Avon Prime Meats,"Avon Prime Meats, 395 West Main Street, Avon, CT 06001, United States of America",https://instagram.com/avonprimemeats,Supermarket,Avon,2,CT,6001,,graza; one_trick_pony; rooted_fare,Seafood; Deli; Prepared Meals; Butcher; Pork; Lamb; BBQ Essentials; Poultry; Beef; Catering; Grocery,farm-to-table; prepared foods; gourmet; local,,,https://facebook.com/avonprimemeats,
B Collective,"B Collective, 3461 North Lincoln Avenue, Chicago, IL 60657, United States of America",https://www.instagram.com/_bcollective/,Boutique Grocer,Chicago,1,IL,60657,,brightland,Floral; Weddings & Special Events; Rentals; Workshops; Corporate Floral Therapy; Fresh Flower Bouquets; Custom Floral Design; Candle Club; Wellness Events; Vintage,artisanal; local; sustainable; curated,,,https://www.facebook.com/bcollectivechicago,
Baccos Wine & Cheese,"Bacco's Wine & Cheese, 31 Saint James Avenue, Boston, MA 02116, United States of America",https://www.instagram.com/baccoswineandcheese,Wine/Beer/Liquor,Boston,1,MA,2116,,fish_wife; loisa,Gift Cards; Cheese; Curated Gift Baskets; Charcuterie; Pantry; Gourmet Goods; Clubs; Wine; Catering,curated; artisanal; gourmet,,,,
Bachmans Floral,"2444 Enterprise Drive, Mendota Heights, MN 55120, United States of America",https://www.instagram.com/direct/t/120065902721053/,Independent Grocery,Mendota Heights,2,MN,55120,,graza; joon; spice_walla,,,,,,
Baileys Produce & Nursery,"Bailey's Produce & Nursery, 4301 North Davis Highway, Pensacola, FL 32503, United States of America",https://www.instagram.com/BAILEYSPRODUCE,Independent Grocery,Pensacola,2,FL,32503,,brightland; zabs_hot_sauce; spice_walla,Fruits; Perennials; Indoor Plants; Shrubs; Landscape Services; Pollinators; Outdoor Plants; Fruit Baskets; Delivery Services; Seasonal Produce; Roses; Produce; Herbs; Gift Baskets; Specialty Goods; Garden Center; Nursery; Annuals; Vegetables,farm-to-table; local; sustainable; seasonal,,,https://www.facebook.com/BaileysProduce/,
Bandidas Bake Shop,"1421 Camphor Drive, Lakeland, FL 33803, United States of America",https://www.instagram.com/bandidasbakeshop/,Bakery,Lakeland,1,FL,33803,,loisa; zabs_hot_sauce,,,,,,
Barber Brothers Meat & Provisions,"Pasta & Provisions, 1528 Providence Road, Charlotte, NC 28207, United States of America",https://www.instagram.com/barberbrosmaine/,Deli/Prepared Foods,,1,NC,28207,,blobs; chikka_chikka,Deli & Bakery; Turkey; Prepared Meals; Pork; Bread; Sausages; Wine; Lamb; Meat; Cheese; Fresh Pasta; Beer; Bakery; Produce; Lunch; Specialty Grocery; Italian Deli; Deli Items; Chicken; Catering,farm-to-table; artisanal; prepared foods; gourmet; curated; local,https://www.barberbrosmaine.com,,https://www.facebook.com/people/Barber-Bros-Meat-Provisions/100091392891009/,
Barrel Thief Wine & Provisions,"5805 Patterson Ave, Richmond, VA, 23226",https://www.instagram.com/barrelthief/,Wine/Beer/Liquor,Richmond,3,VA,23226,Zuva,bjorn_qorn; brightland; graza; fly_by_jing,Wines; Cheeses; Charcuterie; Snacks; Gourmet Foods; Craft Beers; Spirits; Prepared Foods; Condiments; Beverages,artisanal; curated; local; gourmet; small-batch,,,,
Barrier Islands Salt Co.,"Eastville Post Office, 5253 Willow Oak Road, Eastville, VA 23347, United States of America",https://www.instagram.com/direct/t/102489917820410/,Independent Grocery,Eastville,1,VA,23347,,brightland; fish_wife,,,,,,
Bartz Viviano Flowers & Gifts,"4505 Secor Road, Toledo, OH 43623, United States of America",https://www.instagram.com/direct/t/101274117940357/,Independent Grocery,Toledo,1,OH,43623,,brightland; spice_walla,,,,,,
Basics Natural Foods,"1711 Lodge Drive, Janesville, WI, 53545",http://instagram.com/BasicsCoop,Natural/Organic Market,Janesville,1,WI,53545,,yolele,natural groceries; organic groceries; vitamins and supplements; local beer; wine; spirits; sustainable housewares; bulk foods; prepared foods; catering,organic; local; sustainable; prepared foods,,,https://www.facebook.com/BasicsCooperativeNaturalFoods,
Batterby House,"608 Warren Street, Hudson, NY 12534, United States of America",https://www.instagram.com/batterbyhouse/,Independent Grocery,Hudson,1,NY,12534,,diaspora_co; spice_walla,,,,,,
Battleview Orchards,"91 Wemrock Road, Freehold, NJ, 7728",https://www.instagram.com/direct/t/105304267538764/,Independent Grocery,Freehold,1,NJ,7728,,spice_walla,,,,,,
Beans And Bananas,"Beans & Brews Coffee House, 2335 Fort Union Boulevard, Cottonwood Heights, UT 84121, United States of America",https://www.instagram.com/beansandbrews/,Independent Grocery,Jackson,3,UT,84121,,fly_by_jing; graza; spice_walla,,takeout; dine-in; drive-thru; free WIFI; craft; community; innovative; traditional,,,https://www.facebook.com/beansandbrews/,https://twitter.com/FertileGroundMS
Beardcats Sweet Shop,"Beardcat's Sweet Shop, 2063 Middle Street, Sullivan's Island, SC 29482, United States of America",https://www.instagram.com/direct/t/116287886427201/,Independent Grocery,,1,SC,29482,,graza,,,,,,
Beehive Natural Foods,"Beehive Juice Bar, 6490 Southwest 40th Street, Miami, FL 33155, United States of America",https://www.instagram.com/beehivejuicebar/,Deli/Prepared Foods,MIAMI,1,FL,33155,,a_dozen_cousins; rishi_tea,Soy Picadillo; Gourmet Foods; Prepared Meals; Juices; Snacks; Healthy Food; Vegan Options; Local Ingredients; Empanadas; Plant-Based,healthy; prepared foods; gourmet; local; plant-based; sustainable,,,https://facebook.com/Beehive-Juice-Bar-139285472773758/,
Bench Pressed,"2010 26th Avenue South, #2, Minneapolis, MN 55406, USA",Fishwife,Health/Supplement Store,,5,MN,55406,,alice_mushrooms; bjorn_qorn; fly_by_jing; brightland; zabs_hot_sauce; shuug; spice_walla,General Health; Vitamins; Nutritional Supplements; Post-Workout Meals; Vegetarian Options; Powerlifting; Publications; Greeting Cards; Apparel; Accessories; Home Decor; Bath & Body; Arts & Crafts; Food & Drink; Stationery; Seasonal Gifts; Kids & Baby,health; nutritional; supplements; vegetarian; fitness; artisanal; local; handmade; sustainable; community-focused,,,https://www.facebook.com/benchpressed/,https://www.centralparknyc.org/
Bent Creek Bistro,"100 Frederick Law Olmsted Way, Asheville, NC, 28806",https://www.instagram.com/direct/t/100506141350989/,Restaurant/Eatery,Asheville,1,NC,28806,,spice_walla,,,,,,
Bentonville Provisions,"219 South Main Street, Bentonville, AR 72712, United States of America",Fishwife,Deli/Prepared Foods,Bentonville,1,AR,72712,,fish_wife; graza,,,,,,
Beradu,"Ardea Salon & Gallery, 2 East Market Street, Black Mountain, NC 28711, United States of America",https://www.instagram.com/Beradu.BlkMtn,Independent Grocery,Black Mountain,3,NC,28711,,fish_wife; narra; pistakio,,specialty; restaurant; bar,,,,
Bernal Cutlery,"Bernal Cutlery, 766 Valencia Street, San Francisco, CA 90110, United States of America",https://www.instagram.com/bernalcutlery/,Boutique Grocer,San Francisco,1,CA,94110,,diaspora_co; pistakio,Sharpening Services; Books & Gifts; Bargain Bin; Kitchen Knives; House & Kitchen; Tableware; Knife Storage; Knife Care; Vintage; Cooking Tools; Cookware,artisanal; Japanese; Western; curated; sustainable; vintage,,,,
Bernies,"121 DeMers Avenue, East Grand Forks, MN 56721, United States of America",https://www.instagram.com/berniesegf/,Independent Grocery,East Grand Forks,2,MN,56721,,diaspora_co; fish_wife; fly_by_jing,,,,,,
Bespoke,"10098 Donner Pass Road, Truckee, CA 96161, United States of America",https://www.instagram.com/direct/t/107661823963800/,Independent Grocery,Truckee,1,CA,96161,,brightland; graza,,,,(530) 582-5500,,
Bespoke Atelier,"10098 Donner Pass Road, Truckee, CA, 96161",https://www.instagram.com/bespoketruckee/,Boutique Grocer,Truckee,2,CA,96161,,bjorn_qorn; diaspora_co; one_trick_pony,,local; artisanal; curated,,,https://www.facebook.com/BespokeTruckee,
Bespoke Post,"7700 Trade Port Drive, Louisville, KY, 40258",https://www.instagram.com/poliform/,Independent Grocery,Louisville,3,KY,40258,,brightland; stuzzi,Kitchens; Sofas; Armchairs; Tables; Chairs; Beds; Storage units; Accessories; Outdoor furniture; Contract services,artisanal; sustainable; gourmet; curated; international,,,https://www.facebook.com/poliform/,
Bestowe,"825 43rd Street, Oakland, CA 94608, United States of America",https://www.instagram.com/direct/t/116132616444861/,Independent Grocery,Oakland,1,CA,94608,,brightland,,,,,,
Bevs Homemade Ice Cream,"Bev's Homemade Ice Cream, 2911 West Cary Street, Richmond, VA 23221, United States of America",https://www.instagram.com/direct/t/100221331381561/?hl=en,Independent Grocery,,1,VA,23221,,graza,,,,,,
Bevvy Mart,"520 Causeway Drive, Wrightsville Beach, NC 28480, United States of America",https://www.instagram.com/direct/t/17843600135177150/,Independent Grocery,Wrightsville Beach,4,NC,284801905,,behave; whims; bjorn_qorn; coconut_cult; rishi_tea,,,,,,
Biedermans Specialty Foods,"824 Christian Street, Philadelphia, PA 19147, United States of America",https://www.instagram.com/biedermansphilly/,Supermarket,Philadelphia,1,PA,19147,,graza,,,,,,
Big Deal,"1018 Morris Park Ave, Bronx, NY, 104623163",https://www.instagram.com/foodtownsupermarkets/,Independent Grocery,Bronx,1,NY,104623163,,yolele,Full Service Deli; Meat Department; Fresh Produce; Dairy Department; Frozen Food; Fresh Seafood,fresh; local,,,https://www.facebook.com/FoodtownSupermarkets,
Big Dipper Creamery,"Big Dipper Creamery, 115 Village Center Drive, North Oaks, MN 55127, United States of America",https://www.instagram.com/direct/t/106147610778092/,Independent Grocery,,1,MN,55127,,graza,,,,,,
Big Johns Market,"Big John's Market, 1345 Healdsburg Avenue, Healdsburg, CA 95448-4702, United States of America",https://www.instagram.com/direct/t/107089184239693/,Deli/Prepared Foods,,6,CA,95448-4702,,blobs; brightland; smash_foods; cauli_puffs; chomps; unreal_snacks; fish_wife,"Bakery; Cheeses; Deli and Grab & Go; Party Tray & Catering; Gourmet & Specialty; Beer, Wines & Spirits; Coffees & Teas; Floral; Health & Beauty; Meats & Seafood; Produce; Pet Food & Supplies; Organic & Natural",local; organic; gourmet; prepared foods; farm-to-table; artisanal,,,,
Big Night,"236 West 10th Street, New York, NY 10014, United States of America",https://instagram.com/bignightbk,Boutique Grocer,New York,4,NY,10014,,bon_bon_swedish_candy; zabs_hot_sauce; diaspora_co; joon; spice_walla,Flatware & Cutlery; Serveware; Kitchen; Gifting; Pantry; Table Linens; Barware; Decor; Home; Glassware,gourmet; curated; artisanal; emerging brands,,,,
Big Rock Market,"6031 Ny-82, Stanfordville, NY, 12581",https://www.instagram.com/bigrockmarketny/?hl=en,Supermarket,Stanfordville,3,NY,12581,,bjorn_qorn; fish_wife; rishi_tea; masa_chips,Produce; Dairy; Meat; Baked Goods; Pantry Items,local; artisanal; curated; sustainable,,,,
Biggers Market,"6458 Carolina Beach Road, Wilmington, NC, 28412",https://www.instagram.com/direct/t/17843066555136858/,Independent Grocery,Wilmington,1,NC,28412,,spice_walla,,,,,,
Biltmore Co.,"1 Lodge St., Asheville, NC, 28803",https://www.instagram.com/direct/t/116088349780648/,Independent Grocery,Asheville,1,NC,28803,,spice_walla,,,,,,
Bishop Orchards,"Little Red BarN, 1355 Boston Post Road, Guilford, CT 06437, United States of America",https://www.instagram.com/direct/t/114243393300111/,Independent Grocery,Guilford,3,CT,6437,,loisa; one_trick_pony; rishi_tea; unreal_snacks,,,,(203) 453-2338,,
Blackbelly,"Blackbelly Market, 1606 Conestoga Street, Boulder, CO 80301, United States of America",https://www.instagram.com/direct/t/107510460646220/,Independent Grocery,Boulder,1,CO,80301,,graza,,,,,,
Blackwater,"705 Higuera Street, San Luis Obispo, CA 93401, United States of America",https://www.instagram.com/direct/t/118695512851723/,Independent Grocery,San Luis Obispo,2,CA,93401,,graza; zabs_hot_sauce,,,,,,
Blanche & Mimi,"Blanche + Mimi, 195 Commercial Street, Portland, ME 04101, United States of America",https://www.instagram.com/blancheandmimi/?hl=en,Independent Grocery,Portland,1,ME,4101,,diaspora_co; fish_wife,,,,,,
Bliss,"355 West 19th Street, Houston, TX 77008, USA",https://instagram.com/blissdrugsnyc/,Health/Supplement Store,,13,TX,77008,,alice_mushrooms; bon_bon_swedish_candy; spice_walla; brightland; fish_wife; floura; fly_by_jing; narra; unreal_snacks,Surgical Supplies; Medical Supplies; Diabetic Shoes; Orthopedic Shoes; Vitamins; Flu Shots; Pneumonia Vaccines; Vision Tests; Notary Services; Special Orders; Sympathy Flowers; Wedding Flowers; Birthday Flowers; Easter Flowers; Anniversary Flowers; Get Well Flowers; Graduation Flowers; New Baby Flowers; Prom Flowers; Gift Baskets,surgical; medical; wellness; notary; vaccines; custom; luxury; seasonal; artistry,,,https://www.facebook.com/pg/Bliss-Drugs-Pharmacy-723252638091944/about/?ref=page_internal,
Blossom Grocery,"Naomi's Gas and Grocery, 11196 State Route 525, Langley, WA 98239, United States of America",https://www.instagram.com/direct/t/17843740733972252/,Supermarket,Lopez Island,4,WA,98239,,chomps; unreal_snacks; coconut_cult; masa_chips; rishi_tea; smash_foods,,,,(360)468-2204,,
Blue Door Gatherings,"400 Dwight Street, Holyoke, MA 01040, United States of America",https://www.instagram.com/direct/t/102286004507081/,Independent Grocery,Holyoke,1,MA,1040,,brightland,,,,,,
Blue Water,"On the Alley, 117 Harbor Way, Santa Barbara, CA 93109, United States of America",https://instagram.com/on_the_alley,Independent Grocery,Santa Barbara,3,CA,93109,,fish_wife; rishi_tea; spice_walla,Tacos; Burgers; Salads; Breakfast; Soups; Fish & Chips; Smoothies; Breakfast Bowls; Takeout; Online Ordering,local; casual; fresh; wallet-friendly,,,https://facebook.com/onthealley,
Blush,"131 South Water Street, Liberty, MO 64068, United States of America",https://www.instagram.com/direct/t/17842597742346755/,Independent Grocery,Liberty,3,MO,64068,,graza; masa_chips; stellar_snacks,,,,,,
Board143,"776 Country Way, Scituate, MA 02066-1713, USA",https://www.instagram.com/direct/t/120413272679913/,Wine/Beer/Liquor,,2,MA,02066-1713,,alice_mushrooms; fish_wife; graza,Wine; Craft Beer; Local Cheese; Gourmet Food; Gift Cards; Charcuterie Boards; Events; Thanksgiving; Easter; Mother's Day; Ferry; Subway; Bus; User Guides; Accessibility; Service Alerts; Paratransit; Commuter Rail; Parking; Bikes,local; gourmet; curated; community-driven; sustainable; public transport; accessible,,,,
Boards & Beez,"5057 Wooster Pike, Cincinnati, OH 45226, United States of America",https://www.instagram.com/boardsandbeez/,Independent Grocery,Cincinnati,2,OH,45227,,brightland; masa_chips; stellar_snacks,Apparel; Accessories; Sponsorships; Hats; Gift Certificates; Picnic Areas; Indoor Facilities; Volunteer Opportunities; Golf Gear; Books; Posters; Park Passes; Golf Courses; Programs; Charley Harper Collection; Recreation; Events; Athletic Fields; Holiday Gift Packages; Drinkware; Campgrounds; Board Games; Sandwiches; Salads; Comfort Food; Cocktails; Coffee; Tea; Gift Cards; Private Events; Unlimited Play,conservation; community-focused; sustainable; local; wildlife conservation; outdoor recreation; artisanal; curated,,(513) 914-5004,https://www.facebook.com/boardsandbrewsnh,
Bodega Boise,"Bodega, 1180 Central Avenue, Saint Petersburg, FL 33701, United States of America",https://www.instagram.com/direct/t/115052583214347/,Independent Grocery,,1,FL,33701,,narra,,,,,,
Bodega Los Alamos,"Bodega Los Alamos, 273 Bell Street, Los Alamos, CA 93440, United States of America",https://www.instagram.com/direct/t/102063631194627/,Independent Grocery,Los Alamos,1,CA,93440,,graza,,,,,,
Bogarts Doughnut Co.,"Bogart's Doughnut Co., 904 West 36th Street, Minneapolis, MN 55408, United States of America",https://www.instagram.com/bogartsdoughnuts/,Bakery,,1,MN,55408,,graza,Doughnuts; Delivery; Catering; Merchandise,kosher; local; artisanal,,,https://www.facebook.com/bogartsdoughnutco,https://twitter.com/bogartsdoughnut
Boise Co-Op,"2350 North Eagle Road, Meridian, ID 83646, United States of America",https://www.instagram.com/direct/t/110607167003254/,Co-op,Meridian,2,ID,83646,,a_dozen_cousins; rishi_tea; chomps; unreal_snacks,,,,,,
Boketto Wellness,"106 North Vine Street, Richmond, VA 23220, United States of America",https://www.instagram.com/direct/t/107441957311942/,Independent Grocery,Richmond,1,VA,23220,,brightland; graza,,,,(804) 354-6707,,
Book,"2945 College Ave., Berkeley, CA, 94611",https://www.instagram.com/booksocietysocial,Boutique Grocer,Berkeley,4,CA,94611,,bjorn_qorn; diaspora_co; rishi_tea; unreal_snacks,Beverages; Coffee; Tea; Merchandise; Gift Cards,artisanal; curated; local; sustainable,,,https://www.facebook.com/booksocietysocial,
Boombalattis,"Boombalatti's Homemade Ice Cream, 1127 Military Cutoff Road, Wilmington, NC 28405, United States of America",https://www.instagram.com/boombalattis/,Boutique Grocer,,1,NC,28405,,graza,Shop; Gift Cards; Ice Cream; Special Events; Birthday Cakes; Flavors; Cakes; Pints; Seasonal Cakes; Catering; Merchandise,gourmet; local; artisanal; small-batch,,,https://www.facebook.com/boombalattis,https://twitter.com/boombalattis
Boomtown Creamery,"Boomtown Creamery, 110 East Main Street, New Albany, IN 47150, United States of America",https://www.instagram.com/direct/t/17847187790668238/,Independent Grocery,,1,IN,47150,,graza,,,,,,
Boone Street Market,"101 Boone St., Jonesborough, TN, 37659",https://www.instagram.com/direct/t/102936341106748/,Independent Grocery,Jonesborough,1,TN,37659,,spice_walla,,,,,,
Bosch Kitchen Center,"8940 700 East, Sandy, UT 84070, United States of America",https://www.instagram.com/direct/t/101746681229670/,Independent Grocery,Sandy,2,UT,84070,,brightland; fish_wife; spice_walla,,,,,,
Boston General,"626 High Street, Dedham, MA, 02026",https://www.instagram.com/bostongeneralstore/,Gift/Specialty Shop,Dedham,4,MA,2026,,bjorn_qorn; diaspora_co; graza,Bath; Kitchen; Home; Office; Apparel & Accessories; Greeting Cards; Gift Boxes; Holiday Gifts; Pet Products; Beauty,fair trade; low waste; USA manufactured; women owned; vegan; slow living,,,https://www.facebook.com/bostongeneralstore,
Botanist And Barrel,"Over Easy Cafe, 32 Broadway Street, Asheville, NC 28802, United States of America",https://www.instagram.com/direct/t/109279260460621/,Independent Grocery,Asheville,3,NC,28801,,fish_wife; spice_walla,,,,,,
Botiwalla Pcm,"675 Ponce De Leon Avenue Northeast, Atlanta, GA, 30308",https://www.instagram.com/direct/t/119584312761620/,Independent Grocery,Atlanta,1,GA,30308,,spice_walla,,,,,,
Bow Street,"Bow Street Beverage, 495 Forest Avenue, Portland, ME 04101, United States of America",https://www.instagram.com/bowstreetbeverage/,Wine/Beer/Liquor,,2,ME,4101,,blobs; loisa,Beer; Wine; Spirits; Mixers and Bitters; Non-Alcoholic; Hemp Based THC/CBD; Bakery; Butcher; Deli; Grocery & Specialty; Produce; Seafood; Wine & Spirits,local; organic; kosher; value driven; special occasion; fresh; sustainable; farm-to-table,,,https://www.facebook.com/BowBeverage/,
Box + Wood Gift Company,"Montaluce Winery & Restaurant, 50 Hightower Church Road, Dahlonega, GA 30533, United States of America",https://www.instagram.com/montalucewinery/,Restaurant/Eatery,Dahlonega,2,GA,30533,,brightland,Wines; Dining; Events; Gift Cards; Villa Rentals; Wine Tastings; Italian Cuisine; Farm-to-Table; Catering; Private Events,farm-to-table; artisanal; local; sustainable; gourmet,,(706) 389-8296,https://www.facebook.com/Montaluce/,https://twitter.com/MontaluceWinery
Bradleys,"141 N. Peters RD., Knoxville, TN, 37923",https://www.instagram.com/direct/t/114085823316879/,Independent Grocery,Knoxville,1,TN,37923,,spice_walla,,,,,,
Brattleboro Food Co,"Brattleboro Food Co-Op, 2 Main Street, Brattleboro, VT 05301, United States of America",https://www.instagram.com/brattleborofoodcoop,Co-op,Brattleboro,2,VT,5301,,a_dozen_cousins; rishi_tea; chomps; unreal_snacks,,,,,,
Bread Alone,"22 Mill Hill Rd, Woodstock, NY, 12498",https://www.instagram.com/direct/t/119187226134980/,Bakery,Woodstock,5,NY,12498,,bjorn_qorn; brightland,Breads; Cafe foods; Pizza; Pastries; Grocery,sourdough; organic; plant-based; local; sustainable; artisanal; plant-forward,,,,
Bread And Roses Market,"6360 SE Foster Rd., Portland, OR, 97206",https://www.instagram.com/breadandrosesmarket/,Bakery,Portland,3,OR,97206,,bjorn_qorn; rishi_tea; blobs; stellar_snacks; freestyle_snacking,Drinks; Specialty Cakes; Pies; Bakery; Wedding Cakes; Coffee; Catering,natural; local; organic; artisanal; small-batch,,,https://www.facebook.com/pages/Bread-and-Roses-Market/513573605677260,
Bread Garden Market,"Bread Garden Market, 225 South Linn Street, Iowa City, IA 52240, United States of America",https://instagram.com/breadgardenmarket,Bakery,Iowa City,2,IA,52240,,a_dozen_cousins; rishi_tea; brightland; zabs_hot_sauce,Deli; Gift Shop; Wine; Coffee; Daily Eats; Bakery; Prepared Foods; Events; Catering; Grocery; Beer,artisanal; prepared foods; gourmet; curated; local; sustainable,,,https://facebook.com/breadgardenmarket,https://twitter.com/breadgardenmarket
Bread Shop,"Temple + Tribe, 1703 Lena Street, Santa Fe, NM 87505, United States of America",https://www.instagram.com/bread.shop.sf/,Bakery,Santa Fe,2,NM,87505,,diaspora_co; fish_wife; fly_by_jing,Breads; Pastries; Pizzas,artisanal; local; fresh,,,https://www.facebook.com/Thebreadshop411,
Brennans Market,"8210 Watts Road, Madison, WI 53719, United States of America",https://instagram.com/brennansmarket,Boutique Grocer,Madison,3,WI,53719,,brightland; zabs_hot_sauce; fly_by_jing; narra,Cheese; Mustard; Pancake & Baking Mixes; Fruit Butters; Fruit Preserves; Spreadable Fruit; Produce; Coffee; Sausage; Relish and Salsa,gourmet; farm-to-table; local; artisanal,,,https://facebook.com/brennansmarket,https://twitter.com/brennansmarket
Briarpatch Food Co-Op,"Briar Patch Food Co-Op, 290 Sierra College Drive, Grass Valley, CA 95945, United States of America",https://www.instagram.com/briarpatchcoop/,Co-op,Grass Valley,3,CA,95945,,masa_chips; unreal_snacks; rishi_tea,"Natural Supplements; Honey; Deli; Fresh Grab-&-Go; Grains; Fresh Produce; Specialty Items; Regeneratively Raised Meats; Produce; Organic & Sustainable; World Foods; Bulk Nuts; Local Fruits & Veggies; World Foods & Specialty Items; Bulk Nuts, Grains & Honey; Fresh Grab-&-Go Deli",prepared foods; organic; fair trade; sustainable; local,,,https://www.facebook.com/BriarPatchCoOp,
Brick Street Farms,"199 20th Street South, Saint Petersburg, FL 33712, United States of America",https://www.instagram.com/brickstreetfarms,Independent Grocery,St. Petersburg,3,FL,33712,,fish_wife; loisa; spice_walla; whims,,,,,,
Bright & Day,"312 W 1st St., Cle Elum, WA, 98922",https://www.instagram.com/brightandday,Boutique Grocer,Cle Elum,4,WA,98922,,bjorn_qorn; brightland; joon; fish_wife; graza; whims,Holiday Decor; Holiday Gifts; Kitchen & Dining; Candles & Scents; Clothing Accessories; Jewelry; Books; Cards & Stationary; Plants; Self & Body; Clothing; Accessories,curated; artisanal; holiday-themed; holiday; gifts,,,https://facebook.com/brightandday,
Brighter Day Natural,"Brighter Days Natural Foods, 1102 Bull Street, Savannah, GA 31401, United States of America",https://www.instagram.com/brighterdaynaturalfoods/,Natural/Organic Market,SAVANNAH,2,GA,31401,Zuva,a_dozen_cousins; rishi_tea; chikka_chikka; unreal_snacks,Deli; Gourmet Foods; Organic Produce; Organic Products; Vitamins; Health Foods; Natural Remedies; Gifts; Supplements; Prepared Foods; Herbs; DIY Products; Recipes; Sustainable Products; Digestive Aids; Essential Oils; Wellness Tools,prepared foods; organic; natural remedies; sustainable; local; plant-based,,,https://www.facebook.com/BrighterDayFoodsSavannah/,
Briks Pizzeria,"403 Riverbend Boulevard, Mahomet, IL 61853, United States of America",https://www.instagram.com/direct/t/17844513138047045/,Restaurant/Eatery,Mahomet,2,IL,61853,,brightland; narra,Pizza; Gift Cards; Lunch Specials,artisanal; local; gourmet,,,https://www.facebook.com/briks.pizzeria,
Brooklyn Artery,"Brooklyn Artery, 1004 Cortelyou Road, New York, NY 11218, United States of America",https://www.instagram.com/thebrooklynartery,Boutique Grocer,Brooklyn,2,NY,11218-5302,,fish_wife; graza,,local; artisanal; curated,,,https://www.facebook.com/brooklynartery,
Broome St. General,"2912 Rowena Avenue, Los Angeles, CA 90039, USA",https://www.instagram.com/broomestgeneral/,Gift/Specialty Shop,,7,CA,90039,,alice_mushrooms; bjorn_qorn; brightland; fish_wife; floura; shuug; fly_by_jing; rishi_tea,Gifts for Her; Gifts for Him; Gifts for Children; Gifts for Baby; Home Fragrance; Kitchenware; Wellness Products; Jewelry; Coffee & Tea; Decor; Gifts for the Tween; Books,curated; sustainable; artisanal; local; emerging brands,,,https://www.facebook.com/RoyalHwnCtr/,
Bubba Olearys General,"385 Main St., Chimney Rock, NC, 28720",https://www.instagram.com/direct/t/109262340472565/,Gift/Specialty Shop,Chimney Rock,1,NC,28720,,spice_walla,,,,,,
Buies Market,"749 Avalon Road North, Winston-Salem, NC 27104, United States of America",https://www.instagram.com/direct/t/105054414227311/,Independent Grocery,Winston-Salem,2,NC,27104,,freestyle_snacking; spice_walla,,,,,,
Bumbelou + Hazelkin,"415 North Riverfront Drive, Mankato, MN 56001, United States of America",https://www.instagram.com/direct/t/111712043561201/,Independent Grocery,Mankato,1,MN,56001,,graza,,,,,,
Bungalow Furniture & Accessories,"15330 N Hayden Rd, Ste 120, Scottsdale, AZ 85260, USA",https://www.instagram.com/direct/t/116427463082965/,Retail/Department Store,,3,AZ,15330,,alice_mushrooms; fly_by_jing; graza; zabs_hot_sauce,Beds & Headboards; Bar; Lighting; Tables; Seating; Storage & Shelving; Art & Decor; Desks; Custom Upholstery; Home Accessories,curated; artisanal; custom upholstery,,,,
Burbage Meats,"1033 Wappoo Rd, Charleston, SC, 29407",https://www.instagram.com/direct/t/107541060646226/,Independent Grocery,Charleston,1,SC,29407,,spice_walla,,,,,,
Burien Press,"Burien Press, 423 Southwest 152nd Street, Burien, WA 98166, United States of America",https://instagram.com/burienpress,Wine/Beer/Liquor,Burien,1,WA,98166,,brightland; fish_wife,Beer; House-made Food; Coffee; Natural Wine,artisanal; local; specialty,http://burienpress.com,(206) 453-5412,https://Facebook.com/burienpress,
Burro Flagship,"1409 Abbot Kinney Boulevard, Los Angeles, CA 90291, United States of America",https://www.instagram.com/burrogoods/,Boutique Grocer,Venice,1,CA,90291,,brightland; zabs_hot_sauce,Party + Wrapping Supplies; Greeting Cards; Books; Home + Kitchen; Apothecary; Toys + Crafts; Art + Design; Kids; Clothes + Accessories; Jewelry,curated; sustainable; local; artisanal,,,,
Bushel & Peck,"Bushel and a Peck, 12250 Clarksville Pike, Columbia, MD 21029, United States of America",https://www.instagram.com/bushelandapeckkitchen/,Independent Grocery,St Catharines,3,MD,21029,,fly_by_jing; graza; one_trick_pony,Dinner Menu; Sunday Brunch Menu; Happy Hour; Kids Menu; Catering; Gift Cards,local; sustainable; farm-to-table,,,https://www.facebook.com/bushelandapeckkitchen/,
Bushel & Pecks,"Bushel & Peck's, 328 State Street, Beloit, WI 53511, United States of America",https://www.instagram.com/bushelandpecks/,Independent Grocery,Beloit,1,WI,53511,,fish_wife; rishi_tea,,,,,,
Busters Butcher Shop,"199 South Highland Street, Memphis, TN, 38111",https://www.instagram.com/direct/t/17847004914012026/,Butcher/Meat Shop,Memphis,1,TN,38111,,spice_walla,,,,,,
"Butchers Daughter, Inc.","2254 McGhees Mill Road, Roxboro, NC, 27574",https://www.instagram.com/direct/t/17845220786934136/,Butcher/Meat Shop,Roxboro,1,NC,27574,,spice_walla,,,,,,
Bw Kafe,"1401 Adams Street, Hoboken, NJ 07030, United States of America",https://www.instagram.com/bwekafe/,Independent Grocery,Hoboken,1,NJ,7030,,brightland,,,,,,
Calandros Supermarket,"12732 Perkins Road, St. George, LA 70810, United States of America",https://www.instagram.com/direct/t/121063565953541/,Supermarket,Baton Rouge,2,LA,70810,,graza,,,,,,
Calic Bagel,"2748 West 8th Street, Los Angeles, CA, 90005",https://www.instagram.com/direct/t/17843271518127557/,Independent Grocery,Los Angeles,1,CA,90005,,spice_walla,,,,,,
California Organics,"135 Argall Way, Nevada City, CA 95959, United States of America",https://www.instagram.com/direct/t/105417364189639/,Natural/Organic Market,Nevada City,2,CA,95959,Zuva,masa_chips; rishi_tea; unreal_snacks,Seafood; Specialty Foods; Supplements; Wraps; Dairy; Produce; Sandwiches; Body Care; Gluten-Free Foods; Meat,local; prepared foods; organic; vegan; gluten-free,,,https://www.facebook.com/CaliforniaOrganics,
Calvert Woodley Fine Wines & Spirits,"Calvert Woodley Wine & Liquor, 4339 Connecticut Avenue Northwest, Washington, DC 20015, United States of America",https://instagram.com/calvertwoodley/,Wine/Beer/Liquor,Washington,1,DC,20008,,brightland,Wines; Spirits; Beer; Cheese; Deli Items; Gift Baskets; Coffee; Champagne & Sparkling Wine; Dessert & Port; Craft Beers,gourmet; curated; premium; artisanal,,,https://facebook.com/CalvertWoodley,
Cameron Marks,"501 Swift Street, Santa Cruz, CA 95060, United States of America",https://instagram.com/cameronmarks,Independent Grocery,Santa Cruz,4,CA,95060,,brightland; zabs_hot_sauce; rooted_fare; stuzzi,Butchery; Meats; Provisions; Women's Clothing; Jewelry; Apothecary; Home Decor; Furniture; Kitchen; Gifts; Men's Clothing; Accessories; Tech Accessories,farm-to-table; artisanal; sustainable; local; curated; emerging brands,,,,
Campbells Nutrition,"Campbell's Nutrition, 4040 University Avenue, Des Moines, IA 50310, United States of America",https://www.instagram.com/campbellsnutrition/?hl=en,Health/Supplement Store,Des Moines,2,IA,50311,Zuva,a_dozen_cousins; rishi_tea; graza,Non-Toxic Home Goods; Clean Body Care; Café Items; Nutritional Books; Health Foods; Local Products; Nutritional Supplements; Wellness Products; Plant-Based Products; Vegan Products; Organic Whole Foods; Café Beverages,clean; organic; local; sustainable; plant-based; vegan; wellness,,,https://www.facebook.com/CampbellsNutrition,
Cannatas,"AMC Houma Palace 10, 5737 West Park Avenue, Houma, LA 70364, United States of America",https://www.instagram.com/amctheatres,Convenience Store,Houma,1,LA,70364,Zuva,a_dozen_cousins,Food & Drinks; Snacks; Beverages; Alcohol; Mobile Ordering; Special Engagements; Gift Cards; Movie Merchandise; Concessions; Theatre Rentals,sensory friendly; mobile ordering; discounts; premium spirits; convenience,,,https://www.facebook.com/amctheatres,https://x.com/amctheatres
Cape,"Cape Fish & Lobster Co., 626 West Main Street, Hyannis, MA 02601, United States of America",https://www.instagram.com/direct/t/109974493955095/,Independent Grocery,,4,MA,2601,,cauli_puffs; fish_wife; graza; stellar_snacks,,,,,,
Capitol,"225 26TH ST. SUITE 38A, SANTA MONICA, CA 90402, USA",https://www.instagram.com/capitolcentremarket,Independent Grocery,,5,CA,90402,,alice_mushrooms; graza; rishi_tea; one_trick_pony; unreal_snacks,Extra Value Meals; Breakfast; Burgers; Chicken & Fish Sandwiches; McNuggets & McCrispy Strips; Snack Wraps; Fries & Sides; Happy Meal; Sweets & Treats; Coffees; Coffee; Beer; Drinks; Food; Merchandise,local; artisanal; sustainable,,,https://www.facebook.com/CapCentreMarket/,https://twitter.com/CapCentrMarket
Cardullos Brattle Gourmet Shop,"Cardullo's Gourmet Shoppe, 6 Brattle Street, Cambridge, MA 02138, United States of America",https://www.instagram.com/cardullosshoppe/?hl=en,Boutique Grocer,CAMBRIDGE,1,MA,2138,,rishi_tea,Fine Wine; Grocery; Bitters; Cookies; Crackers; Snacks; Jams & Honey; Olive Oil & Balsamic; Tinned Fish; Pasta & Sauces,gourmet; artisanal; curated; local,,,https://www.facebook.com/Cardullos/,
Carmines,"Carmine’s, 2401 PGA Boulevard, Palm Beach Gardens, FL 33410, United States of America",https://www.instagram.com/carmineslatrattoria/,Independent Grocery,Palm Beach Gardens,1,FL,33410,,brightland; graza,Steaks; Happy Hour; Kid's Menu; Italian Cuisine; Dinner; Wine; Lunch; Private Dining; Chef's Specials; Brunch,gourmet; family-friendly; authentic; private dining; Italian,,(561) 775-0186,https://www.facebook.com/carmineslatrattoria/,
Carolina Butcher Shop,"1501 N Raleigh St, Angier, NC, 27501",https://www.instagram.com/direct/t/100304558036415/,Butcher/Meat Shop,Angier,1,NC,27501,,spice_walla,,,,,,
Carolyn Batcheller,"3451 Fairmount Boulevard, Cleveland Heights, OH 44118, United States of America",https://www.instagram.com/direct/t/114473869946741/,Independent Grocery,Cleveland Heights,1,OH,44118-4265,,spice_walla,,,,,,
Carver,"1060 East 47th Street, Chicago, IL, 60653",https://www.instagram.com/direct/t/112187283514411/,Independent Grocery,Chicago,1,IL,60653,,spice_walla,,,,,,
Casa,"Casa de Fruta Fruit Stand, 9810 Pacheco Pass Highway, Hollister, CA 95023, United States of America",https://www.instagram.com/casadefruta/,Independent Grocery,Hollister,5,CA,95023,,behave; brightland; shuug; whims; zabs_hot_sauce,,,,,,
Casels Marketplace,"Casel's Marketplace, 8008 Ventnor Avenue, Margate City, NJ 08402, United States of America",https://www.instagram.com/direct/t/116455513074524/,Independent Grocery,Margate City,2,NJ,8402,,freestyle_snacking; graza; rishi_tea,,,,,https://www.facebook.com/lucytheelephant,https://twitter.com/lucyelephant
Cashiers Farmers Market,"78 Us 64 East, Cashiers, NC 28717, United States of America",https://www.instagram.com/direct/t/106354397432774/,Farmers Market,Cashiers,2,NC,28717,,freestyle_snacking; spice_walla,,,,,,
Cassidys Fish Market,"1801 Bayview Avenue, Barnegat Light, NJ 08006, United States of America",https://www.instagram.com/direct/t/114084596644186/,Independent Grocery,Barnegat Light,1,NJ,8006,,fish_wife; graza,,,,,,
Cataumet Fish,"1360 Route 28a, Cataumet, MA 02534, United States of America",https://www.instagram.com/cataumetfish/,Independent Grocery,Cataumet,3,MA,2534,,fish_wife; graza; shuug,Seafood; Specialty Foods; Catering; Prepared Foods; Oysters; Provisions; Recipes; Events; Local Products; Sustainable Seafood,local; sustainable; small-batch; responsibly harvested; premium quality; farm-to-table,,,https://www.facebook.com/Cataumet-Fish-108699658531856,
Catherines Market,"Catherine's Market, 17 Russell Farms Road, Alexander City, AL 35010, United States of America",https://www.instagram.com/catherinesmarket/,Supermarket,,2,AL,35010,,coconut_cult; whims; spice_walla,Seafood; Wine & Beer; Wine; Coffee; Desserts; Beer; Bakery; Produce; Prepared Foods; Cheeses; Meats; Grocery,artisanal; prepared foods; gourmet; local; international,,,https://www.facebook.com/CatherinesMarket,
Cats Meow,"335 South Main Street, Willits, CA 95490, United States of America",https://www.instagram.com/catsmeowvillage,Independent Grocery,Willits,2,CA,95490,,brightland; stellar_snacks,Create Your Own; Wholesale; Best Sellers; US Travel By State; International Landmarks; Halloween Collections; Historic Product Catalogs; Personalize Me!; Destinations; America250 Collection,custom-crafted; artisanal; personalized; keepsakes,http://catsmeow.com,(707) 459-6201,https://www.facebook.com/TheCatsMeowVillage,
Cedar Creek Apothecary,"N70W 6340 Bridge Road, Cedarburg, WI 53012, United States of America",https://www.instagram.com/direct/t/17842286435682830/,Health/Supplement Store,Cedarburg,1,WI,53012,,spice_walla,,,,,,
Cellar,"7213 Delmar Boulevard, University City, MO 63130, United States of America",https://www.instagram.com/winslowstable/,Independent Grocery,St. Louis,4,MO,63130,,diaspora_co; shuug; fish_wife,,,,,,
Cena Luna,"656 Regent S Street, Stockton, CA 95204, United States of America",https://www.instagram.com/direct/t/106329134189962/,Independent Grocery,Stockton,2,CA,95204-4326,,brightland; zabs_hot_sauce; graza,,,,(209) 481-3883,,
Center,"1727 West Grand Avenue, Chicago, IL 60622, United States of America",https://www.instagram.com/direct/t/102082241192017/,Independent Grocery,Chicago,6,IL,60622,,droosh; zabs_hot_sauce; fish_wife; freestyle_snacking; realsy; spice_walla; stellar_snacks,,,,,,
Central Co-Op,"Central Co-op, 1600 East Madison Street, Seattle, WA 98122, United States of America",http://instagram.com/central_coop,Co-op,Seattle,4,WA,98122,,chomps; unreal_snacks; coconut_cult; rishi_tea,"Deli & Catering; Bulk Foods; Beer, Wine & Spirits; Produce; Dairy & Cheese; Meat & Seafood; Wellness; Grocery",sustainable; local; artisanal; organic; community-focused; educational; resource-rich,,(206)329-1545,http://Facebook.com/CentralCoopSeattle,
Chai Pani Asheville,"Catawba Brewing Company, 32 Banks Avenue, Asheville, NC 28801, United States of America",https://www.instagram.com/direct/t/115096386547226/,Independent Grocery,Asheville,3,NC,28801,,chikka_chikka; spice_walla,,,https://chaipani.com/asheville,,,
Chaloandco,"Panda Express, 865 Market Street, San Francisco, CA 94103, United States of America",https://www.instagram.com/chaloandco/,Independent Grocery,South San Francisco,1,CA,94103,,brightland,Bags & Pouches; Clothing & Accessories; Home & Décor; T-Shirts; Kids T-Shirts; Stickers; Luggage Tags; Porcelain Mugs; Porcelain Trays; Art Prints,local; artisanal; sustainable,http://chaloandco.com,425) 647-7282,,
Chance In Hell Snoballs,"Chance Bar, 4301 Fairfield Avenue, Fort Wayne, IN 46807, United States of America",https://www.instagram.com/direct/t/17843333813150367/,Restaurant/Eatery,,1,IN,46807,,graza,Handmade Pasta; Fresh Seafood; Specialty Desserts; Burgers; Catering; Private Events; Food Truck,local; artisanal; gourmet; prepared foods; farm-to-table,,,,
Chaps Ice Cream,"Chaps Ice Cream, 223 East Main Street, Charlottesville, VA 22902, United States of America",https://www.instagram.com/chapsicecream/,Boutique Grocer,,1,VA,22902,,graza,Ice Cream; Ice Cream Cakes; Gift Cards,artisanal; local; small-batch,,,,
Charlie Boutique,"1006 Bridge Road, Charleston, WV 25314, United States of America",https://www.instagram.com/direct/t/120610732661727/,Gift/Specialty Shop,Charleston,1,WV,25314,,graza,,,,,,
Cheese And Wine Traders,"1186 Williston Road, South Burlington, VT 04503, United States of America",https://www.instagram.com/direct/t/17845969014276803,Wine/Beer/Liquor,South Burlington,1,VT,5403,,fish_wife; graza,,,,,,
Cheese Cave,"325 North Yale Avenue, Claremont, CA 91711, United States of America",https://www.instagram.com/claremontcheese//,Independent Grocery,Claremont,2,CA,91711,,diaspora_co; zabs_hot_sauce; stellar_snacks,,,,,,
Cherry Picker Package X Fare,1647 East Walnut Street,https://www.instagram.com/direct/t/107965210602885/,Independent Grocery,Springfield,2,MO,,,fly_by_jing; graza,,,,,,
Choice Market,"939 Bannock Street, Denver, CO 80204, United States of America",https://www.instagram.com/direct/t/112315723492199/,Independent Grocery,Denver,5,CO,80204,,behave; blobs; coconut_cult; graza,Sandwiches; Soups & Salads; Sides; Sweet Treats; Beverages; Kids Meals,legendary; slow-roasted; natural-cut; frozen custard,https://www.choicemarket.co/locations,(720) 479-8032,https://www.facebook.com/lionschoice,
Chop Shop,"100 Charlotte St., Asheville, NC, 28801",https://www.instagram.com/direct/t/112840953441201/,Independent Grocery,Asheville,2,NC,28801,,spice_walla; zabs_hot_sauce,,,,,,
Chou Chou,"412 Rowayton Avenue, Norwalk, CT 06854, United States of America",https://www.instagram.com/chouchouct/,Independent Grocery,Norwalk,1,CT,6853,,brightland,,,,,,
Chus Meat Market,"Dish it Out, 339 Central Avenue, Village of Lawrence, NY 11559, United States of America",https://www.instagram.com/direct/t/17844210779668205/,Butcher/Meat Shop,Lawrence,1,NY,11559,,graza; masa_chips,,,,,,
Cin Cin Goods,"918 Terrace Drive, San Juan County, WA 98250, United States of America",https://www.instagram.com/direct/t/17844559526584050/,Independent Grocery,Friday Harbor,2,WA,98250,,graza; zabs_hot_sauce; rooted_fare,,,,,,
Circle Yoga Cooperative,"3838 Northampton Street Northwest, Washington, DC 20015, United States of America",https://www.instagram.com/direct/t/110028293723347/,Co-op,Washington,1,DC,20015,,diaspora_co,,,,,,
City Bird,"City Bird, 460 West Canfield Street, Detroit, MI 48201, United States of America",https://www.instagram.com/direct/t/107646493965077/,Boutique Grocer,Detroit,1,MI,48201,,graza; zabs_hot_sauce,Apparel; Accessories; Fun; Kitchen & Bar; Cards; Gift Guide; Gifts; Local; Kids; Holiday; Living,artisanal; Michigan-themed; curated; local,,,,
City Grit,"City Grit, 707 Gervais Street, Columbia, SC 29201, United States of America",https://www.instagram.com/direct/t/101663701234483/,Independent Grocery,Columbia,2,SC,29201,,brightland; stellar_snacks; spice_walla,,,,(803) 828-9489,,
Claremont Craft Ales,"1420 North Claremont Boulevard, Claremont, CA 91711, United States of America",https://www.instagram.com/claremontcraftales/,Independent Grocery,Claremont,1,CA,91711,,diaspora_co,,,,,,
Clarkes Sunset Market,"10729 3rd Avenue, Stone Harbor, NJ 08247, United States of America",https://www.instagram.com/direct/t/17847867753531709/,Independent Grocery,Stone Harbor,1,NJ,8247,,graza,,,,,,
Clarks Summit Health Fd,"426 South State Street, Dover, DE 19904, United States of America",https://www.instagram.com/summitcigarnepa/,Independent Grocery,CLARKS SUMMIT,1,DE,18411,,a_dozen_cousins,,,,,,
Clean Catch Fish Market,"The UPS Store, 2820 Selwyn Avenue, Charlotte, NC 28209, United States of America",https://www.instagram.com/direct/t/105786167490606/,Independent Grocery,Charlotte,2,NC,28209,,brightland; whims; fly_by_jing,,,,(704) 333-1212,,
"Cleaver & Cork, Llc","3500 Highway 34 E., Sharpsburg, GA, 30277",https://www.instagram.com/direct/t/102726297791163/,Independent Grocery,Sharpsburg,1,GA,30277,,spice_walla,,,,,,
Clementines Homemade Ice Cream,"Clementine's Homemade Ice Cream, 250 Main Street, East Greenwich, RI 02818, United States of America",https://www.instagram.com/direct/t/108396183884131/,Independent Grocery,,1,RI,2818,,graza,,,,,,
Clutch Market And General,"Market Street Hardware & General Store, 622 East Gay Street, West Chester, PA 19380, United States of America",https://www.instagram.com/direct/t/17847727917121152/,Gift/Specialty Shop,Greenwich,2,PA,12834,,fish_wife; floura; spice_walla,,,,,,
Coastal,"101 West Shorewoods, Douglas, MI, 49406",https://www.instagram.com/direct/t/17850948711073065/?hl=en,Independent Grocery,Douglas,12,MI,49406,,brightland; diaspora_co; fish_wife; masa_chips; stellar_snacks; graza; spice_walla,Gourmet Foods; Prepared Meals; Craft Beer; Charcuterie; Snacks; Wine; International Foods; Local Products; Non-Alcoholic Beverages; Healthy Foods; Seasonal Items; Outdoor; Camping & Hiking; Grills & Cookware; Hunting; Fishing; Farm & Ranch; Men's Clothing; Women's Clothing; Lawn & Garden; Pet & Animal,farm-to-table; artisanal; prepared foods; gourmet; curated; local; small-batch; sustainable,,(616) 953-0663,https://www.facebook.com/coastalprovisions.us?mibextid=ZbWKwL,
Colby Farm Stand,"Colby Farmstand, 50 Scotland Road, Newbury, MA 01950, United States of America",https://www.instagram.com/colby_farmstand/,Farmers Market,Newbury,2,MA,1950,,graza; masa_chips; unreal_snacks,Hay; Organic Products; Hormone Free; Local Foods; Hormone Free Products; Sunflowers; Farmstand Items; Fresh Produce; Produce; Quality Feed; Farm Products; Vegetables,hormone free; farm-to-table; organic; sustainable; local,,,https://www.facebook.com/colbyfarmstand,
Cold Shoulder Gourmet,"1684 Old Towne Road, Charleston, SC 29407, United States of America",https://www.instagram.com/direct/t/17851712396730744/,Independent Grocery,Charleston,1,SC,29407,,graza,,,,,,
Commodities Stowe,"512 Mountain Rd, Stowe, VT, 05672",https://www.instagram.com/commodities_stowe/,Independent Grocery,Stowe,1,VT,5672,Zuva,bjorn_qorn; rishi_tea,Fresh Produce; Local Cheese & Dairy; Wine & Craft Beer; Grab & Go; Organic Foods; Health Foods; Snacks; Beverages; Prepared Foods; Gourmet,organic; local; fresh; sustainable; farm-to-table,,,https://www.facebook.com/commoditiesnaturalmarket,
Common Housefly,"104 West State St, Black Mountain, NC, 28711",https://www.instagram.com/direct/t/102255351176979/,Independent Grocery,Black Mountain,1,NC,28711,,spice_walla,,,,,,
Common Roots,"3409 Covington Highway, Decatur, GA, 30032",https://www.instagram.com/commonrootsbrewing,Independent Grocery,Decatur,2,GA,30032,,spice_walla; stellar_snacks,Beer; Coffee; Hard Cider; Craft Seltzer; Food; Private Events; Merchandise; Gifting; Keg Sales; Contract Brewing,local; craft; sustainable; artisanal; prepared foods,,,https://www.facebook.com/CommonRootsBrewing,
Communal,"602 South Tremont Street, Oceanside, CA 92054, United States of America",https://www.instagram.com/communalcoffee/,Independent Grocery,Oceanside,1,CA,92054,,brightland; whims,,,,(619) 376-5710,,
Companion Bakeshop,"63 Quail Drive, Santa Cruz, CA, 95060",http://instagram.com/companionbakeshop,Bakery,Santa Cruz,4,CA,95060,,bjorn_qorn; fish_wife; narra; graza; zabs_hot_sauce,Breads; Pastries; Cakes; Cookies; Merchandise; Gift Cards; Workshops; Events; Weddings; Farmers Markets,local; artisanal; sustainable; small-batch; farm-to-table,,,,
Concord Market,"Concord Market, 77 Lowell Road, Concord, MA 01742, United States of America",https://www.instagram.com/theconcordmarket,Independent Grocery,CONCORD,2,MA,1742,,rishi_tea; whims,,,,,,
Cook,"253 S. 20th Street, Philadelphia, PA, 19103",https://www.instagram.com/cookshopcapecod/,Independent Grocery,Philadelphia,1,PA,19103,,spice_walla,,,,,,
"Cook, Cork & Fork","Cork & Fork, 200 State Street, Harrisburg, PA 17101, United States of America",https://www.instagram.com/direct/t/107750610621445/,Boutique Grocer,Palatine,2,PA,17101,,fly_by_jing; spice_walla,,local; artisanal; gourmet,,,,
Cookette,"615 Griswold Street, Detroit, MI 48226, United States of America",https://www.instagram.com/direct/t/17842446176342736/?hl=en,Independent Grocery,Detroit,3,MI,48226,,brightland; spice_walla; fly_by_jing; graza,,,,,,
Copake General,"171 County Route 7A, Copake, NY 12516, United States of America",https://www.instagram.com/copakegeneral/,Gift/Specialty Shop,Copake,2,NY,12516,,diaspora_co; zabs_hot_sauce; shuug,,,,,,
Cord+Iron,"486 3rd Street, Beaver, PA 15009, United States of America",https://www.instagram.com/direct/t/102907311109816/,Independent Grocery,Beaver,1,PA,15009,,brightland; fish_wife,,,,,,
Cork Market,"70 Pond Street, Stowe, VT 05672, United States of America",https://www.instagram.com/direct/t/17842884158507973/?hl=en,Independent Grocery,Stowe,2,VT,5672,,diaspora_co; joon; fish_wife; masa_chips,,,,,,
County Market,"City Market, 222 East Market Street, Indianapolis, IN 46204, United States of America",https://www.instagram.com/drycreekvineyard/,Independent Grocery,,9,IN,46204,,blobs; unreal_snacks; chomps; freestyle_snacking; rishi_tea,,,,,,
Coutelier Nola,"8600 Oak Street, New Orleans, LA 70118, United States of America",https://www.instagram.com/direct/t/106968110705500/,Independent Grocery,New Orleans,1,LA,70118,,graza,,,,,,
Cow And Cabbage,"Magnolia Soap, 1325 East 15th Street, Tulsa, OK 74120, United States of America",https://www.instagram.com/direct/t/17842008293723895,Independent Grocery,Tulsa,1,OK,74120,,brightland; realsy,,,,,,
Cox Farms Market,"778 Fort Worth Avenue, Dallas, TX 75208, United States of America",https://www.instagram.com/direct/t/111565290240743/,Independent Grocery,Dallas,4,TX,75208,,a_dozen_cousins; chomps; unreal_snacks; rishi_tea,,,,,,
Coxsackie General,"45 Reed St, Coxsackie, NY, 12051",https://www.instagram.com/coxsackiegeneral,Gift/Specialty Shop,Coxsackie,3,NY,12051,,bjorn_qorn; fish_wife; graza; rishi_tea,,,,,https://www.facebook.com/cxegeneral/,
Cream Of The Crop,"Cream of the Crop, 2007 South Coast Highway, Oceanside, CA 92054, United States of America",https://www.instagram.com/direct/t/115261179863553/,Independent Grocery,OCEANSIDE,2,CA,92054,,rishi_tea; whims,,,,,,
Crossfit Lacey Training Day,"CrossFit, 12112 Anderson Mill Road, Austin, TX 78726, United States of America",https://www.instagram.com/cfspero/,Independent Grocery,,2,TX,78726,,narra; stellar_snacks,CrossFit Classes; Personal Training; Nutrition Coaching; Youth Programs; Gymnastics; Spero Barbell Club; Ruck and Field Fitness; On-Ramp; Drop-In; Fitness Programs,community; functional fitness; personal training; group training; nutrition coaching; customized fitness plans,,,https://www.facebook.com/CrossFitSpero/,
Crust & Crumb,"6301 Meeting Street, Louisville, KY 40059, United States of America",https://www.instagram.com/direct/t/17851958978605569/,Independent Grocery,Prospect,1,KY,40059,,brightland; fish_wife,,,,,,
Ctown Supermarkets,"330 Graham Ave., Brooklyn, NY, 11211",https://www.instagram.com/ctown.supermarkets/,Supermarket,Brooklyn,12,NY,11211,,bjorn_qorn; coconut_cult; freestyle_snacking; glonuts; loisa; rishi_tea; smash_foods,Grocery Store; Deli; Prepared Foods; Beer; Catering; Beverages; Snacks; Produce; Dairy; Frozen Foods; Bakery,local; prepared foods; sustainable,,,https://www.facebook.com/Ctown.supermarkets/,https://twitter.com/ctownmarkets?lang=en
Culinary Architecture,"Culinary Architecture, 767 Washington Boulevard, Baltimore, MD 21230, United States of America",https://www.instagram.com/culinaryarchitecture/,Independent Grocery,Baltimore,2,MD,21230,,fish_wife; zabs_hot_sauce; rishi_tea; rooted_fare,Cheese; Ice Cream; Culinary Delights; Chocolate; Salsa; Toffee; Baked Items; Home Goods; Coffee; Sauces,artisanal; local; small-batch; gourmet; international,,,,
Culture,"Five Daughters Bakery, 3820 Charlotte Avenue, Nashville, TN 37209, United States of America",https://instagram.com/fivedaughtersbakery,Boutique Grocer,Nashville,3,TN,37209,,fish_wife; spice_walla,T-Shirts; Hoodies; Hats; Totes; Drinkware; Stickers; Coffee; Gift Cards; Special Orders; Donuts,artisanal; local; small-batch,,,,
Cultured,"2570 County Q, Sister Bay, WI, 54234",https://www.instagram.com/culturedsourdough/,Independent Grocery,Sister Bay,3,WI,54234,,fish_wife; graza; one_trick_pony,,,,,,
Cut Meat And Seafood Market,"56 Edwards Village Boulevard, Edwards, CO, 81632",https://www.instagram.com/direct/t/116060863114099/,Independent Grocery,Edwards,1,CO,81632,,spice_walla,,,,,,
Cutsforths Market,"250 Market Market Street, San Andreas, CA 95249, United States of America",https://www.instagram.com/direct/t/113604886691925/,Independent Grocery,Canby,2,CA,95249,,chomps; rishi_tea; unreal_snacks,Deli; Floral; Bakery; Meat; Catering; Sushi,sustainable; local; artisanal,,(503)266-2016,https://www.facebook.com/CutsforthsMarket/,
Cynthias Choice,"1584 N. State St., Greenfield, IN, 46140",https://www.instagram.com/direct/t/110996723620444/,Independent Grocery,Greenfield,2,IN,46140,,spice_walla; stellar_snacks,,curated; guided; wellness; adventure,,,https://www.facebook.com/CynthiasSafaris,
D.D. Bullwinkels/Rockys Corner Market,"60 East Main Street, Brevard, NC 28712, United States of America",https://www.instagram.com/direct/t/118712372849933/?hl=en,Independent Grocery,Brevard,2,NC,28712,,fish_wife; spice_walla,,,,,,
D&W Fresh Market,"Pella Windows and Doors Showroom of Petoskey, MI, 1883 Little Traverse Wheelway, Petoskey, MI 49770, United States of America",https://www.instagram.com/direct/t/106591700742282/,Specialty/Gourmet Grocery,Petoskey,7,MI,49770,,chomps; rishi_tea; smash_foods,Windows; Patio Doors; Front Doors; Storm Doors; Replacement Parts; Custom Windows; Bay Windows; Sliding Doors; French Doors; Casement Windows,sustainable; custom; energy efficient; local,,(231)347-6441,,
Dada Market,"1606 West Sunset Boulevard, Los Angeles, CA 90026, United States of America",https://www.instagram.com/dadamarketechopark/,Independent Grocery,Los Angeles,1,CA,90026,,diaspora_co; one_trick_pony,,,,,,
Dagostino,"D'Agostino's Delicatessen, 1297 Massachusetts Avenue, Arlington, MA 02476, United States of America",https://www.instagram.com/taqueriaontenthnyc,Independent Grocery,Arlington,5,MA,2174,,graza; neuro_gum; rishi_tea,Catering; Drinks; Happy Hour Specials; Parties; Events,authentic; upscale; elevated; artful; curated,,,https://www.facebook.com/100088658175920,
Dahlia,115 E 2nd St,https://www.instagram.com/direct/t/111022926962794/,Independent Grocery,Cloverdale,4,CA,,,chomps; unreal_snacks; rishi_tea; spice_walla; stellar_snacks,,,,(707)669-2320,,
Daily Groceries Co,"Daily Groceries Co-Op, 1190 Prince Avenue, Athens, GA 30601, United States of America",https://www.instagram.com/dailycoop/,Co-op,Athens,3,GA,30601,,freestyle_snacking; rishi_tea; graza; loisa,,community driven; sustainable; local,,,http://www.facebook.com/dailygroceries,
Daisys,"1347 Park Street, Alameda, CA, 94501",https://www.instagram.com/direct/t/106803217383469/?hl=en,Independent Grocery,Alameda,1,CA,94501,,spice_walla,,,,,,
Dandy Lions Gifts,"300 East Church, Maryville, TN, 37804",https://www.instagram.com/direct/t/107377143992068/?hl=en,Independent Grocery,Maryville,1,TN,37804,,spice_walla,,,,,,
Dare Bottleshop & Provisions,"The Bookstore, 11 Housatonic Street, Lenox, MA 01240, United States of America",https://www.instagram.com/thebookstorelenox/,Deli/Prepared Foods,Lenox,1,MA,1240,,freestyle_snacking; graza,,curated; local; artisanal,,,https://www.facebook.com/The-Bookstore-370659458528,
Darnell Farms,"2300 Governors Island Road, Bryson City, NC, 28713",https://www.instagram.com/direct/t/113128370078872/?hl=en,Independent Grocery,Bryson City,1,NC,28713,,spice_walla,,,,,,
Daves Health & Nutrition,"880 East 100 South, Salt Lake City, UT 84102, United States of America",https://www.instagram.com/direct/t/102313657835082/,Health/Supplement Store,SALT LAKE CITY,1,UT,84107,,rishi_tea,,,,,,
Daves Marketplace,"Tavern in The Square, 1000 Division Street, East Greenwich, RI 02818, United States of America",https://www.instagram.com/direct/t/102621694471916/,Independent Grocery,East Greenwich,8,RI,2816,,graza; loisa; rishi_tea,"Coffee; Food; Bar Menu; Seasonal Cocktails; Grocery; Home; Baby; Electronics; Toys; Beauty; Clothing, Shoes & Accessories; Household Essentials; Beverages; Snacks",artisanal; local; gourmet; sustainable; prepared foods,,,https://www.facebook.com/mainstreetri,
Davis Iga,"Davis Iga, Kent Green Boulevard, Kent, CT 06757, United States of America",https://www.instagram.com/direct/t/111022926962794/,Supermarket,KENT,1,CT,6757,,rishi_tea,,,,,,
Davolls General,"Davoll's General Store, 1228 Russells Mills Road, Dartmouth, MA 02748, United States of America",https://www.instagram.com/davollsgeneralstore/,Gift/Specialty Shop,Dartmouth,1,MA,2748,,graza; rishi_tea,Grocery; Market; Gifts; Bookstore; Cafe; Pub,local; artisanal; sustainable,,,http://facebook.com/DavollsGeneralStore,
Daylily Deli,"Daylily, 3751 Eastern Avenue, Cincinnati, OH 45226, United States of America",http://instagram.com/daylilydeli,Deli/Prepared Foods,Cincinnati,1,OH,45226,,loisa,Deli; Beverages; Grocery; Sandwiches; Prepared Foods; Wine; Catering; Specials; Local Favorites; Take and Bake Meals,local; artisanal; prepared foods; gourmet,,,https://www.facebook.com/DaylilyDeli,
Deans Mediterranean Imports,"Dean’s Mediteranean Imports, 108 West Elder Street, Cincinnati, OH 45210, United States of America",https://www.instagram.com/direct/t/106902204042938/,Independent Grocery,Cincinnati,1,OH,45202,,brightland; rishi_tea,,,,(513) 241-8222,,
Decent Bagel,"Moe's Bagel, 3267 28th Street, Boulder, CO 80304, United States of America",https://www.instagram.com/direct/t/17849299391614674/,Independent Grocery,Boulder,3,CO,80304,,fly_by_jing; graza; masa_chips,,,,,,
Decicco Family Markets,"3651 Lee Road, Yorktown, NY 10535, United States of America",https://www.instagram.com/direct/t/17845537328765374/?hl=en,Independent Grocery,Jefferson Valley,2,NY,10535,,evies_snacks; whims; rishi_tea,,,,,,
Deco Raleigh,"207 South Salisbury St, Raleigh, NC, 27601",https://www.instagram.com/direct/t/114026566654889/?hl=en,Independent Grocery,Raleigh,1,NC,27601,,spice_walla,,,,,,
Dedalus Wine,"Boxcar Coffee Roasters, 1825 Pearl Street, Boulder, CO 80302, United States of America",https://www.instagram.com/boxcarcoffeeroasters/?hl=en,Wine/Beer/Liquor,Boulder,4,CO,80304,,fish_wife; graza,Coffee; Subscriptions; Brewing Equipment; Merchandise; Wholesale,sustainable; artisanal; small-batch,,,https://www.facebook.com/boxcarcoffee,
Dehoffs Key Market,"405 Upton Street, Redwood City, CA 94062, United States of America",https://www.instagram.com/direct/t/113683236690770/,Independent Grocery,Redwood City,1,CA,9461,,loisa,,,,,,
Deland Natural Market,"1630 Deland Avenue, Orange City, FL 32763, United States of America",https://www.instagram.com/direct/t/113522716710135/,Independent Grocery,DeLand,2,FL,32763,,chomps; unreal_snacks; rishi_tea,,,,(386)736-7919,,
Delucas Market,"DeLuca's Market, 20 Charles Street, Boston, MA 02114, United States of America",https://www.instagram.com/delucasmarket,Boutique Grocer,,4,MA,2114,,blobs; whims; fish_wife; realsy; freestyle_snacking; smash_foods; rishi_tea,Deli Sandwiches; Breakfast Options; Healthy Bowls; Salads; Soups; Grab-n-Go; Gourmet Products; Grocery Staples; Wines; Spirits,gourmet; curated; international,http://www.delucasmarket.com,,https://www.facebook.com/delucasmarket,
Depalo & Sons,"2665 Shell Beach Road, Pismo Beach, CA 93449, United States of America",https://www.instagram.com/direct/t/117022746356782/,Independent Grocery,Pismo Beach,1,CA,93449,,graza,,,,,,
Desert,"222 Granado Street, Tularosa, NM 88352, United States of America",https://www.instagram.com/direct/t/17843262102266828/,Independent Grocery,Tularosa,5,NM,88352,,fish_wife; masa_chips; spice_walla; stellar_snacks,,,,,,
Desi Galli,"172 Avenue B, New York, NY 10009, United States of America",https://www.instagram.com/desigalli/,Independent Grocery,New York,1,NY,10009,,doosra,,,,,,
Detroit Peoples Food,"Detroit, 11 West Baltimore Avenue, Detroit, MI 48202, United States of America",https://www.instagram.com/direct/t/111840690230685/,Independent Grocery,,2,MI,48202,,coconut_cult; rishi_tea,,,,,,
Devils,"5624 South Prince Street, Littleton, CO 80120, United States of America",https://www.instagram.com/devilscup_coffee/,Independent Grocery,Littleton,3,CO,80120,,brightland; masa_chips,,,,,,
Dewalt Health Foods,"205 South Main Street, Butler, PA 16001, United States of America",https://www.instagram.com/direct/t/102716334463352/,Health/Supplement Store,BUTLER,2,PA,16001,,rishi_tea,,,,,,
Di Gregorio Food Products,"2232 Marconi Avenue, St. Louis, MO 63110, United States of America",https://www.instagram.com/direct/t/116739606379325/,Independent Grocery,St Louis,1,MO,63110,,graza,,,,,,
Dicks Fish & Provisions,"218 Ocean Avenue, New Shoreham, RI 02807, United States of America",https://www.instagram.com/direct/t/101557041248281/?hl=en,Deli/Prepared Foods,Block Island,2,RI,2807,,fish_wife; zabs_hot_sauce; spice_walla,,,,,,
Dicks Fresh Market,"Dick's Fresh Market, 1408 9th Street East, Menomonie, WI 54751, United States of America",https://www.instagram.com/direct/t/109854273738700/,Specialty/Gourmet Grocery,,6,WI,54751,,blobs; unreal_snacks; graza; the_only_bean,,,,,,
Dirt,"18701 Foggy Bottom Road, Bluemont, VA 20135, United States of America",https://www.instagram.com/direct/t/110352290362755/,Independent Grocery,Bluemont,3,VA,20135,,masa_chips; munchrooms; spice_walla,,,,,,
Divine Goods,"Divine Goods, Lookout Mountain, TN, 37350",https://www.instagram.com/divinegoodsgifts/,Independent Grocery,Lookout Mountain,1,TN,37350,,diaspora_co,,,,,,
Doe A Deer,"105 Northwest 2nd Street, Stuart, IA, 50250",https://www.instagram.com/direct/t/105662634164343/?hl=en,Independent Grocery,Stuart,1,IA,50250,,spice_walla,,,,,,
Dolce Neve,"Dolce, 5510 South State Road 7, Hollywood Seminole Reservation, FL 33314, United States of America",https://www.instagram.com/direct/t/100979834636627/,Independent Grocery,,1,FL,33314,,graza,,,,,,
Dona Ana Meat And Seafood Market,"218 Dedham Street, Norfolk, MA 02056, United States of America",https://www.instagram.com/direct/t/17842536095525820/,Independent Grocery,Norfolk,1,MA,2056,,fish_wife; spice_walla,,,,,,
Dorsea,"804 Arendell Street, Morehead City, NC 28557, United States of America",https://www.instagram.com/direct/t/17844031430942212/,Independent Grocery,Morehead City,3,NC,28557,,fish_wife; masa_chips; spice_walla; stellar_snacks,,,,,,
Dotties Market Savannah,"560 Indian Street, Savannah, GA, 31401",https://www.instagram.com/direct/t/17849948873694849/?hl=en,Independent Grocery,Savannah,1,GA,31401,,spice_walla,,,,,,
Double K Ranch Deli,"2700 Paxson Street, Missoula, MT 59801, United States of America",https://www.instagram.com/doublekranchmt/,Deli/Prepared Foods,Missoula,3,MT,59801,,brightland; realsy; fly_by_jing; graza,,,,(406) 493-0306,,
Downtown Apothecary,"3625 Main Street, Riverside, CA, 92501",https://www.instagram.com/direct/t/113883936672121/?hl=en,Health/Supplement Store,Riverside,1,CA,92501,,spice_walla,,,,,,
Downtown Grocery,"Downtown Grocery, 607 North 3rd Street, Wausau, WI 54403, United States of America",https://www.instagram.com/direct/t/17848047965569493,Supermarket,Wausau,2,WI,54403,,chomps; unreal_snacks; rishi_tea,,,,(715)848-9800,,
Drip,"928-B Garrett St., Atlanta, GA, 30316",https://www.instagram.com/direct/t/107323204002382/?hl=en,Independent Grocery,Atlanta,1,GA,30316,,spice_walla,,,,,,
Dry Creek General,"3495 Dry Creek Road, Healdsburg, CA, 95448",https://www.instagram.com/dcgs1881/,Gift/Specialty Shop,Healdsburg,5,CA,95448,,bjorn_qorn; brightland; zabs_hot_sauce; fish_wife; unreal_snacks,Sandwiches; Soups; Salads; Seasonal Specialties; Local Wines; Craft Beer; Deli Foods; Gifts; Prepared Foods; Picnic Supplies; Spirits; Beer; Wine,local; artisanal; sustainable; farm-to-table; prepared foods; curated,,,https://www.facebook.com/drycreekgeneralstore1881/?fref=ts,https://twitter.com/drycreekgeneral
Dry Goods Refillery,"193 Bellevue Avenue, Montclair, NJ, 7043",https://www.instagram.com/direct/t/101241917993117/?hl=en,Independent Grocery,Montclair,1,NJ,7043,,spice_walla,,,,,,
Dry Storage,"Cloud Medical Center, 3601 Arapahoe Avenue, Boulder, CO 80303, United States of America",https://www.instagram.com/dry_storage/,Independent Grocery,Boulder,2,CO,80303,,brightland; fish_wife; fly_by_jing,Gift Cards; Mill; To-Go Orders; Grains; Bakery; Flour; Prepared Foods; Wholesale; Café; Local Produce,pediatrics; gynecology; urgent care; functional medicine; health optimization; adult medicine; farm-to-table; artisanal; sustainable; local,,(720) 420-0918,https://www.facebook.com/CloudMedicalCtr/,
Dryad Cookery,"216 Somerset Drive, Stephens City, VA 22655, United States of America",https://www.instagram.com/direct/t/120258942695500/?hl=en,Independent Grocery,Stephens City,1,VA,22655,,spice_walla,,,,,,
Dumbo Market,"Dumbo Market, 66 Front Street, New York, NY 11201, United States of America",https://www.instagram.com/direct/t/117083386352569/,Independent Grocery,Brooklyn,5,NY,11201,,behave; loisa; blobs; stellar_snacks; rishi_tea; whims,,,,,,
Durango Natural Foods Co-Op,"Travelodge Durango, Main Avenue, Durango, CO 81301, United States of America",https://www.instagram.com/durangonaturalfoods/,Co-op,Durango,3,CO,81301,,chomps; unreal_snacks; fish_wife; loisa; rishi_tea,,,,(970)247-8129,,
"Dwell Local, Llc","290 South Main Street, Zumbrota, MN, 55992",https://www.instagram.com/direct/t/111930976872549/?hl=en,Independent Grocery,Zumbrota,1,MN,55992,,spice_walla,,,,,,
Dye House,"46 Dike Street, Providence, RI 02909, United States of America",https://www.instagram.com/direct/t/120308716027028/,Independent Grocery,Providence,1,RI,2909,,graza,,,,,,
Earth Origins Market,"Sarasota, FL (SRA), 1993 Main Street, Sarasota, FL 34321, United States of America",https://www.instagram.com/direct/t/108630790526646/,Independent Grocery,Sarasota,11,FL,34321,,chomps; unreal_snacks; rishi_tea,Fresh Deli; Grocery; Produce; Bulk; Supplements; Personal Care,sustainable; comfortable; affordable; organic; local; educational; themed; interactive; family-friendly,,(941)365-3700,https://www.facebook.com/EarthOriginsMarket/,
Earthbound Farm Stand,"7250 CARMEL VALLEY, CARMEL BY THE SEA, CA",https://www.instagram.com/direct/t/108085887254556/,Farmers Market,CARMEL BY THE SEA,1,CA,93923,,rishi_tea,,,,,,
Earthlight Natural,"933 Ann Street, Stroudsburg, PA 18360, United States of America",https://www.instagram.com/direct/t/17842024568284173/,Natural/Organic Market,Stroudsburg,2,PA,18360,,graza; loisa; rishi_tea,,,,,,
East Aurora Cooperative Market,"591 Main Street, East Aurora, NY 14052, United States of America",https://www.instagram.com/direct/t/102844024449093/,Co-op,East Aurora,3,NY,14052,,a_dozen_cousins; rishi_tea; chomps; unreal_snacks; smash_foods,,,,,,
East Elm Kitchen Co.,"173 West Liberty Street, Plymouth, MI 48170, United States of America",https://www.instagram.com/direct/t/17845390775990884/,Independent Grocery,Plymouth,2,MI,48170,,fish_wife; spice_walla,,,,,,
East End Food Co-Op,"East End Food Co-op, 7516 Meade Street, Pittsburgh, PA 15208, United States of America",https://www.instagram.com/direct/t/116248823101733/,Co-op,PITTSBURGH,2,PA,15208,Zuva,rishi_tea; smash_foods; unreal_snacks,Produce; Vegan Groceries; Natural Products; Fair-Trade Products; Pantry Staples; Plant-Based Essentials; Dairy Alternatives; Snacks; Beverages; Health Foods; Seafood; Local Goods; Dairy; Meat; Meat and Seafood,organic; vegan; local; sustainable; fair-trade,,,,
Eastham Superette,"3955 State Highway, Eastham, MA 02642, United States of America",https://www.instagram.com/direct/t/101181944616634,Independent Grocery,EASTHAM,1,MA,2642,,rishi_tea,,,,,,
Eat,"27255 Ashfield Place, Santa Clarita, CA 91354, United States of America",https://www.instagram.com/direct/t/17846886984134071/,Independent Grocery,Santa Clarita,4,CA,91354,,behave; realsy; fish_wife; graza; unreal_snacks,Breakfast; Lunch; Dine-in; Takeout,local; artisanal; prepared foods,,,https://www.facebook.com/EATNOHOEAT/,
Eato,"Eato, 305 Washington Avenue South, Minneapolis, MN 55415, United States of America",https://www.instagram.com/direct/t/121375472588984/,Independent Grocery,Minneapolis,1,MN,55415,,graza,,,,,,
Ebb & Flow Design Co.,"2877 North 72nd Street, Milwaukee, WI 53210-1106, United States of America",https://www.instagram.com/direct/t/17842937723956381/,Independent Grocery,Milwaukee,2,WI,53210,,brightland; zabs_hot_sauce; fly_by_jing,,,,,,
Ebo & Co Grocery,"110 Meridian Street, Boston, MA 02128, United States of America",https://www.instagram.com/ebo.grocery,Supermarket,Boston,2,MA,2128,,behave; spice_walla; bjorn_qorn,,,https://www.ebogrocery.com/,,,
Econo,"Econo, Avenida Franklin D. Roosevelt, San Juan, PR 00917, United States of America",https://www.instagram.com/compralealdeaqui/,Supermarket,Coamo,13,PR,769,,loisa,,local; community support,,,https://www.facebook.com/compralealdeaqui,http://www.twitter.com/empresariosxpr
Ecusta Market & Cafe,"Ecusta Market And Cafe, 877 Lennox Park Drive, Hendersonville, NC 28738, United States of America",https://www.instagram.com/ecustamarketandcafe/,Independent Grocery,Hendersonville,2,NC,28739,,fish_wife; rishi_tea; freestyle_snacking,,,,,,
Ed Hyders Mediterranean Marketplace,"Ed Hyder's Mediterranean Marketplace, 408 Pleasant Street, Worcester, MA 01609, United States of America",https://www.instagram.com/direct/t/116399886410054/,International Grocery,WORCESTER,1,MA,1609,,rishi_tea,,,,,,
Eddies Of Roland Park,"Eddie’s of Roland Park, 5113 Roland Avenue, Baltimore, MD 21210, United States of America",https://www.instagram.com/eddiesofrolandpark/,Deli/Prepared Foods,,3,MD,21210,,coconut_cult; pistakio; fish_wife; rishi_tea,Deli; Party Menu; Bakery; Groceries; Sandwiches; Prepared Foods; Recipes; Donations; Catering; Gifts,gourmet; artisanal; local; prepared foods,,,https://www.facebook.com/EddiesofRolandPark,
Edge Of The Woods,"Edge of the Woods, 379 Whalley Avenue, New Haven, CT 06511, United States of America",https://www.instagram.com/edgeofthewoods/,Supermarket,New Haven,2,CT,6511,Zuva,a_dozen_cousins; blobs; whims,Produce; Prepared Foods; Bakery; Vitamins; Catering; Gluten Free; Vegan; Kosher; Personal Care; Bulk Herbs; Sandwiches; Gifts; Cosmetics; Health & Wellness; Juice Bar,organic; vegan; kosher; prepared foods; local; sustainable,,,https://www.facebook.com/edgeofthewoods,
Edge Of Urge,"215 East Franklin Street, Raleigh, NC 27604, United States of America",https://www.instagram.com/edgeofurge/following/,Boutique Grocer,Raleigh,4,NC,27604,,brightland; zabs_hot_sauce; fish_wife; fly_by_jing,For the Home; For Beauty and Self Care; For Feminine Vibes; For the Kiddos; For Accessorizing; For Masculine Vibes; Sale; For the Holidays; For Gifting; New Arrivals,curated; artisanal; emerging brands,,,https://facebook.com/edgeofurge,
Edgewater,,https://www.instagram.com/direct/t/116396479755981/,Independent Grocery,Northport,3,MI,49670,,fish_wife; rishi_tea,,,,,,
Ediths,"1035 Washington Street, Lewisburg, WV 24901, United States of America",https://www.instagram.com/direct/t/102201437844901/,Independent Grocery,LEWISBURG,1,WV,24901,,rishi_tea,,,,,,
Edwards Meats,"12280 w. 44th ave, Wheat Ridge, CO, 80033",https://www.instagram.com/direct/t/114451286608067/?hl=en,Independent Grocery,Wheat Ridge,1,CO,80033,,spice_walla,,,,,,
Eggshells Kitchen Co.,"The Library Co. Bar & Kitchen, 3911 Ambrosia Street, Castle Rock, CO 80109, United States of America",https://www.instagram.com/eggshells/,Gas Station/Travel Stop,Little Rock,2,CO,80109,,fly_by_jing; spice_walla,,catering; private events,,,,
Ekone Oyster Company Attn Fishwife,"378 Bay Center Road, Bay Center, WA 98586, United States of America",https://www.instagram.com/direct/t/17848566590634850/,Independent Grocery,Bay Center,1,WA,98527,,graza,,,,,,
El Sereno Greengrocer,"5761 East Huntington Drive North, Los Angeles, CA 90032, United States of America",https://www.instagram.com/direct/t/17845587515609385/,Independent Grocery,Los Angeles,3,CA,90032,,brightland; diaspora_co; fly_by_jing; spice_walla,,,,(213) 671-1693,,
Elaichi Co.,"Elaichi Co., 2161 Allston Way, Berkeley, CA 94704, United States of America",https://www.instagram.com/officialelaichico,Independent Grocery,Berkeley,1,CA,94704,,doosra,Chai Blends; Bundles; Merch; Cafe; Catering; Recipes,organic; artisanal; sustainable; farm-to-table,,,,
Elder Flat,"465 Bell Street, Los Alamos, CA 93440, United States of America",https://www.instagram.com/direct/t/102173827849941/,Independent Grocery,Los Alamos,1,CA,93440,,brightland; graza,,,,,,
Elevated Market,"Elevated Wine & Spirits, 7261 Route 23A, Tannersville, NY 12485, United States of America",https://www.instagram.com/elevatedcatskills/,Independent Grocery,Hunter,1,NY,12442,,fish_wife; graza,,,,,,
Elm City Market,"240 Chapel Street;Central Avenue, New Haven, CT 06515, United States of America",https://www.instagram.com/elmcitychurch/,Independent Grocery,NEW HAVEN,2,CT,6510,,a_dozen_cousins; spice_walla; blobs,,,,,https://www.facebook.com/ElmCityChurchKeene/,
Elmaro Vineyard,"N14756 Delaney Road, Trempealeau, WI 54661, United States of America",https://www.instagram.com/elmarovineyard/,Independent Grocery,Trempealeau,2,WI,54661,,fish_wife; rishi_tea,,,,,,
Encinal Market,"Encinal Market, 3211 Encinal Avenue, Alameda, CA 94501, United States of America",https://www.instagram.com/direct/t/102855257784404/,Independent Grocery,,3,CA,94501,,cauli_puffs; smash_foods; coconut_cult; rishi_tea,,,,,,
End Of,"End of the Line Cafe, 610 East Wright Street, Pensacola, FL 32501, United States of America",https://www.instagram.com/direct/t/100791161325295/,Independent Grocery,PENSACOLA,2,FL,32501,,rishi_tea; spice_walla,,,,,,
Ends Meat,"254 36th Street, Brooklyn, NY, 11232",https://www.instagram.com/direct/t/106548947408743/?hl=en,Independent Grocery,Brooklyn,2,NY,11232,,spice_walla; zabs_hot_sauce,,,,,,
Erics Health Food,"Eric's Health Food Shoppe, 508 Brighton Beach Avenue, New York, NY 11235, United States of America",https://www.instagram.com/direct/t/105123850882742/,Health/Supplement Store,,2,NY,11235,,cauli_puffs; freestyle_snacking; rishi_tea,,,,,,
Ermas Nutrition,"1009 Nasa Rd 1, Houston, TX 77058, United States of America",https://www.instagram.com/direct/t/103663477703265/,Health/Supplement Store,Houston,2,TX,77058,,graza; masa_chips; whims,,,,,,
Esalen Institute,"Esalen Institute, 55000 Highway 1, Big Sur, CA 93920, United States of America",https://instagram.com/esalen,Independent Grocery,Big Sur,1,CA,93920,Zuva,chikka_chikka,Workshops; Self-Guided Explorations; Massage & Healing Arts; Scholarships; Volunteer Opportunities; Teaching Programs; Off-Campus Events; Accommodations; Tuition; Campus Features,holistic; nonprofit; self-guided; transformative; educational; wellness,,+1 310-430-0735,,
Essex Farm,"Lower East Side Ice Cream Factory, 88 Essex Street, New York, NY 10002, United States of America",https://www.instagram.com/direct/t/119311756125941/,Independent Grocery,New York,2,NY,10002,,behave; loisa; fish_wife,,,,,,
Esters Wine Shop & Bar,"Esters Wine Shop & Bar, 1314 7th Street, Santa Monica, CA 90401, United States of America",https://instagram.com/esterswine,Wine/Beer/Liquor,Santa Monica,1,CA,90401,,brightland; fly_by_jing,,curated; artisanal,,(310) 899-6900,https://facebook.com/esterswineshop,
Esther C Fishman,"934 West Armitage Avenue, Chicago, IL 60651, United States of America",https://www.instagram.com/direct/t/104005660999186/?hl=en,Independent Grocery,chicago,1,IL,60614,,spice_walla,,,,,,
Etc Consignment Shoppe,"145 Garrison Branch Road, Weaverville, NC, 28787",https://www.instagram.com/direct/t/113102080078111/?hl=en,Independent Grocery,Weaverville,1,NC,28787,,spice_walla,,,,,,
Eva Maries On 8th,"7067 275th Way, Clear Lake, IA, 50428",https://www.instagram.com/direct/t/17842598663195889/?hl=en,Independent Grocery,Clear Lake,1,IA,50428,,spice_walla,,,,,,
Evergreen Aquafarms,"614 Saint Joseph Street, Rapid City, SD 57701, United States of America",https://www.instagram.com/evergreen_aquafarms/,Independent Grocery,Rapid City,2,SD,57701,,fish_wife; pistakio; narra,Fruits; Community-Supported Agriculture; Local Goods; Sustainable Foods; Aquaponics; Seasonal Produce; Produce; Herbs; Greenhouse Products; Vegetables; Funeral Arrangements; Monuments; Headstones; Burial Vaults; Grave Markers; Eco Burial; Natural Burial; Pre-Need Burial Service; Grave Space,farm-to-table; local; sustainable; aquaponics; compassionate; professionalism; personalized; natural burial,,,https://www.facebook.com/evergreenaquafarms,
Evolet Eve Wine Shop,"Warrenville Public Library District, 28W751 Stafford Place, Warrenville, IL 60555, United States of America",https://www.instagram.com/wpldreads/,Wine/Beer/Liquor,WARRENVILLE,1,IL,60555,,rishi_tea,,,,,https://www.facebook.com/warrenvillepubliclibrary/,
Fairhope Health Foods,"280 EASTERN SHORE SHP CTR, FAIRHOPE, AL",https://www.instagram.com/direct/t/113637716687522/,Health/Supplement Store,FAIRHOPE,1,AL,36532,,rishi_tea,,,,,,
Falling Into Place,"2613 Broad Avenue, Memphis, TN, 38112",https://www.instagram.com/direct/t/114260959971042/?hl=en,Independent Grocery,Memphis,1,TN,38112,,spice_walla,,,,,,
Falling River Meats,"3209 278th Avenue NE, Redmond, WA 98053, United States of America",https://www.instagram.com/fallingrivermeats/,Independent Grocery,Redmond,1,WA,98053,,brightland; fish_wife,,,,,,
Family Bros.,"900 Dekalb Avenue NE, Atlanta, GA 30307, United States of America",https://www.instagram.com/direct/t/115849469813102,Independent Grocery,ATLANTA,1,GA,30307,,rishi_tea,,,,,,
Fancy Groceries,"Ardmore Barber Shop, 1311 South Hawthorne Road, Winston-Salem, NC 27103, United States of America",https://www.instagram.com/ardmorebarbershop/?hl=en,Independent Grocery,Winston-Salem,1,NC,27103,,graza,,,,,https://www.facebook.com/ArdmoreBarbershop/?ref=bookmarks,
Fare Share,"443 Main Street, Norway, ME 04268, United States of America",https://www.instagram.com/direct/t/104649040936655/,Independent Grocery,NORWAY,2,ME,4268,,rishi_tea; whims,,,,,,
Farm Runners Station,"Farm Runners Station, 235 CO 133, Hotchkiss, CO 81419, United States of America",https://www.instagram.com/farmrunners/,Independent Grocery,Hotchkiss,1,CO,81419,,realsy; rishi_tea,CSA Shares; Farm Products; Wholesale; Local Produce; Kitchen Prep; Retail; Restaurants; Institutions; Custom-Harvested Products; Farmers,local; sustainable; farm-to-table; artisanal,,,https://www.facebook.com/FarmRunners/,
Farmbox,"1311A Rutherford Rd, Greenville, SC, 29609",https://www.instagram.com/direct/t/115921753130835/?hl=en,Independent Grocery,Greenville,1,SC,29609,,spice_walla,,,,,,
Farmette,"18439 U.S. 12, New Buffalo, MI, 49117",https://instagram.com/farmettemichigan,Supermarket,New Buffalo,5,MI,49117,,bjorn_qorn; rishi_tea; diaspora_co; fish_wife; floura; fly_by_jing; hot_girl_pickles,Produce; Flowers; Coffee; Cheese; Bread; Wine; Beer; Prepared Foods; Home Goods,local; sustainable; prepared foods,,,https://www.facebook.com/profile.php?id=61555271575785&mibextid=LQQJ4d,
Farmhouse Market,"Farmhouse Market, 33521 Southeast Redmond-Fall City Road, Fall City, WA 98024, United States of America",https://www.instagram.com/farmhouse05363,Supermarket,,4,WA,98024,,cauli_puffs; fish_wife; rishi_tea; fly_by_jing; zabs_hot_sauce,Meat; Produce; Grocery; Beer/Wine; Dairy,local; sustainable; farm-to-table,,,https://www.facebook.com/FarmhouseMarket/?ref=settings,
Feather River Food Co-Op,"Feather River Fitness, Crescent Street, Quincy, CA 95971, United States of America",https://www.instagram.com/direct/t/17842378601641004/,Co-op,Quincy,4,CA,95971,,chomps; unreal_snacks; coconut_cult; rishi_tea,Food; Drinks; Private Events,local; artisanal; curated,,(530)283-3528,,
Feel Rite,"Feel Rite Fresh Markets, South Park Avenue, Hamburg, NY 14075, United States of America",https://www.instagram.com/feelritefreshmarkets/,Independent Grocery,HAMBURG,12,NY,14075,,a_dozen_cousins; unreal_snacks; chomps; coconut_cult; rishi_tea; the_only_bean,Checking Accounts; Home Mortgages; Savings Accounts; Business Checking Accounts; Auto Loans; Online Investing; Credit Cards; Business Credit Cards; Online and Mobile Banking; Home Equity Lines of Credit; Organic Produce; Vitamins & Supplements; Health & Beauty; Sports Nutrition; Home & Gifts; Grocery; Local Products,business; commercial; local; personal banking; organic; sports nutrition; eco-friendly; natural,,,https://www.facebook.com/FeelRite/,https://twitter.com/feelritemarkets
Fern Botanica,"66 East 19th Street, Huntington Station, NY 11746, United States of America",https://www.instagram.com/fernbotanica/?hl=en,Independent Grocery,East Elmhurst,2,NY,11370,,brightland; pistakio,Wedding Design; Corporate Design; Florals; A La Carte; Seasonal Bouquets; Locally Crafted Gifts,sustainable; artisanal; local,,,,
Ferrane Bakery,"57 Clark Street, New York, NY 11201, United States of America",https://www.instagram.com/ferranebakery/,Bakery,Brooklyn,1,NY,11201,,brightland,,,,,,
Ferrantes Marketplace Cafe,"Ferrante's, 4516 South Regal Street, Spokane, WA 99223, United States of America",https://www.instagram.com/direct/t/123387729053348/?hl=en,Independent Grocery,Spokane,1,WA,99223,,brightland; zabs_hot_sauce,,,,,,
Fetch Mkt.,"231 Hazzard Creek Drive, Ridgeland, SC 29936, United States of America",https://www.instagram.com/fetchmarket/,Independent Grocery,Ridgeland,2,SC,29936,,brightland; smash_foods; fly_by_jing,,local; community; event venue,,,https://www.facebook.com/Jasper-County-Chamber-of-Commerce-128437243879126/,https://twitter.com/jasperchamber
Field Day,"1280 Ella Street, San Luis Obispo, CA 93401, United States of America",https://www.instagram.com/direct/t/113461566713954/,Independent Grocery,San Luis Obispo,3,CA,93401,,graza; one_trick_pony; spice_walla,,local; artisanal; sustainable,,,,
Fiesta Mart,"Fiesta Mart, 5510 I 35 Frontage Road, Austin, TX 78744, United States of America",https://www.instagram.com/direct/t/17847326444558016/,International Grocery,Austin,9,TX,78744,Zuva,chomps; unreal_snacks; yolele,Meat; Beverages; Bakery; Produce; Dairy; Prepared Foods; Snacks; Frozen Foods; Canned Goods; Condiments; Fresh Produce; Meat & Poultry; International Foods,local; international; prepared foods; gourmet,,(512)406-3900,,
Figment Fermentation Co.,"280 Tara Way, Athens, GA 30606, United States of America",https://www.instagram.com/direct/t/117704119613932/?hl=en,Independent Grocery,Athens,4,GA,30606,,brightland; fish_wife; graza; fly_by_jing; spice_walla,,,,,,
Figs Beanery And Creamery,"200 N.Main Street, Anderson, SC, 29621",https://www.instagram.com/direct/t/101503004584120/?hl=en,Independent Grocery,Anderson,1,SC,29621,,spice_walla,,,,,,
Findings Market,"27 South Oak Street, San Buenaventura (Ventura), CA 93001, United States of America",https://www.instagram.com/direct/t/105272757536050/,Independent Grocery,Ventura,1,CA,93001,,graza,,,,,,
Fish Creek Market,"Fish Creek Market, 1892 State Highway 42, Fish Creek, Gibraltar, WI 54212, United States of America",http://instagram.com/fishcreekmarket1892,Boutique Grocer,FISH CREEK,3,WI,54212,,a_dozen_cousins; bjorn_qorn; fly_by_jing; masa_chips,Grocery Essentials; Curated Goods; Gift Boxes; Salads; Soups; Bakery Treats; Deli Sandwiches; Beer & Fine Spirits; Hot Lunches; Wine,curated; artisanal; local; prepared foods; gourmet,,,https://facebook.com/fishcreekmarket,
Fit,"46025 COUNTY ROAD 48, STE B, SOUTHOLD, NY 11971-5048, USA",https://www.instagram.com/direct/t/111325846922403/,Supermarket,,6,NY,46025,,alice_mushrooms; behave; coconut_cult; stellar_snacks; masa_chips; rishi_tea; unreal_snacks,,,,,,
Fitzgeralds Foods,"710 HOPMEADOW ST, SIMSBURY, CT",https://www.instagram.com/direct/t/17842305900315783/,Supermarket,SIMSBURY,2,CT,6070,,rishi_tea; smash_foods,,,,,,
Flatbush Food Co-Op,"Flatbush Food Coop, 1415 Cortelyou Road, New York, NY 11226, United States of America",https://www.instagram.com/flatbushfood/,Co-op,Brooklyn,2,NY,11226,Zuva,blobs; yolele; rishi_tea,Deli & Juice Bar; Organic Produce; Beverages; Snacks; Sustainable Products; Health Foods; Local Products; Beer & Cider; Fair Trade Products; Co-op Made Products; Prepared Foods,prepared foods; organic; community owned; fair trade; sustainable; local,,,https://www.facebook.com/FlatbushFoodCoop,
Flavors On Main,"49 S. Main St., Marion, NC, 28752",https://www.instagram.com/direct/t/112848330103446/?hl=en,Independent Grocery,Marion,2,NC,28752,,spice_walla,,,,,,
Flint Kitchen Bar,"50 Fountain Plaza, Buffalo, NY 14202, United States of America",https://www.instagram.com/direct/t/112555250137068/,Independent Grocery,Buffalo,2,NY,14202,,fish_wife; graza,,,,,,
Floral Park Market,"775 Trabert Avenue NW, Atlanta, GA 30318, United States of America",https://www.instagram.com/direct/t/107878010605530/,Independent Grocery,Atlanta,2,GA,30318,,masa_chips; spice_walla,,,,,,
Florida Health Foods,"7648 LEM TURNER ROAD, JACKSONVILLE, FL",https://www.instagram.com/direct/t/114826999907992/,Health/Supplement Store,JACKSONVILLE,1,FL,32208,,rishi_tea,,,,,,
Flutes Wine Shop,"139 12th Street, Lynchburg, VA, 24504",https://www.instagram.com/direct/t/17846527275173627/?hl=en,Wine/Beer/Liquor,Lynchburg,1,VA,24504,,spice_walla,,,,,,
Flying Pig Provisions,"215 West Main Street, Washington, NC, 27889",https://www.instagram.com/direct/t/116292626427294/?hl=en,Deli/Prepared Foods,Washington,1,NC,27889,,spice_walla,,,,,,
Folk Detroit,"Folk, 1701 Trumbull Street, Detroit, MI 48216, United States of America",https://www.instagram.com/folkdetroit/,Independent Grocery,Detroit,4,MI,48216,,brightland; joon; fish_wife; fly_by_jing; graza,,,,313-742-2672,,
Follow Your Heart,"Follow Your Heart Cafe, 21825 Sherman Way, Los Angeles, CA 91303, United States of America",https://www.instagram.com/followyourheart/,Independent Grocery,Canoga Park,5,CA,91303,Zuva,a_dozen_cousins; brightland; smash_foods; coconut_cult; unreal_snacks; floura; neuro_gum; whims,Vegenaise; Dairy-Free Cheese; Salad Dressings; Dips & Spreads; Breakfast; Main Dishes; Appetizers; Desserts; Sauces,vegan; plant-based; sustainable,,,,
Fontys Bodega,"20 Christopher Street, New York, NY, 10014-3527",https://www.instagram.com/direct/t/17847087870467104/,Independent Grocery,New York,2,NY,10014-3527,,bjorn_qorn; rishi_tea; diaspora_co; joon,,,,,,
Fonville Press,"Fonville Press Market + Cafe, North Somerset Street, Alys Beach, FL 32461, United States of America",https://www.instagram.com/direct/t/17849735915648542/?hl=en,Independent Grocery,,2,FL,32461,,coconut_cult; floura; spice_walla,,,,,,
Food Cellar,"4-85 47th Rd, Long Island Cty, NY, 11103",https://www.instagram.com/direct/t/108337240564319/,Supermarket,Long Island Cty,3,NY,11103,,bjorn_qorn; blobs; narra; rishi_tea,"Produce; Dairy; Bakery; Deli; Seafood; Meat; Frozen Foods; Pantry; Health and Personal Care; Beer, Wine, and Spirits",organic; prepared foods; local,,,,
Food Conspiracy Co-Op,"Food Conspiracy Co-op, 412 North 4th Avenue, Tucson, AZ 85705, United States of America",https://www.instagram.com/direct/t/106735447383726/,Co-op,Tucson,2,AZ,85705,,fly_by_jing; unreal_snacks; rishi_tea,,,,(520)624-4821,,
Food Fantasies,"Food Fantasies, 1512 Wabash Avenue, Springfield, IL 62704, United States of America",https://instagram.com/food_fantasies_springfield_il,Supermarket,,2,IL,62704,Zuva,coconut_cult; smash_foods; graza,"Frozen and Refrigerated Goods; Vitamins and Supplements; Grocery Products; Herbs, Spices, and Bulk; Local Products; Dry Goods; Bakery; Produce; Health and Beauty; Beer, Wine, Mead, and Spirits",organic; eco-friendly; allergen-friendly; fair trade; local; vegan; gluten-free; Non-GMO,,,https://facebook.com/FoodFantasiesNaturally,
Food Fight Grocery,"11155 Northeast Halsey Street, Portland, OR 97220, United States of America",https://www.instagram.com/direct/t/113947663329271/,Supermarket,Portland,5,OR,97220,,realsy; whims; rishi_tea; unreal_snacks,,,,,,
Food For Thought,"315 US Highway 27 North, Sebring, FL 33870, United States of America",https://www.instagram.com/direct/t/17847821238421974/,Independent Grocery,SEBRING,6,FL,33870,Zuva,a_dozen_cousins; bjorn_qorn; rishi_tea; blobs; btr_bar; masa_chips,American Dishes; Ethnic Dishes; Vegetarian; Vegan; Seafood; Gluten-Free; Kids Menu; Senior Menu; Specials; Beverages,gluten-free; vegan; vegetarian; sustainable,,,https://facebook.com/foodforthoughtrestaurant,
Food Front Cooperative Grocery,"Food Front Cooperative Grocery, 2375 Northwest Thurman Street, Portland, OR 97210, United States of America",https://www.instagram.com/foodfrontcoop/,Co-op,Portland,1,OR,97210,,a_dozen_cousins,,local; sustainable,,,https://www.facebook.com/foodfrontcoop,https://twitter.com/foodfrontcoop
Food Story,"40 Bogart Street, Brooklyn, NY, 11206",https://www.instagram.com/direct/t/109057843815943/,Independent Grocery,Brooklyn,4,NY,11206,,bjorn_qorn; blobs; cauli_puffs; glonuts; loisa,Bar; Restaurant; Craft Beer; Cocktails; Seasonal American Cooking; Dine-in Cinema; Private Events; Gift Cards; Happy Hour; Movie Screenings,craft beer; cocktails; seasonal; dine-in; private events,,,https://www.facebook.com/syndicatedbk,http://twitter.com/syndicatedbk
Food Universe,"Food Universe, 127-16 111th Avenue, New York, NY 11420, United States of America",https://www.instagram.com/keyfood,Independent Grocery,,5,NY,11420,Zuva,coconut_cult; glonuts; graza; whims,Deli; Beverages; Snacks; Health Foods; Online Grocery Delivery; Meat; Bakery; Dairy; Produce; Frozen Foods; Catering; Grocery; Household Items,local; sustainable; prepared foods; organic; gourmet,,,https://www.facebook.com/keyfood,https://twitter.com/keyfood
Food/Ocracy,"2335 West 208th Street, Torrance, CA, 90501",https://www.instagram.com/direct/t/104265660973480/?hl=en,Independent Grocery,Torrance,1,CA,90501,,spice_walla,,,,,,
Foodies Cookbook Shop,"3548 Main Street, Stratford, CT, 6614",https://www.instagram.com/direct/t/17849275305081239/?hl=en,Independent Grocery,Stratford,1,CT,6614,,spice_walla,,,,,,
Foodlove Market,"1037 Aquidneck Avenue, Middletown, RI 02842, United States of America",https://www.instagram.com/direct/t/17842069220249099/,Independent Grocery,Middletown,1,RI,2842,,graza,,,,,,
Foods Of Vail,"Pazzo's Pizzeria, 82 East Beaver Creek Boulevard, Avon, CO 81620, United States of America",https://www.instagram.com/foodsofvailcatering/,Supermarket,Avon,2,CO,81620,,fish_wife; spice_walla,Pizza; Italian Food; Beverages; Family Dining; Casual Dining; Event Hosting; Takeout; Gift Cards; Game Room; Bar,local; artisanal; family-friendly; casual dining,,,https://www.facebook.com/pazzosco,
Foodscape,"4 North Colville Street, Walla Walla, WA 99362, United States of America",https://www.instagram.com/direct/t/17842679513340625/,Supermarket,Walla Walla,2,WA,99362,,masa_chips; spice_walla,,,,,,
Foodwork,"Foodworks, 450 Boston Post Road, Guilford, CT 06437, United States of America",https://www.instagram.com/foodworksnaturalmarket,Supermarket,Guilford,1,CT,6437,,loisa; neuro_gum,Deli; Beverages; Snacks; Health Foods; Local Products; Organic Foods; Natural Groceries; Supplements; Groceries; Produce; Prepared Foods; Beauty Products; Juice Bar,organic; natural; sustainable; local; wholesome,,,https://www.facebook.com/FoodWorksNaturalMarket,
Foodworks,"Food Works, 412 East Park Street, Livingston, MT 59047, United States of America",https://www.instagram.com/foodworkslivingston/,Independent Grocery,Livingston,3,MT,59047,,masa_chips; rishi_tea,Grocery; Hot & Cold Bar; New Products; Recipes; Special Orders,local; fresh; wholesome; sustainable,,,https://www.facebook.com/FoodWorksLivingstonMT/,
Foote Family Meats,"Hever's Family Meats, Mount Vernon Boulevard Northwest, Canton, OH 44709, United States of America",https://www.instagram.com/direct/t/17843179232481884/?hl=en,Independent Grocery,Texico,2,OH,44709,,fly_by_jing; spice_walla,,,,,,
Foothill Market,"Genoa Country Store, 2299 Main Street, Genoa, NV 89411, United States of America",https://www.instagram.com/direct/t/17843953512443343/,Independent Grocery,Genoa,3,NV,89411,,brightland; zabs_hot_sauce; fish_wife; stellar_snacks,,,,,,
For Goodness Sake,"Bonita Springs Water Tower, Bonita Beach Causeway, Bonita Springs, FL 33931, United States of America",https://www.instagram.com/direct/t/115837146478603/,Independent Grocery,BONITA SPRINGS,3,FL,34135,,a_dozen_cousins; evies_snacks; unreal_snacks; rishi_tea,,,,,,
For The Health Of It,"For the Health Of It Naturally, The Island Drive, Pigeon Forge, TN 37863, United States of America",https://www.instagram.com/direct/t/112751583450470/,Independent Grocery,,4,TN,37863,,coconut_cult; stellar_snacks; masa_chips; rishi_tea; unreal_snacks,,,,,,
"Forest + Ash, Llc","Forest + Ash, 24 Water Street, Exeter, NH 03833, United States of America",https://www.instagram.com/forestandash/,Boutique Grocer,Exeter,1,NH,3833,,spice_walla,,curated; timeless; women-led,,,https://www.facebook.com/forestandashshop/,
Forever Etched Gift Co. Inc,"1535 Tidelands Avenue, National City, CA 91950, United States of America",https://www.instagram.com/direct/t/118390839552504/?hl=en,Independent Grocery,National City,2,CA,91950,,brightland; spice_walla,,,,,,
Forth & Nomad,"731 Yale Street, Houston, TX 77007, United States of America",https://www.instagram.com/forthandnomad,Boutique Grocer,Houston,3,TX,77007,,behave; realsy; brightland; fish_wife; fly_by_jing,Clothing; Jewelry; Accessories; Home; Stationery; Beauty & Wellness; Kitchen & Bar; Gifts; Kids; Sale,curated; emerging brands; artisanal,http://forthandnomad.com,(713) 814-8198,,
Forth And,"731 Yale St, Houston, TX 77007, USA",https://instagram.com/forthandnomad,Boutique Grocer,,2,TX,77007,,alice_mushrooms; brightland; joon,Clothing; Jewelry; Accessories; Home; Stationery; Beauty & Wellness; Kitchen & Bar; Gifts; Activewear; Kids,curated; lifestyle; thoughtful living,,,https://facebook.com/forthandnomad,
Forts Ferry Farm,"185 Forts Ferry Road, Latham, NY 12110, United States of America",https://www.instagram.com/direct/t/105570580840944/,Independent Grocery,Latham,1,NY,12110,,graza,,,,,,
Fortune Favors,"2086 Atwood Avenue, Madison, WI, 53704",https://www.instagram.com/direct/t/104789124248343/?hl=en,Independent Grocery,Madison,2,WI,53704,,spice_walla; whims,,,,,,
Foster Sundry,"215 Knickerbocker Ave, Brooklyn, NY, 11237",http://instagram.com/fostersundry,Deli/Prepared Foods,Brooklyn,2,NY,11237,,bjorn_qorn; rooted_fare; diaspora_co; pistakio,Thanksgiving Items; Gift Cards; Butcher Counter; Sandwiches; Prepared Foods,local; artisanal; prepared foods,,,,
Fountain Gifts,"25 East Madison Avenue, Clifton, NJ 07011, United States of America",https://www.instagram.com/direct/t/115439786513168/?hl=en,Independent Grocery,Clifton,2,NJ,7011,,brightland; joon; spice_walla,,,,,,
Fountain Of Health,"Fountain of Health, 4151 Southwest 34th Avenue, Amarillo, TX 79109, United States of America",https://www.instagram.com/direct/t/17843808936091141/,Independent Grocery,Amarillo,2,TX,79109,,evies_snacks; rishi_tea,,,,,,
Fourwinds Market,"7389 Airport Road, Siren, WI 54872, United States of America",https://www.instagram.com/direct/t/106103277534613/,Independent Grocery,Siren,1,WI,54872,,graza,,,,,,
Fox Market,"1876 Us Route 2 East, St Johnsbury, VT 05819, United States of America",https://www.instagram.com/bleufoxcheese,Independent Grocery,East Monpelier,3,VT,5651,,graza; loisa; one_trick_pony,,,,,,
Foxtrot,"2822 McKinney Avenue, Dallas, TX 75204, United States of America",https://www.instagram.com/direct/t/106219400778360/,Supermarket,Dallas,39,TX,75204,,behave; hot_girl_pickles; graza; whims; joon; smash_foods; bjorn_qorn; btr_bar; floura; masa_chips,Snacks; Beverages; Health Foods; Produce; Dairy; Bakery; Frozen Foods; Prepared Meals; Condiments; Household Essentials; Meat; Seafood; Printing services; Copy & print services; Shipping services; Passport photos; Direct mail services; Promotional products; Packing services; Laminating services; Shredding services; Notary services; Desks; Tables; Office Seating; Accessories; Storage; Lounge Seating; Space Division; Acoustics; Gift Certificates; Collegiate Collection,organic; local; artisanal; curated; sustainable; gourmet; occupational therapy; college readiness; private tutoring; educational intervention; emerging brands; prepared foods; convenient; professional; customized solutions; expedited services; ergonomic; innovative; customizable,https://foxtrotco.com/,(972) 685-6499,https://www.facebook.com/Hola-HP-1015709641843326/,https://twitter.com/upliftdesk
Foxwell,"Foxwell, 4400 France Avenue South, Edina, MN 55410, United States of America",https://www.instagram.com/foxwellstudioxshoppe/,Independent Grocery,Edina,1,MN,55410,,brightland; fly_by_jing,accessories; unique gifts; tableware; kids toys; home goods; throws; party goods; pillows,design-minded; unique,,(612) 999-8443,https://www.facebook.com/foxwellstudioxshoppe/,
Francies Bakery And General,"4940 Corrales Road 400, Corrales, NM, 87048",https://www.instagram.com/direct/t/17846791622816644/?hl=en,Bakery,Corrales,1,NM,87048,,spice_walla,,,,,,
Frankie & Jos,"Frankie & Jo's, 4619 Village Terrace Northeast, Seattle, WA 98105, United States of America",https://www.instagram.com/frankieandjos/,Independent Grocery,Seattle,1,WA,98105,,graza,Vegan Ice Cream; Catering; Gift Cards; Online Flavors; Scoop Shops,vegan; sustainable; artisanal,,,,
Frazier Farms,"308 Frazier, Hurst, TX 76053, United States of America",https://www.instagram.com/frazierfarmsmarket/,Independent Grocery,,11,TX,76053,,blobs; chomps; unreal_snacks; coconut_cult; stellar_snacks; fish_wife; fly_by_jing; rishi_tea; whims,Bakery; Beer & Wine; Body Care & Vitamins; Bulk Foods; Cheese; Coffee & Juice Bar; Deli; Gluten-Free; Grocery; Produce,organic; natural; sustainable; local; artisanal; gourmet; gluten-free; prepared foods; farm-to-table,,,,
Freehand Market,"1735-G Saxapahaw Bethlehem Church Rd, Saxapahaw, NC, 27340",https://www.instagram.com/direct/t/111456593585676/?hl=en,Independent Grocery,Saxapahaw,1,NC,27340,,spice_walla,,,,,,
Fresh & Natural Foods,"Hudson Grocery Cooperative, 1701 Ward Avenue, Hudson, WI 54016, United States of America",https://www.instagram.com/hudsongrocerycoop/,Supermarket,Hudson,1,WI,54016,,a_dozen_cousins,Produce; Meat; Frozen; Dairy & Eggs; Beverages; Breakfast; Canned Goods & Soups; Condiments & Sauces; Pasta & Dry Goods; Snacks & Candy,organic; local; sustainable; plant-based; small-batch,,,https://www.facebook.com/HudsonGroceryCoop?fref=ts,
Fresh Farms International Market,"5740 WEST TOUHY AVENUE, NILES, IL",https://www.instagram.com/direct/t/109531437109130/,Independent Grocery,NILES,2,IL,60714,,rishi_tea,,,,,,
Fresh Harvest,"Organic Fresh Market, 1438 Broadway, New York, NY 11221, United States of America",https://www.instagram.com/market.hotel/,Independent Grocery,BROOKLYN,3,NY,11221,,a_dozen_cousins; chomps; one_trick_pony,,,,,,
Fresh N Save,"Fresh N' Save Supermarket, 46-02 Queens Boulevard, New York, NY 11377, United States of America",https://www.instagram.com/keyfood,Supermarket,,4,NY,11377,Zuva,blobs; glonuts; loisa; whims,Deli; Bakery; Prepared Foods; Catering; Beer & Wine; Digital Coupons; Grocery Delivery; Urban Meadow; Snacks; Beverages; Grocery; Health Foods; Produce,local; prepared foods; gourmet; digital coupons; organic,,,https://www.facebook.com/keyfood,https://twitter.com/keyfood
Fresh Plus,"Fresh Plus Hyde Park Grocery, 408 East 43rd Street, Austin, TX 78751, United States of America",https://www.instagram.com/getvoxable/,Independent Grocery,Austin,7,TX,78751,,chomps; unreal_snacks; graza; rishi_tea,,conversational AI; collaboration; flexible design; user experience,,(512)477-5574,https://www.facebook.com/Voxable,https://twitter.com/voxable
Freys Better Foods,"1575 Main Street, Hellertown, PA 18055, United States of America",https://www.instagram.com/direct/t/103780197688012/,Supermarket,Hellertown,3,PA,18055,,a_dozen_cousins; rishi_tea; coconut_cult; evies_snacks; loisa,,,,,,
Friendly City Food Co,"Friendly City Food Coop, 150 East Wolfe Street, Harrisonburg, VA 22802, United States of America",https://www.instagram.com/direct/t/118028389589284/,Co-op,,3,VA,22802,,coconut_cult; smash_foods; rishi_tea; the_only_bean,,local; artisanal; sustainable,,,http://www.facebook.com/smokerfriendly,
Front Porch Fixins,"10205 Anderson rd, Easley, SC, 29642",https://www.instagram.com/direct/t/109509380446563/?hl=en,Independent Grocery,Easley,1,SC,29642,,spice_walla,,,,,,
Fruitful Yield,"Crowne Plaza, 1250 Roosevelt Road, Lombard, IL 60148, United States of America",https://www.instagram.com/direct/t/114691009927903/,Supermarket,Lombard,36,IL,60148,,btr_bar; evies_snacks; unreal_snacks; chomps; rishi_tea,Sports; Supplements; Personal Care; Healthy Food; New Products; Pets; Organic; Paleo; Vegan; Non-GMO,non-GMO; soy-free; organic; paleo-friendly; vegan; sustainable,,,,
Fruitsuper,"Jeffrey Carey P.S., 524 1st Avenue South, Seattle, WA 98104, United States of America",https://www.instagram.com/fruitsuper/,Independent Grocery,Seattle,2,WA,98104,,brightland; pistakio; joon,MYSTERY BOX; Plant Sticks; Tableware; Utensils; Decor; Kitchenware; Home; Vases; Care Packages; Donation,BIPOC; curated; sustainable; Women Owned; unique,,,,
Full Circle,"64 Lafayette Road, Unit 3, North Hampton, NH 03862, USA",https://www.instagram.com/fullcirclecheese/,Independent Grocery,,7,NH,3862,,alice_mushrooms; fish_wife; freestyle_snacking; masa_chips; rishi_tea; stellar_snacks,Counseling; Mental Health Support; Virtual Counseling; Workforce Wellness; Faith-Based Counseling; Substance Use Counseling; Youth Counseling; Parenting Skills; Support Groups; Executive Coaching,restorative; holistic; faith-based; confidential; executive coaching; high performance,,,,
Gardiner Bakehouse,"297 Bruynswick Road, Gardiner, NY, 12525",https://instagram.com/gardinerbakehouse,Bakery,Gardiner,2,NY,12525,,bjorn_qorn; chikka_chikka,Breads; Pastries; Coffee; Espresso Drinks; Pantry Items; Picnic Favorites,artisanal; sourdough; local,,,,
Garys Wine & Marketplace,"607 Saint Helena Highway South, St. Helena, CA 94574, United States of America",https://www.instagram.com/direct/t/101353487935762/,Wine/Beer/Liquor,St. Helena,1,CA,94574,,graza,,,,,,
Gastrome Market,"1359 E Weldon Ave, Phoenix, AZ, 85014",https://www.instagram.com/direct/t/17842006625708823/?hl=en,Independent Grocery,Phoenix,1,AZ,85014,,spice_walla,,,,,,
Gather Goods Co,"417 Kildaire Farm Road, Cary, NC 27511, United States of America",https://www.instagram.com/direct/t/110673570326352/?hl=en,Independent Grocery,Cary,2,NC,27511,,floura; spice_walla,,,,,,
Gather Natural Market,"4825 EL CAMINO REAL, ATASCADERO, CA",https://www.instagram.com/direct/t/101469401252896/,Independent Grocery,ATASCADERO,1,CA,93422,,rishi_tea,,,,,,
Geisslers,"40 Tunxis Avenue, Bloomfield, CT 06002, United States of America",https://www.instagram.com/direct/t/116853066377720/,Independent Grocery,Bloomfield,11,CT,6002,,one_trick_pony; smash_foods; rishi_tea,,,,,,
Gen Z Art And Gifts,"61 Sailfish Drive, Manteo, NC, 27954",https://www.instagram.com/direct/t/101557681241348/,Independent Grocery,Manteo,1,NC,27954,,spice_walla,,,,,,
Genes Fine Foods,"Gene's Fine Foods, 2803 Hopyard Road, Pleasanton, CA 94588, United States of America",https://www.instagram.com/genesfinefoods/,Boutique Grocer,Pleasanton,3,CA,94588,,a_dozen_cousins; rishi_tea; unreal_snacks,,local; artisanal; gourmet,,,https://www.facebook.com/genesfinefoodspleasanton,
Genes Sausage Shop,"Gene's Sausage Shop & Delicatessen, 4750 North Lincoln Avenue, Chicago, IL 60625, United States of America",https://www.instagram.com/direct/t/116627826398914/,Supermarket,,2,IL,60625,,blobs; smash_foods; rishi_tea,Gourmet Foods; Imported Foods; Liquor; Sausages; Wine; Fresh Produce; Beer; Dairy; Bakery; Deli Meats; Gift Baskets; Sausage,artisanal; prepared foods; gourmet; local,,,https://www.facebook.com/pages/Chicago-IL/Genes-Sausage-Shop/167572647786?ref=ts,
"Genrichs Garden Center, Florist & Greenhouses","375 Cooper Road, City of Rochester, NY 14617, United States of America",https://www.instagram.com/direct/t/108713683851869/,Independent Grocery,Rochester,1,NY,14617,,spice_walla,,,,,,
Gentle Bull Shop,"45 Pratt Street, Hartford, CT 06103, United States of America",https://www.instagram.com/direct/t/17842206233393172/?hl=en,Independent Grocery,Hartford,2,CT,6103,,pistakio; rishi_tea,,,https://www.gentlebullshop.com/,(860) 969-6721,,
Georgetown Natural Foods Market,"4375 GEORGETOWN ROAD, INDIANAPOLIS, IN",https://www.instagram.com/direct/t/109061677160915/,Supermarket,INDIANAPOLIS,1,IN,46254,,rishi_tea,,,,,,
Get Healthy,"1254 South Broad Street, Brooksville, FL 34601, United States of America",https://www.instagram.com/direct/t/103051374429884/,Independent Grocery,Brooksville,7,FL,34601,Zuva,a_dozen_cousins; blobs; coconut_cult; loisa; rishi_tea; unreal_snacks,smoothies; refresh drinks; fresh squeeze; power bites; power bowls; protein bowls; signature bowls; paninis; wraps; salads,organic; healthy; fresh; nutritious; plant-based,,,https://www.facebook.com/FRESHrestaurants/,https://www.twitter.com/fresh_cafe
Gibsons Fresh Grocer,"Gibson's Fresh Grocer, 201 North Service Road East, Ruston, LA 71270, United States of America",http://instagram.com/gibsonsfresh,Independent Grocery,Ruston,2,LA,71270,,chomps; unreal_snacks; rishi_tea,,local; sustainable; organic,,(318)255-3834,http://www.facebook.com/gibsonsfresh,
Gift Baskets,"374 Hollabrook Parkway, Mills River, NC, 28759",https://www.instagram.com/direct/t/111908940201763/,Independent Grocery,Mills River,2,NC,28759,,spice_walla; stellar_snacks,,,,,,
Gift It 850,"3110 Hyde Park Place, Pensacola, FL, 32503",https://www.instagram.com/direct/t/17842620944489171/,Independent Grocery,Pensacola,1,FL,32503,,spice_walla,,,,,,
Giftbar,"465 Bloomfield Ave, Montclair, NJ, 7042",https://www.instagram.com/direct/t/115433999850720/,Independent Grocery,Montclair,1,NJ,7042,,spice_walla,,,,,,
Giften Market,"7483 Cahill Road, Edina, MN 55439, United States of America",https://www.instagram.com/direct/t/108022567264599/,Independent Grocery,Edina,2,MN,55439,,brightland; spice_walla,,,,(952) 260-7499,,
Gifts,"16002 County Road 1865, Lubbock, TX 79424, United States of America",https://www.instagram.com/direct/t/112047976850386/?hl=en,Independent Grocery,Lubbock,3,TX,79424,,fish_wife; neuro_gum; spice_walla,,,,,,
Gingham & Posh,"5210 B Hollyridge Dr, Raleigh, NC, 27612",https://www.instagram.com/direct/t/114617873266313/,Independent Grocery,Raleigh,2,NC,27612,,spice_walla; stellar_snacks,,,,,,
Gingham Market,"17000 Madison Avenue, Lakewood, OH 44107, United States of America",https://www.instagram.com/p/DTGvPb2EyuK/,Boutique Grocer,Lakewood,1,OH,44107,,doosra; fish_wife,Cheese & Charcuterie Boards; Hors d'oeuvres Platters; Fresh Produce; Beer; Gourmet Prepared Foods; Lunch Specials; Artisan Pantry Goods; Freezer-Ready Staples; Wine; Baked Goods,curated; artisanal; local; prepared foods; gourmet,,,,
Giraffe,"17626 VASHON HWY SW 2787, VASHON, WA",https://www.instagram.com/direct/t/108892187173143/,Independent Grocery,VASHON,1,WA,98070,,rishi_tea,,,,,,
Giving Flavor,"5375 West 23rd Avenue, Hialeah, FL, 33016",https://www.instagram.com/direct/t/17848361547049953/,Independent Grocery,Hialeah,1,FL,33016,,spice_walla,,,,,,
Glaser Organic Farms,"13751 SW 192ND ST, MIAMI, FL",https://www.instagram.com/direct/t/111216956943008/,Natural/Organic Market,MIAMI,1,FL,33177,,rishi_tea,,,,,,
Glen Ellen Village Market,"13751 Arnold Drive, Glen Ellen, CA 95442, United States of America",https://www.instagram.com/direct/t/101975301201146/,Independent Grocery,Glen Ellen,3,CA,95442,,a_dozen_cousins; rishi_tea; unreal_snacks,,,,,,
Glover Street Market,"124 North Glover Street, Twisp, WA 98856, United States of America",https://www.instagram.com/gloverstreetmarket/,Independent Grocery,Twisp,2,WA,98856,,fish_wife; rishi_tea,,,,,,
Glut Food Co,"4005 34TH ST., MT. RAINIER, MD",https://www.instagram.com/direct/t/109843210411027/,Co-op,MT. RAINIER,1,MD,20712,,rishi_tea,,,,,,
Godega Market,"423 South 11th Street, Omaha, NE 68102, United States of America",https://www.instagram.com/godegamarket/,Boutique Grocer,Omaha,3,NE,68102,,fish_wife; whims; rishi_tea,Beer; Breakfast Sandwiches; Produce; Sandwiches; Snacks; Espresso; Wine; Cocktails; Coffee; Teas,curated; sustainable; local; artisanal,,,https://www.facebook.com/GodegaMarket/,
Golden Door,"777 Deer Springs Road, San Marcos, CA 92069, United States of America",https://www.instagram.com/direct/t/117803389608179/,Independent Grocery,"San Marcos,",2,CA,92069,,one_trick_pony; rishi_tea,,,,,,
Golden Harvest,"307 Golden Russet Circle, Harvest, AL 35749, United States of America",https://www.instagram.com/direct/t/116684493056492/,Independent Grocery,,7,AL,35749,,blobs; chomps; unreal_snacks; rishi_tea,,,,,,
Good Cheap Food,"53 Main Street, Delhi, N.Y., 13753",https://www.instagram.com/direct/t/113218410070504/,Independent Grocery,Delhi,2,,13753,,bjorn_qorn; chikka_chikka; rishi_tea,,,,,,
Good Food Conspiracy,"30150 OVERSEAS HIGHWAY, BIG PINE KEY, FL",https://www.instagram.com/direct/t/112986410096295/,Independent Grocery,BIG PINE KEY,1,FL,33043,,rishi_tea,,,,,,
Good Foods Grocery,"Good Food Grocery, 3062 Stony Point Road, Richmond, VA 23235, United States of America",https://www.instagram.com/direct/t/17843131817777462/,Supermarket,Richmond,3,VA,23235,,chomps; unreal_snacks; coconut_cult; the_only_bean; rishi_tea,,,,(804)320-6711,,
Good Health,"218 Columbia Road, Hanover, MA 02339, United States of America",https://www.instagram.com/direct/t/111658696887370/,Independent Grocery,Hanover,4,MA,2339,,a_dozen_cousins; blobs; loisa,,,,,,
Good Health Nat Fds Oceana Rtb,"200 EUREKA SQ, PACIFICA, CA",https://instagram.com/oceanamarketpacifica,Supermarket,PACIFICA,1,CA,94014,,a_dozen_cousins; unreal_snacks,Deli; Cheese; Chocolate; Beer; Produce; Spirits; Wine; Grocery; Butcher; Sushi,sustainable; local; organic,,,https://www.facebook.com/oceanamarketpacifica?mibextid=ZbWKwL,
Good Health Natural Foods,"219 COLUMBIA ROAD, HANOVER, MA",https://www.instagram.com/direct/t/110130743708776/?hl=en,Supermarket,HANOVER,1,MA,2339,,rishi_tea,,,,,,
Good Judy Market,"1146 Wealthy Street Southeast, Grand Rapids, MI, 49506",http://instagram.com/goodjudysgr,Juice/Smoothie Bar,Grand Rapids,2,MI,49506,Zuva,bjorn_qorn; whims; graza,Salads; Juices; Cold-Pressed Juice; Organic Products; Snacks; Toasts; Health Foods; Wellness Shots; Healthy Snacks; Cold-Pressed Juices; Juice Cleanses; Smoothies; Catering; Merchandise,healthy; organic; minority-owned; allergen-friendly; local; plant-based; sustainable; cold-pressed; vegan; inclusive,,,,
Good Measure Market,"Good Measure Market, 614 South Main Street, Searcy, AR 72143, United States of America",https://instagram.com/goodmeasuremarket,Health/Supplement Store,,2,AR,72143,,coconut_cult; masa_chips; rishi_tea,Supplements; Organic Produce; Groceries; Gluten Free Kitchen,organic; gluten free; local; sustainable,,,https://facebook.com/goodmeasuremarket,
Good Neighbor,"209 Peru Road, Groton, NY 13073, United States of America",https://www.instagram.com/direct/t/114970496565850/,Independent Grocery,Groton,3,NY,13073,,fish_wife; graza; fly_by_jing,,,,,,
Good Nutrition,"Good Nutrition, 1205 Johnson Ferry Road Northeast, Marietta, GA 30068, United States of America",https://instagram.com/goodnutritionga/,Health/Supplement Store,,7,GA,30068,,blobs; rishi_tea,,organic; local; sustainable,,,http://www.facebook.com/goodnutritionnorcross,http://www.twitter.com/goodnutritionga
Good Tern Co,"750 MAIN ST, ROCKLAND, ME",https://www.instagram.com/direct/t/109035027158195/,Co-op,ROCKLAND,1,ME,4841,,rishi_tea,,,,,,
Good To Go,"Good to Go GVL, 209 West Antrim Drive, Greenville, SC 29607, United States of America",https://www.instagram.com/goodtogogvl,Independent Grocery,Greenville,2,SC,29607,,brightland; stellar_snacks; unreal_snacks,Adventure Meals; Entrées; Stove-Free Meals; Breakfast; Vegan Meals; Microwavable Meals; Multi-packs; Weekender Packs; Food Kits; Emergency Food Kits,vegan; prepared foods; gourmet; dehydrated; adventure food,,,https://www.facebook.com/goodtogofoods,
Goodie Farm,"39216 Vineland St, Cherry Valley, CA, 92223",https://www.instagram.com/goodiefarm/,Independent Grocery,Cherry Valley,4,CA,92223,,bjorn_qorn; brightland; fish_wife; one_trick_pony; spice_walla,Produce; Herbal Apothecary; Sustainable Farming; Nutrient-rich Crops,organic; sustainable; local; farm-to-table,,,https://www.facebook.com/goodiefarm,
Goodland Home & Goods,"GoodLand Home & Goods, 2565 North Downer Avenue, Milwaukee, WI 53211, United States of America",https://www.instagram.com/direct/t/17842076294800318/?hl=en,Boutique Grocer,Milwaukee,2,WI,53211,,fish_wife; fly_by_jing; spice_walla,Tableware; Bedding; Home Goods; Gifts; Furniture; Garden Supplies; Storage Solutions; Decor; Kitchenware; Lighting,artisanal; curated; local; sustainable,,,,
Goodwin & Sons Market,"24089 LAKE GREGORY DR, CRESTLINE, CA",https://www.instagram.com/direct/t/112756826783151/,Independent Grocery,CRESTLINE,1,CA,92325,,rishi_tea,,,,,,
Goodwins Organic,"191 WEST BIG SPRING ROAD, RIVERSIDE, CA",https://www.instagram.com/direct/t/114714539919357/,Natural/Organic Market,RIVERSIDE,2,CA,92507,,rishi_tea; unreal_snacks,,,,,,
Gopuff,"Gopuff, 856 39th Street, New York, NY 11232, United States of America",https://www.instagram.com/petsmart,Delivery Service,Chicago,50,NY,11232,,behave; coconut_cult; chomps; evies_snacks; fish_wife; graza,Pet Essentials; Grooming; Training; Adoptions; Pet Pharmacy; Toys; Food; Treats; Accessories; Health Products; Shop; Private Events; Salon; Memberships; Menu; Large Parties/Private Events; Schwag; eGift Card; Calendar; Events; Food Truck; Kitchen Remodeling; Bathroom Remodeling; Fireplaces; Jacuzzis; Cabinets; Countertops; Vanity Tops; Natural Stone; Quartz; Granite,sustainable; local; grooming; training; adoptions; artisanal; innovative; technology-driven; family-owned; licensed; insured,https://www.gopuff.com/,,https://www.facebook.com/PetSmart,https://twitter.com/LostGenBrewing
Gourmet Galley Catering,"138 Norwich-Westerly Road, North Stonington, CT 06359, United States of America",https://www.instagram.com/direct/t/109537653774837/?hl=en,Independent Grocery,North Stonington,1,CT,6359,,fish_wife; rishi_tea,,,,,,
Gourmet Market,"The Gourmet Market, 27 North Front Street, Wilmington, NC 28401, United States of America",https://www.instagram.com/gourmetmarketandmeats/,Independent Grocery,WILMINGTON,3,NC,28401,,a_dozen_cousins; fish_wife; graza,,,,,,
Gracious Gifts And Home,"116 Montowese Street, Branford, CT, 6405",https://www.instagram.com/direct/t/17847509714563208/,Independent Grocery,Branford,1,CT,6405,,spice_walla,,,,,,
Graft Wine Shop,"700 King Street, Charleston, SC 29403, United States of America",https://www.instagram.com/direct/t/115294653194531/,Wine/Beer/Liquor,Charleston,2,SC,29403,,graza; spice_walla,,,,,,
Grain Train Natural Foods Market,"Young State Park, 2280, Boyne City, MI 49712, United States of America",https://www.instagram.com/direct/t/114639273263248/,Supermarket,Boyne City,3,MI,49712,,chomps; unreal_snacks; rishi_tea,,sustainable; family-friendly; eco-friendly; pet-friendly; accessible,,(231)459-4522,https://www.facebook.com/puremichigan,
Grand,"14 Delancey Street, New York, NY 10002, United States of America",https://www.instagram.com/capitalbikeshare,Independent Grocery,New York,5,NY,10002,,behave; freestyle_snacking; one_trick_pony; rishi_tea; stellar_snacks,Lodging; Skiing; Snowboarding; Dining; Wellness; Spa Treatments; Fitness; Golf; Winter Activities; Group Outings,convenient; sustainable; local; affordable; gourmet; wellness; family-friendly,,,https://www.facebook.com/CapitalBikeshare,https://twitter.com/bikeshare
Grassy Key Land And Sea Market,"58152 OVERSEAS HIGHWAY, MARATHON, FL",https://www.instagram.com/direct/t/17846072343295590/,Independent Grocery,MARATHON,1,FL,33050,,rishi_tea,,,,,,
Grateful Table Canton,"473 Main Street, Canton, NC, 28716",https://www.instagram.com/direct/t/17851895564672400/,Independent Grocery,Canton,1,NC,28716,,spice_walla,,,,,,
Gravel Pit Farm,"20 Gravel Pit Road, Nottingham, NH 03290, United States of America",https://www.instagram.com/direct/t/17844308639494768/,Independent Grocery,Nottingham,1,NH,3290,,spice_walla,,,,,,
Graze Acadiana Llc,"113 Arnould Blvd, Lafayette, LA, 70506",https://www.instagram.com/direct/t/103053214429867/,Independent Grocery,Lafayette,1,LA,70506,,spice_walla,,,,,,
Great American,"Great American International Seafood Market, 31224 Palos Verdes Drive West, Rancho Palos Verdes, CA 90275, United States of America",https://www.instagram.com/great_american_seafood_market/,Supermarket,Rancho Palos Verdes,3,CA,90275,,brightland; joon; stellar_snacks,Seafood; Prepared Foods; Specialty Products; Wine; Condiments; Pasta; Salads; Salsas; Seasonings; Canned Seafood,sustainable; local; gourmet; prepared foods; international,,,http://fb.me/GREATAMERICANSEAFOODMARKET,
Grebes,"703 North 3rd Avenue, Wausau, WI 54401, United States of America",https://www.instagram.com/direct/t/106074387457805/,Independent Grocery,Wausau,1,WI,54401,,spice_walla,,,,,,
Green Door Gourmet,"7007 River Road Pike, Nashville, TN 37209, United States of America",https://www.instagram.com/direct/t/17842457807385213/,Independent Grocery,Nashville,2,TN,37209,,freestyle_snacking; spice_walla,,,,,,
Green Forest Market,"1717 Kings Hwy, Brooklyn, NY, 11229",https://www.instagram.com/direct/t/103607814372152,Independent Grocery,Brooklyn,4,NY,11229,,bjorn_qorn; rishi_tea; coconut_cult; one_trick_pony,Organic Groceries; Dairy; Bulk Products; Vitamins; Health Products; Home Appliances; Cleaning Supplies,organic; sustainable,,,,
Green Goddess,"The Curious Otter, 2419 Main Street, Village of Lake Placid, NY 12946, United States of America",https://instagram.com/greengoddessmarket,Natural/Organic Market,Lake Placid,3,NY,12946,Zuva,a_dozen_cousins; bjorn_qorn,Whole Foods; Groceries; Produce; Prepared Meals; Soups; Salads; Sandwiches; Wraps; Smoothies; Baked Goods,local; sustainable; organic; vegan; gluten-free; prepared foods,,,https://facebook.com/GreenGoddessNaturalMarket,
Green Grocer & Deli,"77 N WALWORTH, WILLIAMS BAY, WI",https://www.instagram.com/direct/t/112872806776667/,Deli/Prepared Foods,WILLIAMS BAY,1,WI,53191,,rishi_tea,,,,,,
Green Life,"238 Newton Sparta Road, Andover Township, NJ 07860, United States of America",https://www.instagram.com/greenlifemarket/,Independent Grocery,ANDOVER,15,NJ,7860,,a_dozen_cousins; rishi_tea; behave; graza; blobs; coconut_cult; evies_snacks; glonuts; whims; loisa; masa_chips; neuro_gum,Deli; Health and Beauty; Pet; Juice and Smoothie; Garden Center; Produce; Frozen,sustainable; local; plant-based; organic,,,https://www.facebook.com/GreenLifeMarket,
Green Organic Market,"275 South Central Avenue, Hartsdale, NY 10530, United States of America",https://www.instagram.com/direct/t/17848821402388100/?hl=ro,Natural/Organic Market,Hartsdale,2,NY,10530,,a_dozen_cousins; rishi_tea; blobs; whims,,,,,,
Green Street Market,"Green Street Market, 1898 Green Street, San Francisco, CA 94123, United States of America",https://www.instagram.com/direct/t/120244582702815/,Independent Grocery,,5,CA,94123,,blobs; loisa; masa_chips; neuro_gum; rishi_tea; unreal_snacks,,,,,,
Green Valley,"Green Valley Mart, 162 Driggs Avenue, New York, NY 11222, United States of America",https://www.instagram.com/direct/t/117699226284638/,Independent Grocery,Brooklyn,7,NY,11222,,behave; bon_bon_swedish_candy; glonuts; loisa; rishi_tea; smash_foods,,,,,,
Greenacres Market,"11260 Greenacres, Caddo Parish, LA 71106, United States of America",https://www.instagram.com/direct/t/118915199502068/,Independent Grocery,Wichita,4,LA,71106,,chomps; unreal_snacks; rishi_tea,,,,(316)729-4365,,
Greenbush Brewing Co,"5852 Sawyer Road, Chikaming Township, MI 49125, United States of America",https://www.instagram.com/direct/t/104218957643853/,Independent Grocery,Sawyer,1,MI,49125,,spice_walla,,,,,,
Greener Goods,"110 South Neil Street, Champaign, IL, 61820-4910",https://www.instagram.com/direct/t/109622553891118/,Independent Grocery,Champaign,1,IL,61820-4910,,spice_walla,,,,,,
Greenes Fine Foods,"141 East Trinity Place, Decatur, GA, 30030",https://www.instagram.com/direct/t/117483222973239/,Supermarket,Decatur,1,GA,30030,,spice_walla,,,,,,
Greens Natural Foods,"Green's Natural Foods, 780 White Plains Road, Village of Scarsdale, NY 10583, United States of America",https://www.instagram.com/direct/t/101316691269333/,Supermarket,,15,NY,10583,,blobs; unreal_snacks; fish_wife; freestyle_snacking; rishi_tea,,advanced therapies; personalized care; rehabilitation; physical therapy,https://www.greensnaturalfoods.com,,https://www.facebook.com/panerabread/,https://x.com/panerabread
Greenside Beverage Company,"102 North Green Street, Longview, TX 75601, United States of America",https://www.instagram.com/greensidebevco,Wine/Beer/Liquor,Longview,1,TX,75601,,fish_wife; graza,,,,,,
Greentree Co-Op Market,"Mt Pleasant City Hall, 320 West Broadway Street, Mount Pleasant, MI 48858, United States of America",https://www.instagram.com/direct/t/102298264504079/,Co-op,MT PLEASANT,2,MI,48858,,rishi_tea; smash_foods,,,,,,
Gristedes,"907 8th Avenue, New York, NY 10019, United States of America",https://www.instagram.com/gristedes,Supermarket,New York,29,NY,10019,,evies_snacks; neuro_gum; rishi_tea,Chicken; Vegetables; Prepared Foods; Catering; Gift Cards; Digital Coupons; Weekly Specials; Flu Shots; Recipes; Savings; Wine; Red Wine; White Wine; Champagne & Sparkling; Liquors; Whiskeys; Mixers & More; Kosher Wines; Local Wines; Specialty Porto,prepared foods; local; sustainable; kosher; international; gourmet; historic; Art Deco; upscale; unique dining,,,https://www.facebook.com/Gristedes,https://twitter.com/CitiBikeNYC
Grove,"1483 Solano Ave, Albany, CA 94706, USA",https://www.instagram.com/grove34nyc/,Independent Grocery,,2,CA,94706,,alice_mushrooms; brightland,,live comedy; local talent; curated shows,,,https://www.facebook.com/Grove34studio/,
Grove Village Market Inc,"Fuel America - Grove Street, 100 Grove Street, Worcester, MA 01605, United States of America",https://www.instagram.com/fuelamerica/,Deli/Prepared Foods,Worcester,2,MA,1605,,masa_chips; rishi_tea,Coffee; Breakfast; Lunch; Salads; Sandwiches; Smoothies; Beverages; Gift Cards; Catering; Desserts,local; artisanal; gourmet; prepared foods; sustainable,,,https://www.facebook.com/fuelamericacoffeehouse.cafe/,https://x.com/FuelAmericaCo
Grow,"270 Camp Rd, Suite 101, CHARLOTTE, NC 28206, USA",https://www.instagram.com/growingupgreennyc/,Independent Grocery,,5,NC,28206,,alice_mushrooms; fish_wife; zabs_hot_sauce; graza; smash_foods; unreal_snacks,,social-emotional learning; inclusive; diverse-by-design,,,https://www.facebook.com/GrowingUpGreenCharterSchool,
Grubbs Grocery,"4 Jackson Walk Plaza, Jackson, TN 38301, United States of America",https://www.instagram.com/direct/t/119058676151340/,Supermarket,Jackson,4,TN,38301,,a_dozen_cousins; rishi_tea; chomps; coconut_cult; unreal_snacks,,,,,,
Guevel,"Guevel, 1828 Grand Boulevard, Kansas City, MO 64108, United States of America",https://www.instagram.com/guevelkc/,Boutique Grocer,Kansas City,1,MO,64108,,fish_wife; graza,Outerwear; Accessories; Sweatshirts; Shirts; Knitwear; Denim Services; T-Shirts; New Arrivals; Bottoms; Denim,curated; artisanal; emerging brands,,,https://www.facebook.com/guevel.co,
Guild,"1508 Abbot Kinney Blvd., Venice, CA 90291, USA",https://www.instagram.com/wineguildcville/,Boutique Grocer,,3,CA,90291,,alice_mushrooms; spice_walla; stellar_snacks,Dinnerware; Flatware; Glassware; Serveware; Table Linens; Home & Decor; Furniture; Lighting; Accessories; Art,artisanal; curated; handcrafted; original designs; collectible objects,,,,
Gunnison Vitamin & Health Food,"804 North Main Street, Gunnison, CO 81230, United States of America",https://www.instagram.com/direct/t/17842565849691148/,Health/Supplement Store,Gunnison,1,CO,81230,,loisa; smash_foods,,,,,,
Guss Community Market,"Gus's Community Market, 1101 4th Street, San Francisco, CA 94158, United States of America",https://www.instagram.com/gussmarket,Co-op,SAN FRANCISCO,4,CA,94158,,rishi_tea; unreal_snacks; whims,Grocery; Catering; Takeout; Gift Cards; Tote Bags; Special Offers; Prepared Foods; Sandwiches; Salads; Local Products; Appetizers,local; family-owned; sustainable; prepared foods,,,,
H Mart,"H Mart, 47th Avenue, New York, NY 11361, United States of America",https://www.instagram.com/direct/t/109693897097162/,International Grocery,,5,NY,11361,Zuva,coconut_cult; rishi_tea; unreal_snacks,Beauty; New Arrivals; Market; Brands; Weekly Ads; Snacks; Beverages; Health Foods; Produce; Dairy,international; gourmet; curated,,,https://www.facebook.com/hmartofficial,
Hadley Fruit Orchards,"47993 Morongo Trail, Cabazon, CA 92230, United States of America",https://www.instagram.com/direct/t/109087580486190/,Independent Grocery,CABAZON,3,CA,92230,,rishi_tea; smash_foods; stellar_snacks,,,,,,
Haggen,"Haggen, 1313 Cooper Point Road SW, Olympia, WA 98502, United States of America",https://www.instagram.com/direct/t/110012373726416/,Supermarket,Olympia,46,WA,98502,,chomps; unreal_snacks; evies_snacks; smash_foods; neuro_gum; fish_wife; loisa; rishi_tea,Pharmacy; Deli; Fresh Meat; Beer/Wine; Convenience Food; Tobacco; Fresh Produce; Bakery; Limited Time Offers; Pet Supplies; Fresh Seafood; Checking Accounts; Savings Accounts; Loans; Credit Cards; Home Loans; Insurance; Business Checking; Business Loans; Certificates; IRAs; Dairy; Fruits & Vegetables; Meat & Seafood; Pantry; Beverages; Frozen Foods; Household; Personal Care & Health; Personal Banking; Consumer Loans; Deposits; Wealth and Investments; SBA Lending; ATM Services; High Yield Savings; Home Equity Line of Credit,diesel; grab-and-go; fuel rewards; convenience; convenient; sustainable; local; community-focused; organic; prepared foods; community engagement; educational resources; digital library; family programs,,(360)754-1428,https://www.facebook.com/safeway,https://www.twitter.com/Safeway
Haines Packing Co,"79775 Hwy 111, La Quinta, CA 92253, United States of America",https://www.instagram.com/hainespacking.laquinta,Independent Grocery,La Quinta,3,CA,92253,,brightland; fish_wife,,,,,,
Hampden Park Co-Op,"Hampden Park Co-op, 928 Raymond Avenue, Saint Paul, MN 55114, United States of America",https://www.instagram.com/direct/t/100735394665268,Co-op,Saint Paul,2,MN,55114,,chomps; unreal_snacks; rishi_tea,,,,(651)646-6686,,
Handcrafted Fcd,"2683 270th st, Kamrar, IA, 50132",https://www.instagram.com/direct/t/100612591340072/,Independent Grocery,Kamrar,1,IA,50132,,spice_walla,,,,,,
Handy Market,"2514 West Magnolia Boulevard, Burbank, CA 91505, United States of America",https://www.instagram.com/direct/t/101261267941753/,Independent Grocery,Burbank,1,CA,91505,,a_dozen_cousins; rishi_tea,,,,,,
Hank And Sylvies,"91 East Croy Street, Hailey, ID, 83333-8407",https://www.instagram.com/direct/t/103175217743772/,Independent Grocery,Hailey,1,ID,83333-8407,,spice_walla,,,,,,
Harbor Fish Market,"9 Custom House Wharf, Portland, ME 04101, United States of America",https://www.instagram.com/direct/t/113178820074554/,Independent Grocery,Portland,1,ME,4101,,spice_walla,,,,,,
Harmony & Health,"1304 Old United States Highway 135 NE, Corydon, IN 47112, United States of America",https://www.instagram.com/direct/t/114751599916300/,Independent Grocery,Corydon,2,IN,47112,,graza; rishi_tea,Fried Chicken; Sandwiches; Family Meals; Nuggets; Sides; Biscuits; Catering; Drive-Thru; Delivery; Rewards Program,fried chicken; family meals; catering; drive-thru,,,,
Harmony Farms,"69 Harmony Farms Drive, Pawling, NY 12564, United States of America",https://www.instagram.com/direct/t/102834287784231/,Independent Grocery,,3,NY,12564,,blobs; the_only_bean; rishi_tea; unreal_snacks,,,,,,
Hartford Prints!,"Hartford Prints, 42 1/2 Pratt Street, Hartford, CT 06103, United States of America",https://www.instagram.com/direct/t/110485527009998/,Independent Grocery,Hartford,3,CT,6103,,joon; pistakio; spice_walla,Apparel; Accessories; Home; Goods; Kids; Stationery; Calendars; Decor; Toys; Gifts,local; artisanal; curated,,,,
Harts Family Center,"131 East Van Buren, Eureka Springs, AR 72632, United States of America",https://www.instagram.com/hartsfamilycenter/,Independent Grocery,Eureka Springs,3,AR,72632-3653,,behave; fish_wife; rishi_tea; the_only_bean,,,,,,
Harvard General,"1 Still River Road, Harvard, MA 01451, United States of America",https://www.instagram.com/harvardgeneralstore/,Gift/Specialty Shop,MA,1,MA,United States,,brightland,,,,,,
Harvest Market,"Harvest Market, 2029 South Neil Street, Champaign, IL 61820, United States of America",https://www.instagram.com/harvestmarketchampaign/,Supermarket,Champaign,24,IL,61820,,a_dozen_cousins; rishi_tea; blobs; brightland; whims; freestyle_snacking; chomps; unreal_snacks; coconut_cult; smash_foods; loisa; one_trick_pony; zabs_hot_sauce; yolele,"Bakery; Butcher Shop; Cheese Shop; Seafood; Wine, Beer, and Spirits; Pharmacy; Deli; Floral; Coffee Shoppe; Meal Kits; Our Farms; Kitchen; New Products; Specials; Specialty Cheese; General Merchandise; Produce; Health and Beauty; Meat; Grocery; Sushi; Coffee Bar; Prepared Foods; Appetizers; Soups & Salads; Rice & Noodle; Chinese Dinner; Japanese Dinner; Lunch Special; Bento Box; Sashimi; Drinks; Meat & Seafood; Cheese; Beverages; Snacks; Dairy; Coffee Shop",local; artisanal; sustainable; farm-to-table; gourmet; prepared foods; nutritious; organic; international,,,https://www.facebook.com/HarvestMarketChampaign/,
Haskill Creek,"1202 Voerman Road, Whitefish, MT 59937, USA",https://instagram.com/haskillcreek,Boutique Grocer,,3,MT,59937,,alice_mushrooms; rishi_tea; brightland; diaspora_co,natural supplements; organic skin care; body care; home goods; herbal supplements; gift items; cooking oils; vinegars; local products; sustainable products,organic; sustainable; local; curated; wellness,,,,
Hatchett Goods,"15 Lakeshore Dr., Asheville, NC, 28804",https://www.instagram.com/direct/t/17849607101891271/,Independent Grocery,Asheville,1,NC,28804,,spice_walla,,,,,,
Haute Cakes Caffe,"Haute Cakes Cafe, 1807 Westcliff Drive, Newport Beach, CA 92660, United States of America",https://www.instagram.com/hautecakescaffe,Deli/Prepared Foods,Newport Beach,2,CA,92660,,fly_by_jing; graza,Breakfast; Lunch; Coffee Bar; Bakery; Salads; Soups; Sandwiches; Pastries; Catering; Event Rentals,local; artisanal; prepared foods; sustainable,,,,
Hays Market,"201 Johnstown Center Drive, Johnstown, CO 80534, United States of America",https://www.instagram.com/hays_market/,Independent Grocery,Johnstown,4,CO,80534,,a_dozen_cousins; chomps; loisa,Pharmacy; Deli; Floral; Meat Department; Bakery; Produce; Wine & Beer; Sushi,community-focused; local; sustainable; family-run,,,https://www.facebook.com/HaysMarket,
Health & Nutrition Center,"Health and Nutrition Center, 5730 Vickery Street, Lavonia, GA 30553, United States of America",https://www.instagram.com/margarettietz/,Health/Supplement Store,,2,GA,30553,,coconut_cult; rishi_tea,,,,,,
Health Hut,"Mi Cocina, 19035 West Bluemound Road, Goerke's Corners, WI 53045, United States of America",https://www.instagram.com/direct/t/115103556540491/,Health/Supplement Store,Brookfield,11,WI,53045,,a_dozen_cousins; coconut_cult; rishi_tea; unreal_snacks; evies_snacks; graza,,,,,,
Health Hutt,"Health Delivery Inc., 322 North Jefferson Avenue, Saginaw, MI 48607, United States of America",https://www.instagram.com/direct/t/111776036882932/,Health/Supplement Store,Muskegon,6,MI,48607,,chomps; unreal_snacks; evies_snacks; graza; freestyle_snacking; rishi_tea,,,,(231)744-0859,,
Health Unlimited,"2968 North Druid Hills Rd NE, Atlanta, GA 30329, USA",https://www.instagram.com/healthunlimited/,Independent Grocery,,4,GA,30329,,alice_mushrooms; coconut_cult; rishi_tea; whims,Fitness Programs; Aquatics; Group Fitness; Personal Training; Kids Activities; Swim Lessons; Birthday Parties; Community Events; Sauna Services; Pickleball,family-friendly; community-focused; aquatics; personal training; group exercise; youth programs; organic; natural remedies,,,https://www.facebook.com/healthunlimitedatl/,
Healthfair,"Healthfair Natural Food Market, 625 Branch Avenue, Little Silver, NJ 07739, United States of America",https://www.instagram.com/healthfair_naturalfoodmarket,Natural/Organic Market,LITTLE SILVER,2,NJ,7739,Zuva,a_dozen_cousins; behave,Juices; Beverages; Snacks; Vitamins; Health Foods; Health Supplements; Organic Foods; Natural Products; Prepared Foods; Natural Foods; Smoothies; Superfoods,organic; natural; health-focused; sustainable; local,,,https://www.facebook.com/Healthfairnaturalfoodmarket,
Healthy Hut Market,"4480 Hookui Road, Kilauea, HI 96754, USA",https://www.instagram.com/direct/t/105618057503084/,Independent Grocery,,4,HI,96754,,alice_mushrooms; coconut_cult; masa_chips; rishi_tea,,,,,,
Healthy Living,"H&V Collision Center, 2202 Ballston Avenue, City of Saratoga Springs, NY 12866, United States of America",https://www.instagram.com/healthy.living.market/,Independent Grocery,Saratoga Springs,17,NY,12866,,a_dozen_cousins; smash_foods; chomps; unreal_snacks; fish_wife; graza; loisa; freestyle_snacking; rishi_tea; zabs_hot_sauce,,organic; local; sustainable,,,,
Healthy Rhino,"Alburritos, 106 Main Street, Littleton, NH 03561, United States of America",https://www.instagram.com/alburritos603,Independent Grocery,Littleton,2,NH,3561,,a_dozen_cousins; neuro_gum,Tacos; Burritos; Enchiladas; Bowls; Fajitas; Chimichangas; Nachos; Mac & Cheese; Seafood; Catering; Drinks,local; made-from-scratch; sustainable; family-owned; Tex-Mex,,,https://www.facebook.com/60069793726,
Healthy Way,"Bedford Cheese Shop, 265 Bedford Avenue, New York, NY 11211, United States of America",https://www.instagram.com/direct/t/17842756940774222/,Independent Grocery,Brooklyn,7,NY,11211,,behave; loisa; chomps; unreal_snacks; freestyle_snacking; graza; rishi_tea,,,,,,
Heathered Grey,"78 West Market Street, Corning, NY 14830, United States of America",https://www.instagram.com/direct/t/17845692755521451/,Independent Grocery,Corning,1,NY,14830,,brightland; masa_chips,,,,(607) 377-5012,,
Heavener Runestone Park,"4494 E Highway 131, Wardville, OK, 74576-5070",https://www.instagram.com/direct/t/101630397906547/,Independent Grocery,Wardville,1,OK,74576-5070,,spice_walla,,,,,,
Helena Avenue Bakery,"218 Helena Avenue, Santa Barbara, CA 93101, United States of America",https://www.instagram.com/helenaavenuebakery,Bakery,Santa Barbara,4,CA,93101,,fish_wife; spice_walla; stellar_snacks,,,,,,
Helms Bakery,"3220 Helms Avenue, Los Angeles, CA 90034, United States of America",https://www.instagram.com/direct/t/106037730796856/,Bakery,Los Angeles,3,CA,90034,,chikka_chikka; joon; pistakio; rishi_tea; rooted_fare,Books on the Arts; Home Furnishings; Design; Restaurants; Events; Art; Gifts; Public Art; Food; Lifestyle,artisanal; curated; local; sustainable,,,,
Hermans Farm Market & Cider Mill,"Herman's Farm Market & Cider Mill, 741 Five Mile Line Road, Webster, NY 14580, United States of America",https://www.instagram.com/direct/t/121089292617011/,Independent Grocery,Webster,1,NY,14580,,spice_walla,,,,,,
Hester General,"Hester Store, 1735 Hester Store Road, Easley, SC 29640, United States of America",https://www.instagram.com/direct/t/17845279905497615/,Gift/Specialty Shop,Easley,2,SC,29640,,fly_by_jing; spice_walla,,,,,,
Hickory Nut Gap Farm,"57 Sugar Hollow Road, Fairview, NC 28730, United States of America",https://www.instagram.com/direct/t/101779901224148/,Independent Grocery,Fairview,2,NC,28730,,fish_wife; spice_walla,,,,,,
Hidden Grounds,"400 Union Avenue, Brooklyn, NY, 11211-4063",https://www.instagram.com/direct/t/112591373460014/,Independent Grocery,Brooklyn,1,NY,11211-4063,,spice_walla,,,,,,
Hidden Valley Market,"7200 Williams Hwy, Grants Pass, OR, 975279481",https://www.instagram.com/hiddenvalleymarket/,Supermarket,Grants Pass,1,OR,975279481,,yolele,Produce; Deli; Meat; Craft Beer; Wine; Salads; Sides; Fresh Fish; Chicken; Local Products,local; farm-to-table; sustainable; artisanal,,,https://www.facebook.com/hiddenvalleymarket1,https://twitter.com/HiddenValleyMkt
High Desert Market,"203 Tombstone Canyon Road, Bisbee, AZ 85603, United States of America",https://www.instagram.com/direct/t/17843123499098105/,Independent Grocery,Bisbee,2,AZ,85603,,fish_wife; spice_walla,,,,,,
High Noon General,"High Noon, 213 Galisteo Street, Santa Fe, NM 87501, United States of America",https://www.instagram.com/highnoon.generalstore/,Gift/Specialty Shop,Santa Fe,2,NM,87501,,brightland; masa_chips; fly_by_jing; stellar_snacks,Pantry Provisions; Apothecary; Kids + Baby; Home Decor; Textiles; Household; Skincare; Garden + Outdoor; Kitchen Goods; Pets,artisanal; curated; sustainable; small-batch; carbon-neutral,,,https://www.facebook.com/people/High-Noon-General-Store/100089441104264/,
Highland Books,"36 W Main St, Brevard, NC, 28712",https://www.instagram.com/direct/t/115237296533353/,Independent Grocery,Brevard,1,NC,28712,,spice_walla,,,,,,
Highland Gardens,"Highland Gardens, 9736 North 4800 West, American Fork, UT 84003, United States of America",https://www.instagram.com/highlandgardensevents/,Independent Grocery,American Fork,1,UT,84003,,brightland,Home Decor; Gifts; Garden Center; Event Center,local; artisanal; sustainable,,(385) 455-9866,,
Highland Park Market,"Highland Park Market, 1320 Manchester Road, Glastonbury, CT 06033, United States of America",https://www.instagram.com/direct/t/17843450148466815/?hl=en,Independent Grocery,,9,CT,6033,,cauli_puffs; loisa; graza; hormbles_chormbles; one_trick_pony; rishi_tea; unreal_snacks,Departments; Soup; Weekly Ad; Market Rewards; Catering,local; artisanal; prepared foods; sustainable,,,,
Hill View Farms Meats,"5024 Lee Rudy Road, Owensboro, KY, 42301",https://www.instagram.com/direct/t/113679616694231/,Independent Grocery,Owensboro,1,KY,42301,,spice_walla,,,,,,
Hills Kitchen,"713 D Street Southeast, Washington, DC, 20003",https://www.instagram.com/direct/t/108524013877194/,Independent Grocery,Washington,1,DC,20003,,spice_walla,,,,,,
Hiwasse Mercantile,"13587 North Highway 279, Hiwasse, AR 72739, United States of America",https://www.instagram.com/direct/t/17852136866753920/,Independent Grocery,Hiwasse,1,AR,72739,,graza,,,,,,
Holiday Food Market,"Holiday Market, 520 South Lilley Road, Canton, MI 48188, United States of America",https://www.instagram.com/direct/t/108291533897898/,Independent Grocery,Canton,2,MI,48188,,graza; rishi_tea,,,,,,
Holiday Market,"Holiday Market, 520 South Lilley Road, Canton Township, MI 48188, United States of America",https://www.instagram.com/direct/t/17842296353883047/,Independent Grocery,CANTON,16,MI,48188,,a_dozen_cousins; blobs; chomps; unreal_snacks; evies_snacks; smash_foods; rishi_tea; yolele,Outdoor; Kitchen; DIY; Home Improvement; Flooring; Housekeeping; Basement; Exterior; Home Services; Decor,non-smoking; complimentary breakfast; fitness center; business center; home improvement; sustainable; DIY; home services,,,https://facebook.com/homebaseproject,
Holly & Olive,"28 South Street, Hingham, MA 02043, United States of America",https://www.instagram.com/direct/t/17851299375342693/,Independent Grocery,Hingham,1,MA,2043,,brightland; fish_wife,,,,,,
Holt X Palm,"115 S PALM, ONTARIO, CA 91762, USA",https://www.instagram.com/holtxpalm/,Boutique Grocer,,2,CA,91762,,alice_mushrooms; brightland,Gift Ideas; Home Decor; Furniture; Art; Kitchen + Dining; Greeting Cards; Books; Cocktails; Wellness; Pets,curated; artisanal; local; gourmet,,,https://www.facebook.com/people/Holt-x-Palm/100088424944367/,
Homecoming,"116 Franklin Street, New York, NY 11222, United States of America",https://www.instagram.com/homecoming/,Independent Grocery,Brooklyn,1,NY,11222,,brightland,,,,,,
Homegoods,"HomeGoods, 24663 Crenshaw Boulevard, Torrance, CA 90505, United States of America",https://instagram.com/homegoods,Retail/Department Store,San Pedro,8,CA,90731,,droosh,Home Decor; Furniture; Bedding; Kitchen Essentials; Gourmet Foods; Workspace Essentials; Seasonal Decor; Pet Supplies; Lighting; Gifts; Rugs; Mirrors; Gift Items,affordable; international; gourmet; seasonal; curated; unique selection; seasonal decor,https://www.homegoods.com/,,https://www.facebook.com/homegoods,
Homegrown,"412 Church Street, Decatur, GA, 30030",https://www.instagram.com/eathomegrown/,Independent Grocery,Decatur,4,GA,30030,,spice_walla; unreal_snacks,Salads; Sustainable Foods; Sandwiches; Soups; Catering; Local Ingredients; Prepared Foods; Healthy Meals; Bowls; Seasonal Offerings,farm-to-table; prepared foods; sustainable; local,,,https://www.facebook.com/eathomegrown/,https://twitter.com/eathomegrown/
Homeland,"307 Stuyvesant Avenue, New York, NY 11233, United States of America",https://www.instagram.com/homelandstores/,Supermarket,BROOKLYN,16,NY,11233,,a_dozen_cousins; chomps; unreal_snacks; rishi_tea,Household; Babies; Health & Wellness; Dairy & Frozen; Personal Care; Pantry; Beverages; Pets,,,,https://www.facebook.com/HomelandGroceryStores,https://twitter.com/homelandstores
Homeport,"Homeport, 52 Church Street, Burlington, VT 05401, United States of America",https://instagram.com/homeport,Boutique Grocer,Burlington,1,VT,5401,,spice_walla,Kitchen Appliances; Bakeware & Accessories; Barware; Coffee & Tea; Kitchen Gadgets; Furniture; Table Top & Dining; Bath & Self Care; Personal Care; Tech Accessories,local; artisanal; curated,,,https://facebook.com/homeport,https://twitter.com/homeport
Honey Hi,"Sunset Tower Hotel, 8358 West Sunset Boulevard, West Hollywood, CA 90069, United States of America",http://www.instagram.com/sunset_tower,Independent Grocery,Los Angeles,1,CA,90026,,diaspora_co,,luxurious; historic; Hollywood glamour,,,,[object Object]
Honeywood Farms,"Honeywood Farms, 894 GA 18, Barnesville, GA 30204, United States of America",https://www.instagram.com/direct/t/113450140051119/,Independent Grocery,Barnesville,2,GA,30204,,freestyle_snacking; spice_walla,,,,,,
Hoodoo Ice Cream,"HooDoo Ice Cream, North Columbia Street, Covington, LA 70434, United States of America",https://www.instagram.com/direct/t/108886747174446/,Independent Grocery,,1,LA,70434,,graza,,,,,,
Hornbachers,"Hornbacher's, 4101 13th Avenue South, Fargo, ND 58103, United States of America",https://www.instagram.com/hornbachers_nd/,Supermarket,Fargo,11,ND,58103,,chomps; fly_by_jing; smash_foods; unreal_snacks; rishi_tea; the_only_bean,Deli; Canned Goods & Soups; Beverages; Frozen; Prepared Food; Dairy & Eggs; Bakery; Produce; Snacks & Candy; Meat & Seafood; Dry Goods & Pasta,prepared foods; organic; local; sustainable; fresh; farm-to-table,,(701)281-8111,,
Horseradish Kitchen/Teak&Soxy,"505 West Water Street, Village of Princeton, WI 54968, United States of America",Fishwife,Boutique Grocer,Princeton,2,WI,54968,,brightland; zabs_hot_sauce; fly_by_jing,,gourmet; local; artisanal,,(920) 481-0239,,
Hudsons Place,"3146 Ramzi Lane, Auburn Hills, MI 48326, United States of America",https://www.instagram.com/direct/t/110763660314299/,Independent Grocery,Auburn Hills,1,MI,48326-2057,,brightland; masa_chips,,,,,,
Humboldt House,"Humboldt House, 1045 North California Avenue, Chicago, IL 60622, United States of America",Fishwife,Independent Grocery,Chicago,1,IL,60622,,brightland; zabs_hot_sauce,,,,(312) 785-1442,,
Huntington,"1151 Oxford Road, San Marino, CA, 91108",https://www.instagram.com/direct/t/104696497590296/,Independent Grocery,San Marino,1,CA,91108,,spice_walla,,,,,,
Huriyali,"2016 Wappoo Drive, Charleston, SC 29412, United States of America",https://www.instagram.com/direct/t/115330506527092/,Independent Grocery,Charleston,2,SC,29412,,brightland; graza,,,,,,
Hy Vee,"Hy-Vee, 201 North Belt Highway, Saint Joseph, MO 64506, United States of America",https://www.instagram.com/direct/t/116566093069160/,Supermarket,ST JOSEPH,22,MO,64506,,a_dozen_cousins; chomps; unreal_snacks; smash_foods; stellar_snacks,Fuel Rewards; Fresh Meals; Groceries; Bakery; Catering; Floral; Italian; Sushi; Wine and Spirits; Health & Pharmacy; Online Groceries; Fast & Fresh Convenience Store; Produce; Pharmacy; Seafood; Deli; Meat Market; Bakery & Cakes; Gifts & Gift Cards; Flowers; Pizzas; Pastas; Salads; Grab-n-Go Items; Breadsticks; Garlic Parmesan Bites; Cinnamon Sticks; Cookies; Brownies,convenience; prepared foods; local; fresh; convenient; catering; affordable; fast,,,https://www.facebook.com/broadwaypizzadtminneapolis,https://twitter.com/Broadway_Pizza
Idylwilde Farms,"Idylwilde Farms, 364 Central Street, Acton, MA 01720, United States of America",https://www.instagram.com/idylwildefarm/,Independent Grocery,,3,MA,1720,,coconut_cult; one_trick_pony; rishi_tea,,,,,,
Il Mercato,"Proper Food, 1300 El Camino Real, Menlo Park, CA 94025, United States of America",https://www.instagram.com/eatproper/,Deli/Prepared Foods,Menlo Park,2,CA,94025,,fish_wife; spice_walla,Sandwiches; Salads; Soups; Chef’s Specials; Takeaway; Catering; Gift Cards; Rewards,made-from-scratch; seasonal; wholesome; prepared foods,,,https://www.facebook.com/eatproper/,http://twitter.com/@eatproper
Indigo Bleu,"Indigo Bleu, 39 West Philadelphia Street, York, PA 17401, United States of America",https://instagram.com/p/zkiJvkh7Io/,Independent Grocery,York,1,PA,17401,,brightland; shuug,Outerwear; Tops; Gift Cards; Dresses; Bottoms; Candles,curated; fashionable; unique gifts,,,https://www.facebook.com/pages/Indigo-Bleu/1479478898949061,
Inspirations Gift,"4081 East La Palma Avenue, Anaheim, CA 92807, United States of America",https://www.instagram.com/direct/t/104945810907557/,Independent Grocery,Anaheim,2,CA,92807,,brightland; spice_walla,,,,,,
International Market,"2013 Belmont Boulevard, Nashville, TN 37212, United States of America",https://www.instagram.com/imnashville/,Independent Grocery,Nashville,4,TN,37212,,droosh; fish_wife; fly_by_jing; spice_walla; unreal_snacks,,,,,,
Isadora Popper,"33 North Main Street, Clayton, GA 30525, United States of America",https://www.instagram.com/isadorapopper/,Independent Grocery,Clayton,2,GA,30525,,graza; stellar_snacks,,,,,,
Island,"58 Kupuohi Street, Lahaina, HI 96761, United States of America",https://www.instagram.com/island_tobacco/,Independent Grocery,Lahaina,23,HI,96761,,a_dozen_cousins; alice_mushrooms; blobs; drumroll_donuts; brightland; loisa; fish_wife; graza; fly_by_jing; masa_chips; realsy; rishi_tea; spice_walla; stellar_snacks; unreal_snacks,Tobacco; Cigars; Smoking Accessories; Seafood; Fish; Specialty Spices; Seafood Platters; Dips; Online Ordering; Private Parties; Crab; Homemade Sauces; Catering; Shrimp; Deli; Cafe; Beverages; Sandwiches; Snacks; Wine; Pastries; Coffee; Beer; Produce; Prepared Foods; Grocery,premium; community-focused; curated; science-backed; comprehensive blood work analysis; targeted protocols; affordable; homemade; wild-caught; sustainable; local; fresh; artisanal; organic; craft; small-batch; gourmet,,,https://www.facebook.com/islandtobacco,
Jay International Food,"3172 South Grand Boulevard, St. Louis, MO, 63118",https://www.instagram.com/jaysinternationalfoods/,Independent Grocery,St. Louis,1,MO,63118,Zuva,yolele,Fresh Produce; Meats; Frozen Foods; Pantry Staples; Spices; International Ingredients; Beverages; Snacks; Dairy; Health Foods,international; gourmet; unique spices; hard to find ingredients,,,https://www.facebook.com/JaysInternationalFoods/,
Jeans Neighborhood Market,"38 Lewter Shop Rd, Apex, NC, 27523",https://www.instagram.com/direct/t/17842759730113804/,Independent Grocery,Apex,1,NC,27523,,spice_walla,,,,,,
Jensens Finest Foods,"Magic Touch Cleaners and Alteration, 955 Catalina Boulevard, San Diego, CA 92106, United States of America",https://www.instagram.com/jensensfoods/,Supermarket,San Diego,4,CA,92106,,brightland; chomps; unreal_snacks; drumroll_donuts; stellar_snacks,,,,,,
Jims Food Mart,"Jim's Food Mart, 300 Pearl Street, Houghton, MI 49931, United States of America",https://www.instagram.com/jimsfoodmart/,Independent Grocery,HOUGHTON,2,MI,49931,,a_dozen_cousins; coconut_cult; blobs,,,,,https://www.facebook.com/jimsfoodmart/,
Jims Market,"12350 NW Main St Ste 10, Banks, OR, 971069045",https://www.instagram.com/direct/t/117042143022146/,Independent Grocery,Banks,1,OR,971069045,,yolele,,,,,,
Jjs Custard Co,"JJ's Custard Company, 12923 Dix-Toledo Highway, Southgate, MI 48195, United States of America",https://www.instagram.com/direct/t/17847639180336992/,Independent Grocery,,1,MI,48195,,graza,,,,,,
Johannesons,"1930 South Broadway, Minot, ND 58701, United States of America",https://www.instagram.com/direct/t/17846836328780684/,Independent Grocery,Minot,1,ND,58701,,graza,,,,,,
Johnnys Produce,"3400 Industry Drive East, Fife, WA 98424, United States of America",https://www.instagram.com/direct/t/115161649869836/,Independent Grocery,Fife,3,WA,98424,,brightland; zabs_hot_sauce; one_trick_pony,Subscription Boxes; Wholesale Produce; Workshops; Juices; Coffee; Homegoods; Books; Gift Cards; Produce; Plants; Pots; Smoothies; Plant Care; Ceramics; Merchandise,farm-to-table; artisanal; seasonal; curated; local; sustainable; fresh; vegan; family-owned,,,https://www.facebook.com/johnnysproduceak,
Johns Natural Foods,"486 Broadway, Bayonne, NJ, 07002",https://www.instagram.com/direct/t/107728777285661/,Supermarket,Bayonne,1,NJ,7002,,yolele,,,,,,
Johnsons Corner Farm,"133 Church Rd, Medford, NJ, 8055",https://www.instagram.com/direct/t/114940999899729/,Independent Grocery,Medford,1,NJ,8055,,spice_walla,,,,,,
Julia & Henrys,"200 East Flagler Street, Miami, FL, 33131",https://www.instagram.com/direct/t/103458934387771/,Independent Grocery,Miami,1,FL,33131,,spice_walla,,,,,,
Juniper,"659 4th Ave, Longmont, CO 80501, USA",https://www.instagram.com/junipernyc/,Independent Grocery,,3,CO,80501,,alice_mushrooms; diaspora_co; fish_wife; stellar_snacks,Beverages; Food; Craft Beers; Handcrafted Cocktails; Private Events,craft; handcrafted; private events,,,https://www.facebook.com/juniperbarnyc/,http://x.com/JuniperNYC
Just,"805 Louisa Street, New Orleans, LA 70117, United States of America",https://www.instagram.com/justwhatikneaded.la/,Independent Grocery,New Orleans,13,LA,70117,,chikka_chikka; diaspora_co; chomps; unreal_snacks; fish_wife; fly_by_jing; stellar_snacks; masa_chips; rishi_tea; spice_walla; zabs_hot_sauce,Sustainable; Deli; Beverages; Snacks; Health Foods; Local; Produce; Prepared Foods; Organic; Catering; Custom Cakes; Vegetarian; Bakery; Lunch; Dinner; Wine Bar; Breakfast; Vegan; Custom Gift Baskets; Baby Gifts; Sympathy Gifts; Home & Hospitality Gifts; Office Party Gifts; Birthday Gifts; Mother's Day Gifts; Sports Collection Gifts; Holiday & Christmas Gifts; Corporate Gifts; Signature Bowls; Torched Bowls; Build Your Own; Sauces; Sides; Soup; Drinks; Individual Meals,farm-to-table; prepared foods; organic; local; sustainable; artisanal; vegetarian; vegan; custom; gourmet; personalized; distinctive; fresh; customizable; healthy,,,https://www.facebook.com/pages/Justines-Jewelry-and-Gifts/289309507768716,
Jw Marriott,"Ritz-Carlton/Marriott Marquis Los Angeles, 900 West Olympic Boulevard, Los Angeles, CA 90064, United States of America",https://www.instagram.com/burgerbarcongress,Hotel/Hospitality,Los Angeles,6,CA,90015,,brightland; evies_snacks; stellar_snacks,Burgers; Shakes; Fries; Wagyu Burgers; American Cuisine,local; artisanal; gourmet; sustainable,,(213) 765-8600,https://www.facebook.com/pages/Burger-Bar-ATX/1528266760766924,
Kai Dispensary,"KAI Dispensary, 932 South Avenue, Grand Junction, CO 81501, United States of America",http://instagram.com/kaidispensary,Independent Grocery,,1,CO,81501,,narra,,exceptional service; creative space; cannabis,,,https://www.facebook.com/kaidispensary,
Kanibal & Co.,"27 Maple Street, Summit, NJ 07901, United States of America",https://www.instagram.com/shopkanibal,Independent Grocery,Summit,2,NJ,7901,,brightland; one_trick_pony; pistakio,Apparel; Accessories; Pantry; Candles; Apothecary; Puzzles + Games; Decor; Gift Sets; Home; Stationery,handmade; curated; local; artisanal,,,https://www.facebook.com/shopkanibal,
Karmins Kitchen Table,"Rocket Coffee, 4401 Coleman Street, Bismarck, ND 58503, United States of America",https://www.instagram.com/direct/t/118365516218675/,Independent Grocery,Bismarck,1,ND,58503,,spice_walla,,,,,,
Kaunes Neighborhood Market,"Kaune's Neighborhood Market, 511 Old Santa Fe Trail, Santa Fe, NM 87501, United States of America",https://www.instagram.com/direct/t/104881494240274/,Independent Grocery,Santa Fe,2,NM,87505,,brightland; stellar_snacks; rishi_tea,,,,(505) 982-2629,,
Keep Shop @ Emeline,"412 Williamson Street, Savannah, GA, 31401",https://www.instagram.com/direct/t/112605040130296/,Independent Grocery,Savannah,3,GA,31401,,spice_walla; stellar_snacks,,,,,,
Ketchum Kitchens,"451 Atkinson's Floral, 451 4th Street East, Ketchum, ID 83340, United States of America",https://www.instagram.com/ketchumkitchens/,Independent Grocery,Ketchum,3,ID,83340,,brightland; masa_chips; fish_wife; fly_by_jing,,,,,,
Khristophers Culinaire,"545 Main Street, Ouray, CO 81427, United States of America",https://www.instagram.com/direct/t/103872734339988/,Independent Grocery,Ouray,2,CO,81427,,fish_wife; spice_walla,,,,,,
Kinship Butcher Sundry,"1019 Virginia Avenue Northeast, Atlanta, GA, 30306",https://www.instagram.com/direct/t/17842963022279139/,Butcher/Meat Shop,Atlanta,1,GA,30306,,spice_walla,,,,,,
Kitchen & Company,"Kitchen & Company, Citizen Drive, Fairway Village, DE 19958, United States of America",https://www.instagram.com/kheprikitchen/,Independent Grocery,Graham,2,DE,19958,,fly_by_jing; spice_walla,,,,,,
Kitchen & Market,"Kitchen & Market, 1926 Pike Place, Seattle, WA 98101, United States of America",https://www.instagram.com/kitchenandmarket/,Deli/Prepared Foods,Seattle,7,WA,98101,,pistakio; rishi_tea; stellar_snacks,Meal Kits; Prepared Foods; Recipes; Events; Careers; Grocery; Locations,prepared foods; artisanal; local; chef-inspired; gourmet,https://kitchenandmarket.com/,(206) 441-5747,https://facebook.com/yourkitchenandmarket,
Kitchen A La Mode,"59 South Orange Avenue, South Orange, NJ, 7079",https://www.instagram.com/direct/t/17846485250909512/,Independent Grocery,South Orange,1,NJ,7079,,spice_walla,,,,,,
Kitchen Collage Of Des Moines,"Kitchen Collage, 430 East Locust Street, Des Moines, IA 50309, United States of America",http://instagram.com/kitchencollagedsm,Boutique Grocer,Des Moines,1,IA,50309,,brightland,Bakeware; Barware; Cookware; Electrics; Gadgets + Tools; Knives + Boards; Tabletop; Books; Food; Classes,local; artisanal; curated,,(515) 270-8202,http://www.facebook.com/112516582096644,
Kittys Hudson Market,"Little Free ibrary, 60 South Front Street, City of Hudson, NY 12534, United States of America",https://www.instagram.com/kittyshudsonny/,Deli/Prepared Foods,Hudson,1,NY,12534,,chikka_chikka; zabs_hot_sauce,Coffee; Private Events; Gift Cards; Salads; Local Retail Items; Sandwiches; Grab-and-Go; Breakfast; Pastries; Catering,curated; prepared foods; local; artisanal,,,,
Knickerbocker Meats,"229 Knickerbocker Avenue, Brooklyn, NY, 11237",https://www.instagram.com/city_fresh_knickerbocker/,Independent Grocery,Brooklyn,1,NY,11237,,brightland,,,,,,
Kollectiv,"21 East 1st Street, New York, NY 10003, USA",https://www.instagram.com/kollectivnyc,Independent Grocery,,2,NY,10003,Zuva,alice_mushrooms; chikka_chikka,Infrared Sauna; Cryotherapy; Massage; Energy Healing; Astrology & Tarot Readings; Red Light Therapy; Sound Healing; IV Therapy; Compression Therapy; Light Therapy; Massage & Bodywork; Wellness Events,wellness; energy healing; non-invasive; holistic; transformative,,,https://www.facebook.com/kollectivnyc,
Kowalskis,"Kowalski's Market, 5327 Lyndale Avenue South, Minneapolis, MN 55419, United States of America",https://www.instagram.com/direct/t/114236453304331/,Supermarket,Minneapolis,15,MN,55419,,chomps; smash_foods; evies_snacks; one_trick_pony; rishi_tea; stellar_snacks,Catering & Party Food; Bakery; Floral; Meats & Seafood; Beverages; Snacks; Dairy; Prepared Foods; Gift Boxes; Grocery; Deli & Bakery; Specialty Foods; Deli; Cakes & Floral; Wine & Spirits; Gift Shop; Soups & Sandwiches; Coffee; Gift Cards; Grocery Delivery; Catering,local; artisanal; prepared foods; sustainable; gourmet,,(612)822-2935,https://www.facebook.com/kowalskis,
Kristen Coates,"152 Bellevue Avenue, Newport, RI 02840, United States of America",https://www.instagram.com/kristencoates/,Independent Grocery,Newport,1,RI,2840,,brightland,,,,,,
Kudzu Bakery,"MUSC Health Columbia Medical Center Downtown, 2435 Forest Drive, Columbia, SC 29204, United States of America",https://www.instagram.com/kudzubakerycola/,Bakery,Columbia,2,SC,29206,,brightland; masa_chips,,urgent care; compassionate care,,,https://www.musc.edu/,
Kustaa Cheese And Wine,"12954 West Washington Boulevard, Los Angeles, CA 90066, United States of America",https://www.instagram.com/kustaa.la/,Wine/Beer/Liquor,Los Angeles,2,CA,90066,,diaspora_co; joon; rooted_fare,Cheese; Cured Meats; Wines; Sandwiches; Salads; Dips; Crostini; Gift Cards; Catering; Private Events,gourmet; curated; international; artisanal,,,https://www.facebook.com/KustaaLA,
Kuusi Mercantile,"59621 Us Highway 41, Allouez, MI, 49805-6802",https://www.instagram.com/direct/t/17843859434710243/,Independent Grocery,Allouez,3,MI,49805-6802,,brightland; masa_chips; spice_walla,,,,,,
Kwik Stop,"5137 North Rhett Avenue, North Charleston, SC, 29405",https://www.instagram.com/direct/t/111592576903319/,Independent Grocery,North Charleston,1,SC,29405,,spice_walla,,,,,,
Kyle Rustic Farm,"119 Main Hollow Road, Philadelphia, TN, 37846-3811",https://www.instagram.com/direct/t/122492419140954/,Independent Grocery,Philadelphia,1,TN,37846-3811,,spice_walla,,,,,,
L.A. Grocery & Cafe,"5059 Melrose Avenue, Los Angeles, CA 90038, United States of America",https://www.instagram.com/direct/t/17850570209939292/,Supermarket,Los Angeles,1,CA,90038,,diaspora_co; smash_foods,,,,,,
L.O.F.T. Of Asheville,"53 Broadway Street, Asheville, NC, 28801",https://www.instagram.com/direct/t/110963706957596/,Independent Grocery,Asheville,1,NC,28801,,spice_walla,,,,,,
La Bodega,"208 West 8th Street, Dallas, TX 75208, United States of America",https://www.instagram.com/labodegaoakcliff/?hl=en,Deli/Prepared Foods,Dallas,2,TX,75208,,pistakio; spice_walla,Salads; Sandwiches; Sides; Organic Rotisserie,organic; prepared foods,https://www.labodegaoakcliff.com/,945.233.8225,https://www.facebook.com/labodegaoakcliff,
La Grande Orange Grocery,"4417 North 40th Street, Phoenix, AZ 85018, United States of America",https://www.instagram.com/lagrandeorange/,Supermarket,Phoenix,4,AZ,85018,,fish_wife; joon; fly_by_jing; narra; rishi_tea,,,,,,
La Homefarm,"3389 Eagle Rock Blvd, Los Angeles, CA, 90065",http://instagram.com/lahomefarm,Independent Grocery,Los Angeles,2,CA,90065,,bjorn_qorn; rooted_fare; diaspora_co; loisa,Flowers; Farm Boxes; Gifting; Produce; Wine,farm-to-table; sustainable; local,,,,
La MontañIta Food Co,"La Montañita Co-op Rio Grande, 2400 Rio Grande Boulevard Northwest, Albuquerque, NM 87104, United States of America",https://www.instagram.com/lamontanitacoop/,Co-op,Albuquerque,2,NM,87106,,loisa; yolele; rishi_tea,Deli; Beverages; Snacks; Wholesale; Health Foods; Organic Foods; Local Groceries; Produce; Natural Foods; Catering,organic; natural; community-focused; local; sustainable,,,https://www.facebook.com/lamontanitafoodcoop/,
La Tropicana,"La Tropicana Market, Lawndale Street, Detroit, MI 48209, United States of America",https://www.instagram.com/direct/t/107308234003931/,Independent Grocery,,3,MI,48209,,coconut_cult; stellar_snacks; loisa; rishi_tea,,,,,,
Lacquer,"Subway, 11005 Burnet Road, Austin, TX 78758, United States of America",https://www.instagram.com/lacquer_official/,Independent Grocery,Austin,1,TX,78758,,brightland,,,,,,
Lake,"1618 Silver Lake Boulevard, Los Angeles, CA 90026, United States of America",https://www.instagram.com/direct/t/17848937765625460/,Independent Grocery,Los Angeles,1,CA,90026,,brightland,,,,,,
Lakeview Hill Farm & Market,"8608 East Lakeview Hills Road, Traverse City, MI, 49684",https://www.instagram.com/lakeviewhillfarm/,Independent Grocery,Traverse City,2,MI,49684,,bjorn_qorn; diaspora_co,Produce; Cut Flowers; Local Groceries; Gift Cards; Plant Sale; Funky Farm Spreads; Organic Produce; Vegetables; Sustainable Products; Grab and Go Lunch,organic; local; sustainable; farm-to-table,,,https://www.facebook.com/lakeviewhillfarm/,
Landmark Plant Co.,"321 South Coast Highway, Oceanside, CA 92054, United States of America",https://www.instagram.com/camarilloranchfoundation,Independent Grocery,Oceanside,2,CA,92054,,brightland; zabs_hot_sauce; fly_by_jing,,educational; historical; community events,,(760) 231-1741,https://www.facebook.com/camarilloranchfoundation,https://twitter.com/camarilloranch
Langensteins,"Langenstein's, Central Drive, Metairie, LA 70005, United States of America",https://www.instagram.com/direct/t/115195826537297/,Independent Grocery,New Orleans,4,LA,70005,,chomps; graza; realsy,,,,(504)899-5001,,
Lassen & Hennigs,"Lassen & Hennigs, 114 Montague Street, New York, NY 11201, United States of America",https://www.instagram.com/lassen_and_hennigs,Deli/Prepared Foods,Brooklyn,2,NY,11201,,brightland; freestyle_snacking,Catering; Bakery; Deli; Sandwiches; Wraps; Platter; Desserts; Cakes; Cupcakes; Grab-and-go; Platters,local; artisanal; gourmet; prepared foods,,631-655-6338,,
Lassens,"1460 Westwood Blvd, Ohio Avenue, Los Angeles, CA 90024, United States of America",https://instagram.com/lassens,Natural/Organic Market,LOS ANGELES,25,CA,90026,,a_dozen_cousins; unreal_snacks; rishi_tea; zabs_hot_sauce; brightland; neuro_gum; fish_wife; glonuts; coconut_cult; vadham,Deli; Gourmet Foods; Organic Produce; Beverages; Organic Products; Snacks; Vitamins; Health Foods; Gourmet; Gifts; Gift Cards; Household Essentials; Specialty Items; Dairy; Bakery; Produce; Prepared Foods; Natural Foods; Meat & Seafood; Frozen Foods; Local,artisanal; prepared foods; organic; gourmet; natural; health-focused; sustainable; local; plant-based,,,https://www.facebook.com/LassensNaturalFoodsandVitamins/,https://twitter.com/lassens
Last Minute Market,"1 Claridge Drive, Verona, NJ 07044, United States of America",https://www.instagram.com/direct/t/17848330548021327/,Independent Grocery,Verona,2,NJ,7044,,floura; loisa; realsy,,,,,,
Laundromat,"The Laundromat SF, 3725 Balboa Street, San Francisco, CA 94121, United States of America",https://www.instagram.com/direct/t/17849163887642520/,Independent Grocery,San Francisco,1,CA,94121,,brightland; fish_wife,,,http://sanfrancisco-laundromat.com,415.379.4340,,
Laurel,"140 East Main Street, Ligonier, PA 15658, United States of America",https://www.instagram.com/laurelhighlandsoliveoil/,Independent Grocery,Ligonier,3,PA,15658,,fish_wife; freestyle_snacking; spice_walla,,,,,,
Lavada Wine Shop,"9100 Westbrooke Drive, Overland Park, KS 66214, United States of America",https://www.instagram.com/lavadawine/,Wine/Beer/Liquor,Overland Park,2,KS,66214-2132,,brightland; fish_wife,,,,,,
Layla Bagels,"1614 Ocean Park Boulevard, Santa Monica, CA 90405, United States of America",https://www.instagram.com/laylabagels/,Independent Grocery,Santa Monica 90405,3,CA,90405,,brightland; zabs_hot_sauce; hot_girl_pickles; joon,,,,(775) 301-6369,,
Lazy Acres,"150 Encinitas Boulevard, Encinitas, CA 92024, United States of America",https://www.instagram.com/lazyacresmarket/,Natural/Organic Market,Encinitas,17,CA,92024,,btr_bar; zabs_hot_sauce; realsy; smash_foods; chomps; unreal_snacks; fish_wife; fly_by_jing; freestyle_snacking; glonuts; rishi_tea,"Salad & Hot Food Bars; Cheese; Made-to-Order Coffee & Juice Bar; Floral; Wine, Beer & Spirits; Deli & Prepared Foods; Meat & Seafood; In-house Bakery; Coffee & Juice Bar; Sushi & Poke Bar; Made-to-Order BBQ; Beverages; Snacks; Gourmet; Health Foods; Organic Foods; International; Dairy; Bakery; Produce; Prepared Foods; Organic; Plant-Based; Frozen Foods",artisanal; sustainable; prepared foods; local; commitment to hunger relief; community; made-to-order; farm-to-table; organic; gourmet; plant-based,,,https://www.facebook.com/LazyAcresMarket/,
Lebanon Coop,"12 CENTERRA PKWY SUITE75, LEBANON, NH",https://www.instagram.com/CoopFoodStores/,Co-op,LEBANON,2,NH,3766,,rishi_tea; yolele,Grocery; Produce; Dairy; Meat; Seafood; Bakery; Prepared Foods; Beverages; Health and Beauty; Bulk Foods,organic; local; sustainable; prepared foods; artisanal,,,https://www.facebook.com/CoopFoodStores/,
Lees Market,"Lee's Market, Willamette Highway, Eugene, OR 97405, United States of America",https://www.instagram.com/direct/t/121030722619730/?hl=en,Independent Grocery,,2,OR,97405,,coconut_cult; rishi_tea,,,,,,
Leg Up Farmers Market,"Upper East Side Farmers Market, Biscayne Boulevard, Miami, FL 33101, United States of America",https://www.instagram.com/legupfarmersmarket/?hl=en,Farmers Market,,2,FL,33101,,blobs; unreal_snacks; rishi_tea,Produce; Grocery; Deli & Sushi; Bakery; Meat & Cheese; Coffee & Juice Bar; Wellness; General Merch; Keto; Gluten Free,local; organic; plant-based; sustainable,https://legupfarmersmarket.com,,https://www.facebook.com/legupfarmersmarket,
Leland Mercantile,"Leland Mercantile Co., 102 River Street, Leland, Leland Township, MI 49654, United States of America",https://www.instagram.com/direct/t/108567700542380/,Independent Grocery,Leland,1,MI,49654,,graza,,,,,,
Leones Creamery,"Leone's Creamery, 722 1/2 North Main Street, Spearfish, SD 57783, United States of America",https://www.instagram.com/direct/t/115376019860546/,Independent Grocery,,1,SD,57783,,graza,,,,,,
Leroux Kitchen,"161 Commercial Street, Portland, ME 04101, United States of America",https://www.instagram.com/lerouxkitchen/,Independent Grocery,Portland,2,ME,4101,,fish_wife; spice_walla; rishi_tea,,,,,,
Les Ciseaux,"606 Broad Street, Beaufort, NC 28516, United States of America",https://www.instagram.com/direct/t/17843305880095873/,Independent Grocery,Beaufort,1,NC,28516,,graza,,,,,,
Leschi Market,"Leschi Market, Lakeside Avenue, Seattle, WA 98122, United States of America",https://www.instagram.com/leschimarket,Supermarket,Seattle,3,WA,98122,,chomps; unreal_snacks; rishi_tea; smash_foods,Meat; Beer; Produce; Wine,local; sustainable; craft; organic; free-range,,(206)322-0700,http://www.facebook.com/LeschiMarket,
Levee Baking Co.,"1218 6th Street, New Orleans, LA 70115, United States of America",https://www.instagram.com/leveebakingco/?hl=en,Independent Grocery,New Orleans,3,LA,70115,,diaspora_co; fish_wife; fly_by_jing; pistakio,Cakes; Gift Cards,artisanal; local,,,https://www.facebook.com/leveebakingco/,
Lewis Fay,"1620 West Lewis Street, San Diego, CA 92103, USA",https://www.instagram.com/lewisandfay/,Boutique Grocer,,3,CA,92103,,alice_mushrooms; bjorn_qorn; brightland,Subscription Boxes; Workshops; Artisanal Larder; Design Services; Home Furnishings; Meal Prep; Gourmet Food; Decor; Events; Catering,artisanal; prepared foods; gourmet; curated; local,,,https://www.facebook.com/withlovemissionhills/,
Libra Domo,"241 Northeast Broad Street, Southern Pines, NC 28387, United States of America",https://www.instagram.com/direct/t/17843049203185181/,Independent Grocery,Southern Pines,2,NC,28387,,brightland; spice_walla,,,,(910) 725-1045,,
Life Is Sweet Bakery & Cafe,"Life is Sweet Bakery & Cafe, 42 East Main Street, Milan, MI 48160, United States of America",https://www.instagram.com/direct/t/101685914565143/,Bakery,Milan,1,MI,48160,,spice_walla,,,,,,
Lilian Lumber Company,"15115 Northumberland Hwy, Burgess, VA, 22432",https://www.instagram.com/direct/t/17848636601720620/,Independent Grocery,Burgess,1,VA,22432,,spice_walla,,,,,,
Linabella,"180 South Hancock Street, Pentwater Township, MI 49449, United States of America",https://www.instagram.com/direct/t/103982887665231/,Independent Grocery,Pentwater,1,MI,49449,,spice_walla,,,,,,
Lincoln Market,"Rite Aid, 501 6th Avenue, New York, NY 10011, United States of America",https://instagram.com/lincolnmaketny,Supermarket,New York,16,NY,10011,,behave; loisa; bezi; blobs; evies_snacks; cauli_puffs; coconut_cult; fish_wife; zabs_hot_sauce; glonuts; whims; rishi_tea; yolele,Dairy; Conventional; Beverages; Organic; Snacks; Produce; Prepared Foods; Gourmet; Health Foods; Catering; Specialty Groceries; Sandwiches; Gifts,sustainable; local; conventional; organic; gourmet; curated; artisanal; prepared foods,,,,
Lincoln Park Grocery,"1500 West Lauridsen Boulevard, Port Angeles, WA 98363, United States of America",https://www.instagram.com/lincolnparkgrocery/?locale=zh-hans&hl=en,Supermarket,Port Angeles,2,WA,98363,,diaspora_co; fish_wife,,,,,,
Lincolnville General,"269 Main Street, Lincolnville, ME 04849, United States of America",https://www.instagram.com/direct/t/115656006496198/,Gift/Specialty Shop,Lincolnville,1,ME,4849,,graza,,,,,,
Linden Hills,"Wedge Linden Hills, 3815 Sunnyside Avenue, Minneapolis, MN 55410, United States of America",https://www.instagram.com/wedge_community_coops/,Independent Grocery,Minneapolis,2,MN,55410,,a_dozen_cousins; unreal_snacks,,local; sustainable,,,https://www.facebook.com/wedgecommunitycoops,
Lindys Downtown Market,"110 Peoria Street, Washington, IL 61571, United States of America",https://www.instagram.com/direct/t/118519009542639/,Independent Grocery,Washington,1,IL,61571,,graza,,,,,,
Lineage,"Ruby's Arcade, 165 South Main Street, Harrisonburg, VA 22801, United States of America",https://www.instagram.com/rubysarcade/?hl=en,Deli/Prepared Foods,Harrisonburg,2,VA,22801,,fish_wife; spice_walla,Pizzas; Salads; Sandwiches; Appetizers; Arcade Games; Bowling; Darts; Beverages; Events; Gift Cards,wood-fired; family-friendly; arcade; local,,,https://www.facebook.com/RubysArcade,
Little Gordo Creemee Stand,"Little Bear Creek, Gordo, AL 35466, United States of America",https://www.instagram.com/direct/t/17842673927261567/,Independent Grocery,,1,AL,35466,,graza,,,,,,
Little House On Main,"111 Main St SE, Bondurant, IA, 50035",https://www.instagram.com/direct/t/112111716847980/,Independent Grocery,Bondurant,1,IA,50035,,spice_walla,,,,,,
Little Notch Bakery And Cafe,"340 Main Street, Southwest Harbor, ME 04679, United States of America",https://www.instagram.com/littlenotchbakery/,Bakery,Southwest Harbo,1,ME,4679,,graza; rishi_tea,,family-owned; artisanal,,,https://www.facebook.com/LittleNotch,
Little Olive Co.,"242 Princess Street, Wilmington, NC 28401, United States of America",https://www.instagram.com/bespokecoffeenc/,Independent Grocery,Wilmington,1,NC,28401,,diaspora_co; zabs_hot_sauce,,,,,,
Little Original Joes,"393 West Portal Avenue, San Francisco, CA, 94127",https://www.instagram.com/littleoriginaljoes/,Independent Grocery,San Francisco,3,CA,94127,,bjorn_qorn; zabs_hot_sauce; brightland; spice_walla,Parmigiana; Pizza; Pasta,local; artisanal; prepared foods,,,https://www.facebook.com/littleoriginaljoes/,
Little Rico,"437 Warren Street, City of Hudson, NY 12534, United States of America",https://www.instagram.com/alittlerico/,Independent Grocery,Hudson,1,NY,12534,,fish_wife; loisa,,,,,,
Little Sesame,"828 L St NW, Washington, DC, 20036",https://www.instagram.com/direct/t/113206483407024/,Independent Grocery,Washington,3,DC,20036,,brightland; fly_by_jing; spice_walla,,,,202-975-1971,,
Livis Market,"318 Livis Lane, Hamilton, MT 59840, United States of America",https://www.instagram.com/livis.market/,Independent Grocery,,4,MT,59840,,cauli_puffs; stellar_snacks; fish_wife; zabs_hot_sauce; graza; one_trick_pony,,,,,,
Lmnop Bakery,"25 Katonah Avenue, Bedford, NY 10536, United States of America",https://www.instagram.com/lmnopbakery/,Bakery,Katonah,1,NY,10536,,brightland; fish_wife,,,,,,
Loblolly Creamery,"Loblolly Creamery, East 15th Street, Little Rock, AR 72202, United States of America",https://www.instagram.com/direct/t/110292270364715/,Independent Grocery,,1,AR,72202,,graza,,,,,,
Local Collective,"189 South Washington Street, Sonora, CA 95370, United States of America",https://www.instagram.com/direct/t/17842648139452515/,Independent Grocery,Sonora,3,CA,95370,,fish_wife; fly_by_jing; spice_walla,,,,,,
Local Nomad,"100 East Camelback Road  Suite 168, Phoenix, AZ 85012, USA",https://www.instagram.com/loumalnatis/,Boutique Grocer,,3,AZ,85012,,alice_mushrooms; brightland; narra; stellar_snacks,Clothing; Jewelry; Home Goods; Candles; Wellness; Books; Toys; Greeting Cards; Art; Ceramics; Pizza; Catering; Gift Cards; Merchandise; Rewards; Allergen Info; Nutritional Info; Reservations; Community; Events,local; artisanal; curated; emerging brands; gourmet; prepared foods,,,https://www.facebook.com/loumalnatis,https://x.com/loumalnatis
Locale,"Vino Locale, 531 Kipling Street, Palo Alto, CA 94301, United States of America",https://www.instagram.com/direct/t/103069927865417/,Independent Grocery,Santa Monica,2,CA,94301,,fly_by_jing; graza,,,,,,
Localee/ Saddle Brook Liquor And Bar,"The Plank Pizza Co Beer Parlor, 383 Market Street, Saddle Brook, NJ 07663, United States of America",https://www.instagram.com/plankpizza/,Wine/Beer/Liquor,Saddle Brook,1,NJ,7663,Zuva,chikka_chikka,Pizza; Craft Beer; Appetizers; Flatbreads; Seasonal Brews; Beverages; Snacks; Takeout; Delivery; Game Day Specials,craft beer; artisanal; local; small-batch,,,https://www.facebook.com/PPCBP/,
Lock Stock & Barrel,"189 North Reta Avenue, Stephenville, TX 76401, United States of America",https://www.instagram.com/direct/t/109642167099099/,Independent Grocery,Stephenville,3,TX,76401,,brightland; freestyle_snacking; spice_walla,,,,,,
Locke,"2049 Millwood Road, Millwood, VA, 22646",https://instagram.com/lockestore,Deli/Prepared Foods,Millwood,4,VA,22646,,bjorn_qorn; stellar_snacks; brightland; evies_snacks; graza; fly_by_jing,Deli; Catering; Wine; Bakery; Prepared Foods; Soups; Salads; Sandwiches; Craft Beer; Cider,local; artisanal; sustainable; prepared foods; curated,,,,
Lockwood,"Broadway Overlook, 2790 Broadway, New York, NY 10025, United States of America",https://www.instagram.com/lockwoodshop/,Independent Grocery,Astoria,1,NY,11106,,brightland,,,,718) 626-3040,,
Loris Natural Foods,"Regional Sports Center, 900 Jefferson Road, City of Rochester, NY 14623, United States of America",https://www.instagram.com/lorisnaturalfoods,Supermarket,Rochester,4,NY,14623,,a_dozen_cousins; bjorn_qorn; chomps; unreal_snacks; rishi_tea,,organic; non-GMO; sustainable,,,https://www.facebook.com/lorisnaturalfoods,https://twitter.com/lorisnatural
Lou Lous Corner,"202 Union Square Northwest, Hickory, NC, 28601",https://www.instagram.com/direct/t/109334913797603/,Independent Grocery,Hickory,1,NC,28601,,spice_walla,,,,,,
Love Child,"364 West Broadway, Boston, MA 2127, USA",https://www.instagram.com/direct/t/109541657137144/,Independent Grocery,,5,,,,alice_mushrooms; brightland; freestyle_snacking; zabs_hot_sauce; spice_walla,Dinner Menu; Wine Menu; Drink Menu; Vegan Menu; Vegetarian Menu; Dairy Free Menu; Gluten Free Menu; Kids Menu; After Dinner Drink Menu; Group Dining,vegan; vegetarian; dairy free; gluten free; group dining,,,https://www.facebook.com/lovechildrestaurant,
Lovesong Coffee Shop,"3022 N Park Way, San Diego, CA, 921043619",http://instagram.com/lovesongcoffee,Coffee Shop/Cafe,San Diego,1,CA,921043619,,yolele,,,,,,
Lu Dale,"114 East Lewis Street, Livingston, MT 59047, United States of America",https://www.instagram.com/direct/t/17842521122628860/,Independent Grocery,Livingston,1,MT,59047,,graza,,,,,,
Lu Lu Ice Cream,"1922 Lu Lu Lane, Conway, SC 29526, United States of America",https://www.instagram.com/direct/t/117939099594179/,Independent Grocery,,1,SC,29526,,graza,,,,,,
Lucys Market,"East Andrews, 56 East Andrews Drive Northwest, Atlanta, GA 30305, United States of America",https://www.instagram.com/lucys_market/,Independent Grocery,Atlanta,2,GA,30305,,brightland; whims; spice_walla,,,,,,
Lucys Snackbar,"312 North Chaparral Street, Corpus Christi, TX 78401, United States of America",Fishwife,Independent Grocery,Corpus Christi,2,TX,78401,,fish_wife; graza; fly_by_jing,,,,,,
Lunardis,"1825 El Camino Real, Burlingame, CA 94010, United States of America",https://www.instagram.com/lunardis_markets/,Independent Grocery,Burlingame,27,CA,94010,,a_dozen_cousins; rishi_tea; unreal_snacks; blobs; brightland; zabs_hot_sauce; btr_bar; smash_foods; joon; loisa,Fresh Produce; Full Service Deli; Fresh Bakery; Cheese; Meat; Seafood & Poultry; Wine; Catering; Gift Cards; Bakery; Beverages; Snacks; Health Foods; Household Supplies; Personal Care; Dairy; Produce; Frozen Foods,local; organic; prepared foods; gourmet; sustainable; farm-to-table; artisanal; fresh,,,https://www.facebook.com/lunardis.market,
Lunas Ice Cream,"Luna's Ice Cream, 10812 Southeast Oak Street, Milwaukie, OR 97222, United States of America",http://instagram.com/lunasicecream,Boutique Grocer,,1,OR,97222,,graza,Ice Cream; Milkshakes; Ice Cream Sammies; Waffle Cones,artisanal; small-batch,,,http://facebook.com/lunasicecreamery,
Lunch,"126 W Colorado Ave, Telluride, CO, 81435",https://www.instagram.com/lunchmoneytelluride,Deli/Prepared Foods,Telluride,4,CO,81435,Zuva,bjorn_qorn; spice_walla; unreal_snacks; zabs_hot_sauce,Sandwiches; Salads; Wraps; Catering; Boards; Snacks; Gluten-Free Options; Vegetarian Options; Vegan Options; Prepared Foods,gluten-free; vegan; vegetarian; prepared foods; catering; local; artisanal,,,https://www.facebook.com/thelunchroombakery,
Mad Dog Market,"533 53rd Street, Sacramento, CA 95819, United States of America",https://www.instagram.com/sellandsmarketcafe/,Independent Grocery,Sacramento,1,CA,95819,,brightland,,,,(916) 813-5135,,
Maddex Mercantile,"716 South Shelmore Street, Mount Pleasant, SC 29464, United States of America",https://www.instagram.com/direct/t/17849285540744047/?hl=en,Independent Grocery,Mount Pleasant,2,SC,29464,,brightland; masa_chips; spice_walla,,,,,,
Madge,"21 North 3rd Street, Minneapolis, MN, 55401",https://www.instagram.com/madge__home/,Independent Grocery,Minneapolis,2,MN,55401,,bjorn_qorn; diaspora_co,,,,,https://www.facebook.com/people/Madge-Home/61581475460137/,
Madison Grace Home,"Grace Living Personal Care Home, 2417 Canton Road, Powell Station, GA 30066, United States of America",https://www.instagram.com/direct/t/17851592921624990/,Independent Grocery,Madison,2,GA,30066,,fly_by_jing; graza; neuro_gum,,compassionate; affordable; supportive,,,,
Madison Park Pharmacy,"Madison Park Pharmacy & Wellness Center, 4130 East Madison Street, Seattle, WA 98112, United States of America",https://www.instagram.com/direct/t/17844040710277180/,Pharmacy/Drug Store,,2,WA,98112,,cauli_puffs; stellar_snacks; rishi_tea,Vitamin B12 Injections; Vaccinations; Compounding Services; Gifts; Supplements; Travel Vaccinations; Pharmacy Services; Health Consultations; Natural Beauty; Beauty,natural; curated; local; ethical; sustainable; wellness,,,,
Maelu,"332 Ormond Street Southeast, Atlanta, GA, 30315",https://www.instagram.com/direct/t/117315566323428/,Independent Grocery,Atlanta,1,GA,30315,,spice_walla,,,,,,
Maffreys,"4720 Fontana Street, Orlando, FL, 32807",https://www.instagram.com/direct/t/113002233425297/,Independent Grocery,Orlando,1,FL,32807,,spice_walla,,,,,,
Main St. Market,"191 S. Main Ave., Warrenton, OR, 97146",https://www.instagram.com/mainstmarketwarrenton,Supermarket,Warrenton,1,OR,97146,Zuva,yolele,Beer; Produce; Meat; Dairy; Snacks; Beverages; Health Foods; Prepared Foods; Gourmet; International,local; artisanal; gourmet; prepared foods,,,https://www.facebook.com/MainStSelectMarket,
Main Street Meats,"Main Street Meats, 217 East Main Street, Chattanooga, TN 37408, United States of America",https://www.instagram.com/mainstreetmeats/,Independent Grocery,Chattanooga,1,TN,37408,,brightland; one_trick_pony,Charcuterie; Local Produce; Family Style Menu; Whiskey; Lunch Menu; Prepared Foods; Butcher Shop; Cocktails; Catering; Dinner Menu,farm-to-table; artisanal; sustainable; local,,,https://www.facebook.com/MainStMeats/,
Main Street Sweets,"Brieschke's Bakery, 5639 Main Street, Sylvania, OH 43560, United States of America",https://www.instagram.com/direct/t/17846365514618343/,Independent Grocery,Sylvania,1,OH,43560,,spice_walla,,,,,,
Maine,"374 U.S. 1, Unit 5, Yarmouth, ME 04096, USA",https://www.instagram.com/mainecoastmedicalaesthetics/,Independent Grocery,,7,ME,4096,,alice_mushrooms; behave; fish_wife; graza; loisa; stellar_snacks,Medical-Grade Skincare; Facial Treatments; Laser Hair Removal; Botox; Xeomin; Microneedling; Gift Cards; Promotions; Wellness Medicine; Aesthetic Services,medical-grade; personalized; wellness; inclusive; youthfulness,,,https://www.facebook.com/people/Maine-Coast-Medical-Aesthetics/100085032319632/,
Maison Beach,"23 Royal Palm Pointe, Vero Beach, FL 32960, United States of America",https://www.instagram.com/direct/t/114370249961365/,Independent Grocery,Vero Beach,2,FL,32960,,fish_wife; spice_walla,,,,,,
Makers Post,"2019 Middle Street, Sullivan's Island, SC 29482, United States of America",https://www.instagram.com/direct/t/17847999323756429/,Independent Grocery,Sullivan's Island,2,SC,29482,,chikka_chikka; graza,,,,,,
Malibu,"831 W Harbor Drive, San Diego, CA 92101, USA",https://www.instagram.com/malibufarmsandiego/,Independent Grocery,,5,CA,92101,,alice_mushrooms; brightland; masa_chips; stellar_snacks; zabs_hot_sauce,,local; sustainable; farm-to-table,,,https://www.facebook.com/MFsandiego,
Mama Bread,"1600 Woodland Street, Nashville, TN 37206, United States of America",https://www.instagram.com/direct/t/17845207419318135/?hl=en,Independent Grocery,Nashville,2,TN,37206-1951,,brightland; masa_chips; fish_wife,,,,,,
Mamas Got Heart,"68 Grasmere Road, Lockport, NY 14094, United States of America",https://www.instagram.com/gottscheerhall/,Independent Grocery,Ridgewood,1,NY,11385,,brightland,,,,,,
Mammoth Mercantile,"Second Chance Thrift Store, 126 Old Mammoth Road, Mammoth Lakes, CA 93546, United States of America",https://www.instagram.com/direct/t/17843938164451134/,Independent Grocery,Mammoth Lakes,1,CA,93546,,brightland; masa_chips,,,,,,
Mana Foods,"49 Baldwin Avenue, Paia, HI 96779, United States of America",https://www.instagram.com/direct/t/119338529453631/?hl=en,Supermarket,Paia,5,HI,96779,,a_dozen_cousins; rishi_tea; blobs; chomps; unreal_snacks; masa_chips,,,,,,
Manassero Farms,"5325 Alton Parkway, Irvine, CA 92604, United States of America",https://www.instagram.com/direct/t/111747766888304/,Supermarket,Irvine,4,CA,92604,,fish_wife; masa_chips; fly_by_jing; spice_walla; zabs_hot_sauce,,local; artisanal; sustainable; farm-to-table,,,https://www.facebook.com/TheOriginalManasseroFarms,
Mandela Grocery Cooperative,"Mandela Grocery Cooperative, 1430 7th Street, Oakland, CA 94607, United States of America",https://www.instagram.com/mandelagrocery/,Co-op,Oakland,1,CA,94607,,diaspora_co; whims,Sundries; Dairy; Wellness Products; Produce; Bread; Beauty Products; Meats; Eggs,pesticide-free; local; sustainable; worker-owned; hormone-free,,,https://www.facebook.com/MandelaGrocery/,
Manna Food Co-Op,"MANNA Food Co-op, Washington Avenue, Detroit Lakes, MN 56501, United States of America",https://www.instagram.com/mannacoop/,Co-op,,2,MN,56501,,coconut_cult; rishi_tea; unreal_snacks,,organic; local; sustainable; farm-to-table,,,https://www.facebook.com/mannacoop,
Manna Grocery,"Manna Grocery & Deli, 2350 McFarland Boulevard East, Tuscaloosa, AL 35404, United States of America",https://www.instagram.com/direct/t/120889529303739/,Supermarket,Tuscaloosa,2,AL,35404,,chomps; unreal_snacks; graza,School Supplies; Office Supplies; Electronics; Furniture; Cleaning Supplies; Breakroom Supplies; Mailing & Shipping; Tech Services; Printing Services; Medical Supplies,sustainable; local; prepared foods,,(205)752-9955,,
Manresa Bread,"481 Vandell Way, Campbell, CA 95008, United States of America",https://www.instagram.com/direct/t/104754460927128/,Independent Grocery,Campbell,1,CA,95008,,brightland; fish_wife,,,,,,
Marbled Meat Shop,"3091 Route 9, Nelsonville, NY 10516, United States of America",https://www.instagram.com/direct/t/100859227985795/?hl=en,Butcher/Meat Shop,Cold Spring,2,NY,10516,,fish_wife; zabs_hot_sauce; loisa,,,,,,
Marcels Culinary Experience,"Marcel's Culinary Experience, Glen Ellyn, IL, 60137",https://www.instagram.com/marcels490/,Independent Grocery,Glen Ellyn,2,IL,60137,,fish_wife; spice_walla,,,,,,
Margarets In Marfa Llc,"103 N. Highland Ave., Marfa, TX, 79843",https://www.instagram.com/direct/t/17845853252623356/,Independent Grocery,Marfa,1,TX,79843,,spice_walla,,,,,,
Marigold Market,"4001 Marigold, Haltom City, TX 76137, United States of America",Fishwife,Independent Grocery,,4,TX,76137,,blobs; chomps; unreal_snacks; evies_snacks; graza,,,,,,
Marilees Farmstand,"729 Sagg Main Street, Sagaponack, NY, 11962",https://www.instagram.com/marileesfarmstand/?hl=en,Farmers Market,Sagaponack,2,NY,11962,,bjorn_qorn; fish_wife; graza,Fresh Vegetables; Heirloom Tomatoes; Potatoes; Small Grains; Seasonal Vegetables,local; sustainable; farm-to-table,,,https://www.facebook.com/marileesfarmstand,
Marilyn James,"229B SE Main Street, Lee’s Summit, MO, 64063",https://www.instagram.com/direct/t/17842066127807253/,Independent Grocery,Lee’s Summit,1,MO,64063,,spice_walla,,,,,,
Market Fresh,"Market Fresh, 31201 Southfield Road, Southfield Township, MI 48025, United States of America",https://www.instagram.com/direct/t/112971400097782/,Independent Grocery,BEVERLY HILLS,2,MI,48025,,a_dozen_cousins; evies_snacks; whims,,,,,,
Market Of Choice,"Market of Choice, 3515 SE Cornelius Pass Road, Hillsboro, OR 97123, United States of America",https://www.instagram.com/direct/t/109386480456234/,Independent Grocery,,43,OR,97123,,blobs; btr_bar; whims; evies_snacks; vadham; unreal_snacks; chomps; pistakio; loisa; rishi_tea,Specialty Cheese; Kitchen; Bulk Foods; Home & Gift; Beer & Wine; Floral; Bakery; Coffee & Tea; Meat & Seafood; Catering; Produce; Cheese,farm-to-table; artisanal; prepared foods; organic; sustainable; local; small-batch; vegan; gluten-free,,,,
Market Square,"Beach Road Park, 4701 Beach Road, Troy, MI 48098, United States of America",https://www.instagram.com/market_square_stores/,Independent Grocery,BIRMINGHAM,6,MI,48009,,a_dozen_cousins; rishi_tea; coconut_cult; stellar_snacks; drumroll_donuts; fish_wife; freestyle_snacking; spice_walla,,,,,,
Markus Community Market,"9 BAKER AVENUE, WHITEFISH, MT",https://www.instagram.com/direct/t/108668227194389/,Co-op,WHITEFISH,1,MT,59937,,rishi_tea,,,,,,
Marthas Vineyard,"Martha's Vineyard, 200 Union Avenue Northeast, Grand Rapids, MI 49503, United States of America",https://www.instagram.com/marthas_gr/,Wine/Beer/Liquor,Grand Rapids,2,MI,49503,,brightland; rooted_fare; rishi_tea,Cocktail Recipes; Liquor; Wine; Gifts; Local Products; Gift Cards; Fresh Produce; Beer; Imported Groceries; Deli & Cheese; Events; Gift Baskets; Grocery,artisanal; prepared foods; gourmet; local; small-batch; international,,(616) 459-0911,https://www.facebook.com/cateringbymarthas,
Martinellis Market,"Stango Zambian Cuisine, 500 North Walnut Street, Champaign, IL 61820, United States of America",https://www.instagram.com/direct/t/17849324210816213/,Independent Grocery,Champaign,1,IL,61820,,brightland,Zambian; African; Comfort food; Healthy options; Takeout; Food Delivery,local; international; comfort food; healthy; prepared foods,,,https://www.facebook.com/StangoCU,
Masalawala & Sons,"365 5th Avenue, Brooklyn, NY, 11215",https://www.instagram.com/direct/t/113003480091717/,Independent Grocery,Brooklyn,1,NY,11215,,spice_walla,,,,,,
Mast Market,"1 Court Rd, armonk, ny, 10504",https://www.instagram.com/mastmarket/,Boutique Grocer,armonk,5,NY,10504,,bjorn_qorn; brightland; one_trick_pony; rishi_tea; zaza_snacks,Chocolate; Pantry Essentials; Preserves; Coffee; Gift Cards,local; artisanal; curated; organic; sustainable,,,,
Mayday Ice Cream,"Mayday, 4227 Spring Grove Avenue, Cincinnati, OH 45223, United States of America",https://www.instagram.com/,Independent Grocery,,1,OH,45223,,graza,,,,,https://www.facebook.com/,
Mazzaros Italian Market,"Mazzaro Italian Market, 2909 22nd Avenue North, Saint Petersburg, FL 33713, United States of America",https://www.instagram.com/mazzaros/,Independent Grocery,St. Petersburg,3,FL,33713,,fish_wife; graza; fly_by_jing; stellar_snacks,,,,,,
Mazzeo,"601 New Road, Northfield, NJ 08225, United States of America",https://www.instagram.com/direct/t/113683776684760/,Independent Grocery,Northfield,1,NJ,82251,,graza,,,,,,
Mccaffreys,"Seamus McCaffrey's Irish Pub, 18 West Monroe Street, Phoenix, AZ 85003, United States of America",https://www.instagram.com/seamusmccaffreys,Supermarket,,14,AZ,85003,,blobs; evies_snacks; rishi_tea,"Appetizers; Sandwiches; Burgers; Side Orders; Boxtys; Breakfast; Whiskey; Fresh Salads; Desserts; Traditional Favorites; Bakery; Beer, Wine & Spirits; Deli; Floral; Grocery; Gourmet Cheese; Java Jim’s; Meat; Prepared Foods; Produce",artisanal; gourmet; traditional; international; organic; prepared foods; local,,,https://www.facebook.com/SeamusMcCaffreys,https://twitter.com/seamusmccaffrey
Mckinnons Markets,"Lucci's Supermarket and Deli, 211 Lowell Street, Wilmington, MA 01887, United States of America",https://www.instagram.com/99restaurants/,Independent Grocery,Wilmington,2,MA,1887,,freestyle_snacking; graza; loisa,Appetizers; Desserts; Nutritional Info; Gift Cards; Entrees; Beverages; Family Meals; Specials; Rewards; Catering,value; comfort food; prepared foods; family meals,,,https://www.facebook.com/99restaurants,
Mcnallys,"1026 Main St., Grinnell, IA, 50112",https://www.instagram.com/direct/t/17842847163426278/,Independent Grocery,Grinnell,1,IA,50112,,spice_walla,,,,,,
Meadowlark,"Meadowlark Garden, 2259 Broadway, Grand Junction, CO 81507, United States of America",https://www.instagram.com/direct/t/17842519874694682/,Supermarket,Grand Junction,3,CO,81507,,joon; realsy; spice_walla; whims,Honey; Seafood; Perennials; Gardening Supplies; Gourmet Foods; Handcrafted Goods; Houseplants; Local Produce; Organic Soil; Cacti and Succulents; Cacti; Organic Foods; Vegetables; Meat; Local Meats; Dairy; Plants; Fruit Trees; Greenhouse Plants; Succulents; Baked Goods; Fresh Vegetables,farm-to-table; artisanal; organic; sustainable; local,,,https://www.facebook.com/MeadowlarkGJ,
Meat,"Bear Den Aspen, 301 East Hopkins Avenue, Aspen, CO 81611, United States of America",https://www.instagram.com/direct/t/17842255871907508/,Independent Grocery,Aspen,5,CO,81611,,brightland; diaspora_co; graza; one_trick_pony; spice_walla,,,,,,
Megasaver,"MegaSaver, 7204 Blondo Street, Omaha, NE 68134, United States of America",https://www.instagram.com/megasaverstores/,Independent Grocery,Omaha,3,NE,68134,,chomps; droosh,,,,(531)354-2968,,
Megs Bread,"52 South Cedar Avenue, Cookeville, TN 38501, United States of America",https://www.instagram.com/megsbreadtn/,Independent Grocery,Cookeville,2,TN,38501,,fish_wife; graza; rishi_tea,,,,,,
Memories Vintage Market,"2910 Main Street, Millbrook, AL, 36054",https://www.instagram.com/direct/t/17842404494620497/,Independent Grocery,Millbrook,1,AL,36054,,spice_walla,,,,,,
Mercado Laguna,"912 North Coast Highway, Laguna Beach, CA 92651, United States of America",https://www.instagram.com/p/DSLpyNikuln,Supermarket,Laguna Beach,3,CA,92651,,behave; one_trick_pony; fish_wife; graza; masa_chips,Coffee; Pantry Goods; Holiday Sides; Merch; Dishware; Catering; Private Events; Cocktail Parties; Picnic/Boat Boxes; Coffee Cart & Grill Packages,sustainable; local; prepared foods; artisanal; gourmet; seasonal; curated,https://www.mercadolaguna.com/,949-637-4709,https://www.facebook.com/milligramcoffeeandkitchen,
Metro Market,"Metro Market, 1123 North Van Buren Street, Milwaukee, WI 53202, United States of America",https://www.instagram.com/direct/t/110169863713923/,Supermarket,,27,WI,53202,,blobs; coconut_cult; cauli_puffs; freestyle_snacking; chomps; graza; rishi_tea; fly_by_jing; realsy; whims,,,,,,
Metropolitan Market,"5010 Point Fosdick Drive Northwest, Gig Harbor, WA 98335, United States of America",https://www.instagram.com/metmarket,Supermarket,Gig Harbor,25,WA,98335,,btr_bar; whims; smash_foods; unreal_snacks; chomps; loisa; pistakio; rishi_tea,Seafood; Dairy; Bakery; Beverages; Produce; Health and Beauty; Prepared Foods; Snacks; Meat; Wellness; Condiments; Canned Goods; Local Foods; Gourmet; Wellness Essentials; Health Foods; Fresh Produce; Meat & Seafood; Frozen Foods; International; Organic; Artisanal; Grab-and-Go Eats; Hot Meals; Coffee; Housewares; Grocery Staples; Local; Grocery,artisanal; sustainable; prepared foods; organic; local; gourmet; farm-to-table; curated; emerging brands; small-batch,,,https://www.facebook.com/MetMarket,
Michael Benson,"2479 County Route 5, New Lebanon, NY 12125, United States of America",https://www.instagram.com/direct/t/110699396987942/,Independent Grocery,New Lebanon,1,NY,12125,,spice_walla,,,,,,
Mics,"537 Beaver Street, Unit 2, Sewickley, PA 15143, USA",https://www.instagram.com/eatmics/,Deli/Prepared Foods,,1,PA,15143,Zuva,alice_mushrooms; rishi_tea,Deli; Hot Food Bar; Breakfast Burritos; Smoothies; Snacks; Essentials; Catering; Salads; Protein Foods; Beverages,organic; vegan; keto; paleo; healthy; prepared foods,,,https://www.facebook.com/eatatmics,
Mikes Farm/Ncpb,"1600 Haw Branch Road, Beulaville, NC, 28518",https://www.instagram.com/direct/t/114812683249213/,Independent Grocery,Beulaville,1,NC,28518,,spice_walla,,,,,,
Milams,"Milam's market pinecrest, 11701 South Dixie Highway, Pinecrest, FL 33156, United States of America",https://www.instagram.com/milamsmarkets,Supermarket,Pinecrest,15,FL,33156,,chomps; unreal_snacks; freestyle_snacking; smash_foods; loisa; rishi_tea; graza; whims,Seafood; Deli; Wines; Beverages; Snacks; Party Platters; Gift Cards; Produce; Prepared Foods; Frozen Foods; Meats; Grocery; Gourmet Foods; Gourmet; Household Essentials; Dairy,artisanal; prepared foods; premium; gourmet; family-owned; local; sustainable; fresh,,(786)350-2200,,
Miller & Sons,"Don Miller & Sons Plumbing, Grant Street, Signal Hill, CA 90755, United States of America",https://www.instagram.com/direct/t/119571052762229/,Independent Grocery,,5,CA,90755,,blobs; graza; rishi_tea; unreal_snacks,,,,,,
Mine & Yours Asheville Resale,"234 New Leicester Highway, Asheville, NC, 28806",https://www.instagram.com/direct/t/109441740444715/,Independent Grocery,Asheville,1,NC,28806,,spice_walla,,,,,,
Minimal,"Ohm Family Chiropractic, 1901 South 9th Street, Philadelphia, PA 19148, United States of America",https://www.instagram.com/ohmchiropractic/,Independent Grocery,Philadelphia,3,PA,19148,,diaspora_co; masa_chips; spice_walla,,personalized care; family-oriented; wellness,,,https://www.facebook.com/ohmchiropractic,
Mint,"Mint and Craft, 848 Monterey Street, San Luis Obispo, CA 93401, United States of America",https://www.instagram.com/mintmarkmadison/,Supermarket,San Luis Obispo,3,CA,93401,Zuva,fish_wife; one_trick_pony; graza,Produce; Dairy; Snacks; Beverages; Health Foods; Frozen Foods; Bakery; Meat; Seafood; Condiments; Apparel; Home + Gift; Kitchen; Tabletop; Barware; Gourmet Foods; Cookbooks; Home Decor; Candles; Jewelry,organic; local; sustainable; artisanal; gourmet; curated,,,,
Miroh Meals,"Miroh Meals + Goods, 2398 Franklin Road, Bloomfield Hills, MI 48302, United States of America",https://www.instagram.com/direct/t/117216719672163/,Independent Grocery,,2,MI,48302,,cauli_puffs; graza,,,,,,
Miscellaneous,"1120 Orange Avenue, Winter Springs, FL 32708, USA",https://instagram.com/,Boutique Grocer,,2,FL,32708,,alice_mushrooms; diaspora_co; bon_bon_swedish_candy,Gifting; Home; Pantry; Glassware; Decor; Table Linens; Flatware & Cutlery; Serveware; Kitchen; Barware,curated; gourmet; artisanal; emerging brands,,,,
Misery Loves Co.,"46 Main Street, Winooski, VT 05404, United States of America",https://www.instagram.com/miserylovescovt/,Independent Grocery,Winooski,1,VT,5404,,fish_wife; graza,,,,,,
Miss,"1938 South Chadwick Street, Philadelphia, PA, 19145",https://www.instagram.com/missrachelspantry/,Restaurant/Eatery,Philadelphia,4,PA,19145,,bjorn_qorn; brightland; realsy; stellar_snacks,,vegan; fine dining; plant-based,,,,
Missoula Wine Merchants,"Blaque Owl Tattoo, 311 North Higgins Avenue, Missoula, MT 59807, United States of America",https://www.instagram.com/direct/t/120509532676905/,Wine/Beer/Liquor,Missoula,2,MT,59802,,fish_wife; graza; stellar_snacks,,,,,,
Mkt: Grafton,"162 Main Street, Grafton, VT 05146, United States of America",https://www.instagram.com/direct/t/109809610413724/,Independent Grocery,Grafton,1,VT,5146,,graza; zabs_hot_sauce,,,,,,
Modern Day Forager Mercentile,"Miller Valley Post Office, 442 Miller Valley Road, Prescott, AZ 86301, United States of America",https://www.instagram.com/direct/t/118199872907111/,Independent Grocery,Prescott,4,AZ,86301,,brightland; fly_by_jing; shuug; spice_walla,,,,,,
Modern Market,"Modern Market, 2385 Arthur Avenue, New York, NY 10458, United States of America",https://www.instagram.com/direct/t/115378733185680/,Independent Grocery,Bronx,1,NY,10458,,loisa,,,,,,
Modern Pastime,"75 1st Avenue West North, Kalispell, MT 59901, United States of America",https://www.instagram.com/direct/t/17842976186390422/,Independent Grocery,Kalispell,1,MT,59901,,joon; spice_walla,,,,,,
Modern World,"1006 W 36th St, Baltimore, MD, 21211",https://www.instagram.com/modernworldbaltimore/,Independent Grocery,Baltimore,2,MD,21211,,bjorn_qorn; narra; diaspora_co; fish_wife,,,,,,
Mollie Stones,"Mollie Stone's, 635 Portola Drive, San Francisco, CA 94127, United States of America",https://www.instagram.com/direct/t/120136626042296/,Supermarket,,24,CA,94127,,cauli_puffs; stellar_snacks; chomps; unreal_snacks; fish_wife; rishi_tea; masa_chips; smash_foods,Charcuterie; Holiday Groceries; Vitamins; Rewards; Real Food Magazine; Monthly Picks; Markets; Natural Beauty Care; Gift Cards; Grocery Delivery; Fresh Produce; Jobs; Dairy; Prepared Foods; Weekly Ad; Catering; Grocery; Lawn and Garden; Hand and Power Tools; Paint and Sundries; Cleaning Supplies; Automotive; Electrical; Plumbing; Housewares; Hardware; Outdoor Living,prepared foods; organic; gourmet; local; sustainable; artisanal,,,https://facebook.com/molliestones,https://twitter.com/molliestones
Montauk Yacht Club Grab & Go,"Proper, 700 Wilshire Boulevard, Santa Monica, CA 90025, United States of America",https://www.instagram.com/direct/t/17843344079941455/,Independent Grocery,Santa Monica,2,CA,90401,,brightland; realsy; joon,,,,,,
Montecito Village Grocery,"1482 East Valley Road, Montecito, CA 93108, United States of America",https://www.instagram.com/direct/t/102621504675089/,Supermarket,Santa Barbara,3,CA,93108,,a_dozen_cousins; bjorn_qorn; fly_by_jing; masa_chips; smash_foods,Fresh Meat & Fish; Deli; Prepared Foods; Produce; Dairy; Vegan Items; Gluten Free Items; Gourmet Cheese; Floral; Liquor,local; gourmet; curated; prepared foods; vegan; gluten free,,,,
Moon Over Water Gallery And Artisan Market,"1105 S Paisano Dr, Rockport, TX, 78382",https://www.instagram.com/direct/t/17842067186864138/,Independent Grocery,Rockport,1,TX,78382,,spice_walla,,,,,,
Moondog Market,"1722 K Street, Wall Township, NJ 07719, United States of America",https://www.instagram.com/direct/t/103146631088329/,Independent Grocery,Wall Township,3,NJ,7719,,brightland; masa_chips; one_trick_pony; stuzzi,,,,,,
Moonshine,"130 Congress Street, Portsmouth, NH 03801, United States of America",https://www.instagram.com/direct/t/114739843250582/,Independent Grocery,Portsmouth,1,NH,3801,,graza,,,,,,
Morning Sunshine,"3-5 Clinton Ave., Ellenville, NY, 12428",http://instagram.com/morningsunshine.market,Deli/Prepared Foods,Ellenville,2,NY,12428,,bjorn_qorn; chikka_chikka; shuug,Specialty Groceries; Sandwiches; Breakfast; Vegan; Coffee; Cheese; Prepared Foods; Lunch; Catering; Baked Goods,farm-to-table; artisanal; prepared foods; local; sustainable; vegan,,,,
Morton Williams,"Morton, Yale Avenue, Morton, PA 19081, United States of America",https://www.instagram.com/mortonwilliamssupermarkets/,Supermarket,,14,PA,19081,,bezi; drumroll_donuts; rishi_tea; unreal_snacks,Seafood; Canned Goods; Beverages; Snacks; Health Foods; Dairy; Bakery; Produce; Frozen Foods; Meat; Catering,prepared foods; organic; gourmet; local,,,https://www.facebook.com/mortonwilliamssupermarkets/,
Mother Earth,"Publix, 1631 Del Prado Boulevard South, Cape Coral, FL 33990, United States of America",https://www.instagram.com/publix/,Supermarket,Cape Coral,8,FL,33990,Zuva,a_dozen_cousins; rishi_tea; smash_foods; unreal_snacks,Pharmacy; Liquors; Apparel & Gifts; Gift Cards; Catering; Health & Wellness; Recipes; Prepared Foods; Produce; Dairy,local; sustainable; organic; gourmet,,,https://www.facebook.com/publix,https://www.twitter.com/publix
Mother Ocean,"Octopus Garden Smoke Shop, 640 Merrimon Avenue, Asheville, NC 28804, United States of America",https://www.instagram.com/octopusgardennc/,Independent Grocery,Asheville,2,NC,28804,,fish_wife; spice_walla,Glass Pipes; Vaporizers; E-Cigs; Traditional Pipes; Cigars; Hookahs; CBD & Hemp Products; Incense; Candles; Home Decor,local; independent; functional glass art; premium cigars; CBD & hemp products,,,https://www.facebook.com/octopusgardensmokeshopswnc,https://twitter.com/OctopusGardenSS
Mothers Market,"5759 East Santa Ana Canyon Road, Anaheim Hills, CA 92807, USA",https://www.instagram.com/mothersmarkets/,Natural/Organic Market,,34,CA,92807,,alice_mushrooms; smash_foods; rishi_tea; btr_bar; glonuts; stellar_snacks; unreal_snacks; loisa; chomps; fish_wife; fly_by_jing; freestyle_snacking; narra,Organic Juices; Beverages; Snacks; Health Foods; Gourmet; Thanksgiving Essentials; Fresh Ingredients; Pantry Staples; Dairy; Produce; Prepared Foods; Organic Juice Bar; Chef-Inspired Meals; Smoothies; Gourmet Foods; Local Produce; Office Supplies; School Supplies; Electronics; Furniture; Cleaning Supplies; Breakroom Supplies; Mailing & Shipping; Printing Services; Tech Services; Medical Supplies,prepared foods; organic; non-GMO; local; sustainable; curated; gourmet; artisanal,,,https://www.facebook.com/MothersMarkets,
Mount Royal Market,"1600 Woodland Avenue, Duluth, MN 55803, United States of America",https://www.instagram.com/direct/t/17845305050481526/,Independent Grocery,Duluth,2,MN,55803,,freestyle_snacking; smash_foods; rishi_tea,,,,,,
Mountainside,"TrendSetter Boutique, 6223 Highway 9, Felton, CA 95018, United States of America",https://www.instagram.com/mountainside_made,Boutique Grocer,Felton,2,CA,95018,,diaspora_co; fish_wife; graza,Pantry + Wellness; Kids + Crafts; Outdoor + Adventure; Apothecary; Books + Paper; New Arrivals; Spirit + Ritual; Home Goods; Jewelry; Gift Ideas,curated; sustainable; artisanal; small-batch,,,,
Mouse Hole Cheese Shop,"442 Carlisle Boulevard Northeast, Albuquerque, NM 87106, United States of America",https://www.instagram.com/direct/t/17843153390730093/,Independent Grocery,Albuquerque,1,NM,87106,,brightland; graza,,,,,,
Mr Mango,"59 Lafayette Ave., Brooklyn, NY, 11217",https://www.instagram.com/direct/t/17847080598193970/?hl=en,Independent Grocery,Brooklyn,5,NY,11217,,bjorn_qorn; rishi_tea; blobs; brightland; loisa; coconut_cult; glonuts,Blankets; Towels; Furniture; Indoor Plants; Art; Home Accessories; Lighting; Design Services; Customization; Trade Program,artisanal; curated; sustainable; customization; local,,,https://www.facebook.com/MRdesigncollective/,
Mt Mama Natural Foods,"1625 West Uintah Street, Colorado Springs, CO, 80904",http://instagram.com/mmnfoods,Supermarket,Colorado Springs,1,CO,80904,,yolele,Grocery; Organic Produce; Deli; Bakery; Supplements; Body Care; Frozen Foods; Bulk Foods; Bulk Herbs; Perishables,organic; local; natural; sustainable; prepared foods,,,https://www.facebook.com/mountainmamanaturalfoods,
Mt. Bagel,"Mt. Bagel, 801 26th Avenue East, Seattle, WA 98112, United States of America",https://www.instagram.com/mt_bagel,Independent Grocery,,1,WA,98112,,narra,,artisanal; local,,,,
Muddys Bake Shop,"2497 Broad Avenue, Memphis, TN, 38112",https://www.instagram.com/direct/t/119304642789875/,Bakery,Memphis,1,TN,38112,,spice_walla,,,,,,
Mulberry Lane Country,"4009 Emerson Avenue, Parkersburg, WV 26104, United States of America",https://www.instagram.com/direct/t/114154486646354/,Independent Grocery,Parkersburg,1,WV,26104,,spice_walla,,,,,,
Mustard Seed,"The Mustard Seed Natural Market, 969 Arsenal Street, City of Watertown, NY 13601, United States of America",https://www.instagram.com/direct/t/110335560366914/,Independent Grocery,Watertown,12,NY,13601,,a_dozen_cousins; alice_mushrooms; chomps; unreal_snacks; coconut_cult; masa_chips; rishi_tea,Bulk Herbs & Spices; Herbal Teas; Aromatherapy Products; Natural Body Care Products; Supplements; Glassware; Gifts; Body & Massage Oils; Bath Salts; Herbal Bath Blends,local; sustainable; farm-to-table; organic; natural; herbal; aromatherapy,,,https://www.facebook.com/pages/Mustard-Seed-Cafe-Jacksonville-Oregon/163215703712324,
My Corner Butcher,"508 North Poindexter Street, Elizabeth City, NC, 27909",https://www.instagram.com/direct/t/17842456184716578/,Butcher/Meat Shop,Elizabeth City,1,NC,27909,,spice_walla,,,,,,
Namaste Indian Street Food,"3521 Greenway Drive, Evans, GA 30809, United States of America",https://www.instagram.com/namastestreetfoodaugusta/,Independent Grocery,Evans,1,GA,30809,,chikka_chikka; droosh,,international; authentic,,,https://www.facebook.com/streetfoodaugusta,
Naomi And Warner,"13 North Main Street, Sumter, SC, 29150",https://www.instagram.com/direct/t/117867759607917/,Independent Grocery,Sumter,1,SC,29150,,spice_walla,,,,,,
Narrowsburg Proper,"44 Main Street, Narrowsburg, NY 12764, USA",https://www.instagram.com/narrowsburgproper,Deli/Prepared Foods,,2,NY,12764,Zuva,alice_mushrooms; spice_walla,Craft Beer; Cider; Non-Alcoholic Beverages; Prepared Foods; Frozen Foods; Sandwiches; Souvenirs; Snacks; Vegan Options; Gluten-Free Options,local; curated; artisanal; prepared foods; vegan; gluten-free; sustainable,,,https://www.facebook.com/narrowsburgproperny,
Natura Market,"4220 Hyde Park Boulevard, Niagara Falls, NY 14305, United States of America",https://www.instagram.com/direct/t/17849352726094015/,Independent Grocery,Niagara Falls,1,NY,14305,,brightland; masa_chips,,,,,,
Natural Food,"500 S Main St., Searcy, AR 72143, USA",https://www.instagram.com/clarksnutrition/,Natural/Organic Market,,6,AR,72143,,alice_mushrooms; bjorn_qorn; yolele; chomps; unreal_snacks; coconut_cult; stellar_snacks; loisa; rishi_tea,,sustainable; organic,,,https://www.facebook.com/NaturalFoodStore21,
Natural Grocers By Vitamin Cottage,"Dr. Tattoff, 11661 Preston Road, Dallas, TX 75248, United States of America",http://instagram.com/utahmotoshop,Natural/Organic Market,Dallas,49,TX,75230,,a_dozen_cousins; rishi_tea; smash_foods; chomps; unreal_snacks,Bulk Foods; Organic Produce; Frozen; Body Care; Household Products; Pet Products; Household; Dairy; Vitamins & Supplements; Meat & Seafood; Frozen Foods; Grocery; 100% Organic Produce; Grab & Go; Dairy Products; Dietary Supplements; Books; Organic Pet Products; Frozen Products; Motorcycle Services; Automotive Services,organic; natural; curated; health-focused; sustainable; local; plant-based; affordable; dietary supplements; mechanical expertise; customer service,,,https://www.facebook.com/naturalgrocers,
Natural Living Center,"Natural Living Center, 209 Longview Drive, Bangor, ME 04401, United States of America",https://www.instagram.com/direct/t/100868861310554/,Natural/Organic Market,,2,ME,4401,Zuva,coconut_cult; smash_foods; rishi_tea; yolele,,organic; natural remedies; sustainable; wellness,,,https://www.facebook.com/NaturalLivingCenterME,https://twitter.com/naturallivingce
Natural Market,"72-56 Austin St, Queens, NY, 11375",https://www.instagram.com/smallwineshop/,Independent Grocery,Queens,2,NY,11375,,bjorn_qorn; rishi_tea; cauli_puffs; the_only_bean,,,,,,
Neskowin Trading Company,"Neskowin Trading Company, Neskowin, OR, 97149",https://www.instagram.com/direct/t/108301913898758/,Independent Grocery,Neskowin,1,OR,97149,,graza,,,,,,
Nest,"147 Water Street, Warren, RI 02885, USA",https://www.instagram.com/thenest.nyc/,Deli/Prepared Foods,,4,RI,2885,,alice_mushrooms; brightland; chikka_chikka; zabs_hot_sauce,Chicken; Eggs; Prepared Foods; Local Flavor; Gourmet; Candles; Jewelry; Infant Gifts; Engagement & Wedding Gifts; Gifts for the Host & Hostess; Best Sellers,free range; local; gourmet; prepared foods; artisanal; curated,,,https://www.facebook.com/profile.php?id=61576385567097,
New Earth Market,"864 East Avenue, Chico, CA 95926, United States of America",https://www.instagram.com/direct/t/109238787144370/,Independent Grocery,Chico,6,CA,95926,,a_dozen_cousins; behave; chomps; unreal_snacks; diaspora_co; smash_foods; loisa,,,,,,
New England Fishmongers,"New England Fishmongers, 57 State Road, Kittery, ME 03904, United States of America",http://instagram.com/nefishmongers,Independent Grocery,Kittery,1,ME,3904,,fish_wife; graza,,local; sustainable; artisanal,,,http://Facebook.com/newenglandfishmongers,
New Front Sol Nutr,"Mission Santa Inés, 1760 Mission Drive, Solvang, CA 93464, United States of America",https://www.instagram.com/nfsolvang/,Independent Grocery,SOLVANG,1,CA,93463,,a_dozen_cousins,,,,,,
New Frontiers Natural Marketplace,"New Frontiers Natural Marketplace, Ainsworth Drive, Prescott, AZ 86301, United States of America",https://www.instagram.com/nfsolvang/,Independent Grocery,,2,AZ,86301,,blobs; unreal_snacks; rishi_tea,,,,,,
New Leaf,"New Leaf Community Market, 1101 Fair Avenue, Santa Cruz, CA 95060, United States of America",https://www.instagram.com/newleafcmarket/,Supermarket,Santa Cruz,16,CA,95060,,btr_bar; unreal_snacks; smash_foods; chomps; coconut_cult; fish_wife; one_trick_pony; rishi_tea,Beverages; Snacks; Sustainable Products; Community Support; Health Foods; Gourmet; Vegan; Organic Foods; Gift Cards; Catering; Vegan Options; Dairy; Seasonal Items; Organic; Produce; Prepared Foods; Recipes; Frozen Foods; Hunger Relief; Wellness; Local Goods; Adult Martial Arts; Teen’s Martial Arts; Afterschool Program; Kid’s Martial Arts; Durable Medical Equipment; Immunizations; Long Term Care Pharmacy; Medication Synchronization; Medication Therapy Management; Gift Shop; Medication Adherence; Multi-Dose Packaging; Curbside Pickup; Health Services,prepared foods; organic; gourmet; community support; sustainable; local; hunger relief; plant-based; vegan; leadership skills; confidence; character development; self-discipline; durable medical equipment; long-term care; immunizations; medication management,,,https://www.facebook.com/NewLeafCMarkets/,
New Lebanon Farmers Market Llc,"528 Route 20, New Lebanon, NY, 12125",https://www.instagram.com/mtlebanonfarmersmarket/,Farmers Market,New Lebanon,3,NY,12125,,bjorn_qorn; chikka_chikka; zabs_hot_sauce; shuug,Turkeys; Roasts; Chicken; Prepared Foods; Artisan Bread; Baked Goods; BBQ; Farm Produce; Fish; Fruit; Honey; Pizza; Salsa & Burritos; Take Home Refrigerated Beef & Chicken,local; farm-to-table; prepared foods; artisanal; sustainable,,,https://www.facebook.com/MtLebanonFarmersMarket,https://www.x.com/@MtLebanonFM
New Moon Natural Foods,"119 S. Batavia Ave., Batavia, IL, 60119",http://instagram.com/newmoon.vegan,Bakery,Batavia,4,IL,60119,,bjorn_qorn; fish_wife; smash_foods; rishi_tea,Bakery; Pastries; Breads; Savory Treats; Holiday Preorders,vegan; small-batch; plant-based; local; seasonal,,,https://www.facebook.com/newmoonvegan,
New Orleans Food,"La Quinta Inn New Orleans West Bank / Gretna, 50 Terry Parkway, Gretna, LA 70056, United States of America",https://www.instagram.com/nolafoodcoop/,Independent Grocery,New Orleans,3,LA,70056,,chomps; unreal_snacks; loisa; narra; rishi_tea,Dry Goods; Produce; Prepared Foods; Natural Body Care; Bulk Goods; Cheeses; Meat,outdoor pool; free breakfast; pet-friendly; free WiFi; prepared foods; natural; sustainable; local; community-owned,,(504)264-5579,https://www.facebook.com/Neworleansfoodcoop/?fref=ts,https://twitter.com/nolafoodcoop?ref_src=twsrc%5Etfw
New York Butcher Shoppe,"5 Madison Avenue, New York, NY 10010, United States of America",https://www.instagram.com/editionhotels/,Butcher/Meat Shop,New York,10,NY,10010,,behave; fish_wife; realsy; freestyle_snacking; loisa; masa_chips,,,,,,
Newark Natural Foods,"Main Street Movies 5, 230 East Main Street, Newark, DE 19711, United States of America",http://www.instagram.com/newarknaturalfoods/,Supermarket,Newark,4,DE,19711,,a_dozen_cousins; blobs; loisa; whims; rishi_tea,,local; sustainable; healthy; community-focused,,,https://www.facebook.com/NewarkNaturalFoods/,
Newburgh Mercantile,"75 Broadway, City of Newburgh, NY 12550, United States of America",https://www.instagram.com/direct/t/121716295888518/,Independent Grocery,Newburgh,1,NY,12550,,spice_walla,,,,,,
Newport Ave. Market,"1121 NW Newport Avenue, Bend, OR 97703, United States of America",https://www.instagram.com/direct/t/109926340401453/?hl=en,Independent Grocery,Bend,1,OR,97703,,diaspora_co,,,,,,
Newry General Store & Cafe,"701 Broadway Street, Seneca, SC, 29665",https://www.instagram.com/direct/t/105906577545913/,Gift/Specialty Shop,Seneca,1,SC,29665,,spice_walla,,,,,,
Nibblins,"Nibblins, 27 North Loudoun Street, Winchester, VA 22601, United States of America",https://www.instagram.com/direct/t/115654549831768/,Independent Grocery,Winchester,1,VA,22601,,spice_walla,,,,,,
Nicewonder Farm & Vineyards,"22010 Nicewonder Drive, Bristol, VA, 24202",https://www.instagram.com/direct/t/103538661046778/,Independent Grocery,Bristol,1,VA,24202,,spice_walla,,,,,,
Nicos Ice Cream,"Nico's Ice Cream, 1615 Northeast Killingsworth Street, Portland, OR 97211, United States of America",https://www.instagram.com/direct/t/17846827772542881/,Independent Grocery,,1,OR,97211,,graza,,,,,,
Niemann Harvest Market,"Niemann Harvest Market, 2140 East 116th Street, Carmel, IN 46033, United States of America",https://www.instagram.com/harvestmarketchampaign/,Supermarket,,3,IN,46033,,coconut_cult; rishi_tea,"Bakery; Butcher Shop; Cheese Shop; Seafood; Wine, Beer, and Spirits; Pharmacy; Deli; Floral; Fresh Sushi; Meal Kits",local; artisanal; sustainable; farm-to-table; prepared foods,,,https://www.facebook.com/HarvestMarketChampaign/,
Nob Hill,"Nob Hill Foods, 809 Bay Avenue, Capitola, CA 95010, United States of America",https://www.instagram.com/raleys/,Supermarket,Capitola,47,CA,95010,,btr_bar; smash_foods; fish_wife; chomps; unreal_snacks; coconut_cult; evies_snacks; freestyle_snacking; joon; one_trick_pony; whims; loisa; rishi_tea; stellar_snacks,Seafood; Beverages; Snacks; Health Foods; Household Essentials; Household; Personal Care; Dairy; Bakery; Produce; Meat; Frozen Foods; Smoothies; Bowls; Bites; Juices; Plant-based Foods; Gluten-free Options; Nut-free Options; Healthy Snacks; Protein-packed Foods; Household Items; Living Room; Bedrooms; Dining Room; Home Decor; Office; Kids; Mattresses; Outdoor; Storage and Organization; Lighting; Deli; Online Groceries; Wines; Sandwiches; Fine Wines; Local Products; Grill Items; Prepared Foods; Organic; Catering; Grocery,farm-to-table; artisanal; prepared foods; organic; gourmet; sustainable; local; plant-based; gluten-free; nut-free; healthy; customizable; curated,,,https://www.facebook.com/LeBeauMarket,
Nodest,"2452 1/2 Harney Street, Omaha, NE, 68131",https://www.instagram.com/direct/t/17842044968328999/?hl=en,Independent Grocery,Omaha,2,NE,68131,Zuva,bjorn_qorn; rishi_tea,Houseplants; Succulents; Planters; Gardening Supplies; Plant Care; Seeds; Herbs; Indoor Plants; Outdoor Plants; Decorative Pots,sustainable; local; organic; curated; plant-based,,,,
Nook,"11853 lebanon rd, ste 5, mt juliet, TN, 37122",https://www.instagram.com/direct/t/119800759410158/,Independent Grocery,mt juliet,1,TN,37122,,spice_walla,,,,,,
Nordiska,"18925 Front Street Northeast, Poulsbo, WA 98370, United States of America",https://www.instagram.com/direct/t/113456733380146/,Independent Grocery,Poulsbo,1,WA,98370,,spice_walla,,,,,,
Noris Village,"138 Church Street, Saranac Lake, NY 12983, United States of America",https://www.instagram.com/direct/t/119442506111912/?hl=en,Independent Grocery,Saranac Lakes,3,NY,12983,,a_dozen_cousins; bjorn_qorn; unreal_snacks; rishi_tea,Gourmet Foods; Organic Produce; Beverages; Snacks; Health Foods; Gourmet; Wine; Vegan; Local Products; Artisanal Goods; Local; Fresh Produce; Bulk Items; Vegan Options; Dairy; Beer; Produce; Prepared Foods; Artisanal; Wellness; Grocery,artisanal; prepared foods; organic; gourmet; sustainable; local; vegan,,,https://facebook.com/rivervalleycoop,
North Country,"North Country Food Co-op, 25 Bridge Street, City of Plattsburgh, NY 12901, United States of America",https://www.instagram.com/ncfoodcoop/,Supermarket,Plattsburgh,2,NY,12901,Zuva,a_dozen_cousins; bjorn_qorn,Produce; Grocery Staples; Snacks; Meat; Dairy; Bulk Goods; Health Products; Beauty Products; Vegan Options; Gluten-Free Options; Meat & Dairy; Health and Beauty; Vegetarian Options; Allergen-Sensitive Options,local; organic; sustainable; vegan; gluten-free; prepared foods; vegetarian; allergen-sensitive,,,https://www.facebook.com/ncfoodcoop/,
North Shore Farms,"190 Glen Cove Ave, Glen Cove, NY, 11542",https://www.instagram.com/northshorefarms,Supermarket,Glen Cove,15,NY,11542,,bjorn_qorn; blobs; one_trick_pony; loisa; whims; rishi_tea; cauli_puffs; coconut_cult; glonuts; graza; spice_walla; unreal_snacks,Prepared Foods; Gourmet Items; Deli; Pasta Dishes; Meat; Vegetables; Seafood; Baked Goods; Snacks; Beverages; Pasta,fresh; gourmet; prepared foods; local; affordable,,,https://www.facebook.com/northshorefarms,
Nostrand Health Food,"1432 Nostrand Avenue, Brooklyn, NY, 11226",https://www.instagram.com/direct/t/113072873416684/,Health/Supplement Store,Brooklyn,1,NY,11226,,yolele,,,,,,
Nothing Bundt Cakes,"1838 Hendersonville Road, Asheville, NC, 28803",https://www.instagram.com/direct/t/114305109964317/,Independent Grocery,Asheville,1,NC,28803,,spice_walla,,,,,,
Nourish Marketplace,"8250 Highway 70 S, Nashville, TN, 37221",https://www.instagram.com/direct/t/113241436763199/,Independent Grocery,Nashville,2,TN,37221,,spice_walla; stellar_snacks,,fresh; healthy; Thai; home cooking,,,,
Now Serving,"Howlin' Ray's, 727 North Broadway, Los Angeles, CA 90012, United States of America",https://www.instagram.com/howlinrays/,Boutique Grocer,Los Angeles,4,CA,90012,,brightland; fly_by_jing; rooted_fare; yolele,"Cookbooks; Presale Titles; New Titles; Signed Books; General Cooking; Health, Wellness & Special Diets; Baking; Food Writing & Memoirs; Photography / Styling; Children's",artisanal; gourmet; prepared foods; curated; international,,,https://www.facebook.com/howlinrays,https://x.com/howlinrays
Ns2 Nutrition Smart,"1821 Bruce B Downs Boulevard, Wesley Chapel, FL, 33543",https://www.instagram.com/direct/t/120360306022996/,Health/Supplement Store,Wesley Chapel,2,FL,33543,Zuva,yolele,"Fresh Produce; Grocery; Vitamins, Supplements & Herbs; Body Care; Sports Nutrition; Bulk Foods; Nutrition Smart Private Label; Specialty Diets; Organic; Gluten-Free; Vitamins; Supplements; Herbs; Deals",organic; gluten-free; paleo; plant-based; keto; sugar-free; dairy-free; non-GMO; soy-free; tree-nut-free,,,,
Nsa Supermarket 472,"Ideal Food Basket, 89-30 Sutphin Boulevard, New York, NY 11435, United States of America",https://www.instagram.com/idealsupermarkets/,Supermarket,Queens,1,NY,11435,,brightland,,,,,https://www.facebook.com/idealsupermarkets/,
Nugget,"2639 Nugget Nugget Drive, Calaveras County, CA 95249, United States of America",https://www.instagram.com/nuggetmarkets/,Supermarket,Tiburon,41,CA,95249,,chomps; unreal_snacks; zabs_hot_sauce; fish_wife; neuro_gum; one_trick_pony; smash_foods; loisa; rishi_tea,Gourmet Foods; Prepared Meals; Juices; Beverages; Sandwiches; Snacks; Coffee; Gift Cards; Fresh Produce; Bakery; Dairy; Produce; Smoothies; Recipes; Catering; Specialty Foods; Health Foods; Specialty Items; Coffee & Juice; Seafood; Prepared Foods; Meat; Grocery; Local Products,artisanal; prepared foods; organic; gourmet; sustainable; local; farm-to-table,,(415)388-2770,,
Numbian Markets,"2565 Washington Street, Boston, MA, 02119",http://instagram.com/nubianmarkets,Independent Grocery,Boston,1,MA,2119,,yolele,Grocery; Butchery; Cafe; Catering; Gathering Space,halal; humanely-raised; local; international,,,https://www.facebook.com/nubianmarkets/,
Nutrition Stop,"1990 Health Street, Waterloo, IA 50703, United States of America",https://instagram.com/,Health/Supplement Store,St. Peters,3,IA,50703,,fly_by_jing; unreal_snacks; rishi_tea; smash_foods,,occupational therapy; physical therapy; health sciences; nursing,,(636)928-7550,https://facebook.com/,
Nuts N Berries,"4274 Peachtree Road NE, Brookhaven, GA 30319, USA",https://www.instagram.com/direct/t/111311356932050/,Independent Grocery,,6,GA,30319,,alice_mushrooms; rishi_tea; chomps; coconut_cult; freestyle_snacking; masa_chips; spice_walla,"Supplements; Vitamins & Minerals; Superfood and Whole Food Supplements; Metaphysical Gifts, Jewelry & Candles; Clean Beauty; Household Cleaners & Supplies; Gut Health; Nut Butters; Honey; Pantry Staples",organic; local; curated; sustainable,,,,
O+V,"306 S White Street, Wake Forest, NC, 27587",Fishwife,Independent Grocery,Wake Forest,1,NC,27587,,spice_walla,,,,,,
Oak Grove Market,"Oak Grove Market, 2757 Lavista Road, Decatur, GA 30033, United States of America",https://www.instagram.com/oakgrovemarketdecatur/,Independent Grocery,Decatur,2,GA,30033,,brightland; masa_chips,,,,,,
Oakes Farm,"Dunkin', 4835 Immokalee Road, Naples, FL 34110, United States of America",https://www.instagram.com/direct/t/109770430567269/,Deli/Prepared Foods,Naples,2,FL,34110,Zuva,masa_chips; rishi_tea,Beverages; Breakfast Sandwiches; Donuts; Snacks; Coffee; Bagels; Sandwiches; K-Cup Pods; Protein Drinks; Meal Deals,gourmet; prepared foods; sustainable,,,https://www.dunkindonuts.com/en,https://twitter.com/dunkindonuts
Oat Bakery,"316 North Cañada Street, Santa Barbara, CA 93103, United States of America",https://www.instagram.com/direct/t/110192137040366/,Bakery,Santa Barbara,1,CA,93103,,graza,,,,,,
Ob // Humble Bouj,"101 South 12th Street, Tampa, FL 33602, United States of America",https://www.instagram.com/ihauljunk/,Independent Grocery,Tampa,1,FL,33602,,brightland,Appliance Removal; Boat Removal; Bulk Pickup; Cardboard Removal; Commercial Waste Management; Construction Debris Removal; Deck Removal; Estate Cleanouts; Furniture Removal; Hot Tub Removal,sustainable; local; environmentally friendly; recycling,,,https://www.facebook.com/ihauljunks/,https://www.x.com/iHaulJunk1
Ocean City Organics,"Ocean City, 61 Diauto Drive, Randolph, MA 02368, United States of America",https://www.instagram.com/oceancityorganics48/,Natural/Organic Market,,2,MA,2368,,coconut_cult; rishi_tea,,,,,,
Oday Cache,"317 Broadway, Fargo, ND 58102, United States of America",https://www.instagram.com/odaycache/,Independent Grocery,Fargo,1,ND,58102,,fish_wife; graza,,,,,,
Odd Provisions,"Odd Provisions, 3301 11th Street Northwest, Washington, DC 20010, United States of America",https://www.instagram.com/oddprovisions/,Deli/Prepared Foods,WASHINGTON,2,DC,20010,,a_dozen_cousins; smash_foods; spice_walla,Prepared Meals; Craft Beer; Groceries; Gift Baskets; Natural Wine,prepared foods; curated; local; craft,,,https://www.facebook.com/Odd-Provisions-583376881833395/?fref=ts,https://twitter.com/oddprovisions
Of All Places Market,"1841 Solano Avenue, Berkeley, CA, 94707",https://www.instagram.com/p/DRnR9l7EuqZ/,Wine/Beer/Liquor,Berkeley,2,CA,94707,,bjorn_qorn; stellar_snacks; diaspora_co; zabs_hot_sauce,Specialty Groceries; Gift Boxes; Sweet Treats; Beer; Sandwiches; Prepared Foods; Snacks; Wine; Pantry Essentials,artisanal; curated; local; small-batch,,,,
Off The,"317 East Market Street, Meeker, CO 81641, United States of America",https://www.instagram.com/direct/t/17842066439360498/,Independent Grocery,Meeker,2,CO,81641,,fish_wife; spice_walla,,,,,,
Off Track Ice Cream,"29003 Off Track Trail, Evergreen, CO 80439, United States of America",https://www.instagram.com/direct/t/108527620543204/,Independent Grocery,,2,CO,80439,,graza,,,,,,
Old Colony Smokehouse,"407 S. Broad Street, Edenton, NC, 27932",https://www.instagram.com/direct/t/117429092983754/,Independent Grocery,Edenton,1,NC,27932,,spice_walla,,,,,,
Old Main Mercantile,"201 Academy Rd., Starkville, MS, 39759",https://www.instagram.com/direct/t/17846743679774717/,Independent Grocery,Starkville,1,MS,39759,,spice_walla,,,,,,
Old Souls Farm,"42692 Pocahontas Road, Baker City, OR 97814, United States of America",https://www.instagram.com/direct/t/105162914215828/,Independent Grocery,Baker City,2,OR,97814,,fish_wife; masa_chips; rishi_tea,,,,,,
Olde Hickory Station,"232 Government Ave. SW, Hickory, NC, 28602",https://www.instagram.com/oldehickorystation/,Independent Grocery,Hickory,1,NC,28602,,spice_walla,,,,,,
Ole Timey Meats,"910 Chapin Road, Chapin, SC, 29036",https://www.instagram.com/direct/t/17845079925107748/,Independent Grocery,Chapin,1,SC,29036,,spice_walla,,,,,,
Olive,"3117 West Olive Avenue, Burbank, CA, 91505",https://www.instagram.com/,Wine/Beer/Liquor,Burbank,26,CA,91505,,bjorn_qorn; brightland; graza; fish_wife; coconut_cult; pistakio; fly_by_jing; freestyle_snacking; joon; loisa; masa_chips; spice_walla; stellar_snacks; whims,Wine; Spirits; Beverages; Snacks; Food; Wellness Goods; Merch; Accessories; Apothecary; Kitchen + Home; Clothing; Gift Cards; Men's Shop; Meat; Deli; Produce; Bakery; Dairy; Beer; Liquor; Floral; Frozen Foods,artisanal; curated; gourmet; local; organic; gluten-free; plant-based,,,https://www.facebook.com/ShopGardenFresh/,
Olives Gourmet Grocer,"Olives Gourmet Grocer, 3510 East Broadway, Long Beach, CA 90803, United States of America",https://www.instagram.com/olivesgourmetgrocer/,Supermarket,Long Beach,2,CA,90803,,fish_wife; fly_by_jing; spice_walla,Dairy & Non-Dairy; Libations; Dairy; Produce; Can & Jar Goods; Grains & Cereals; Snacks & Desserts; Meats; Pantry Essentials,prepared foods; gourmet; local; artisan,,,https://www.facebook.com/olivesgourmetgrocer,
Oliviers Butchery,"1192 Illinois Street, San Francisco, CA, 94107",https://www.instagram.com/direct/t/115906046466173/,Butcher/Meat Shop,San Francisco,1,CA,94107,,spice_walla,,,,,,
Olssons Fine Foods,"Olsson's Fine Foods, 53 Palmer Square West, Princeton, NJ 08542, United States of America",https://www.instagram.com/direct/t/114365549954409/,Supermarket,Princeton,1,NJ,8542,,fish_wife; spice_walla,,,,,,
Omni Hotels & Resorts,"2353 Veronica Court, Carlsbad, CA 92011, United States of America",https://www.instagram.com/fieldsranchfrisco/,Hotel/Hospitality,Carlsbad,16,CA,92009,,btr_bar; evies_snacks; whims; fish_wife; joon; spice_walla; stellar_snacks,Golf Courses; Dining; Shopping; Resort & Spa; Membership; PGA Coaching Center; Packages; Events; Tournaments; Golf Tee Times; Meetings & Events; Gift Cards; Weddings; Spa; Golf; Experiences; Special Offers; Hotels & Resorts; Loyalty Programs; Business Travel,golf; championship courses; PGA events; family-friendly; luxury resort; genuine hospitality; luxury; experiential; personalized service,,,https://www.facebook.com/fieldsranchfrisco/,
Omo Mercado,"259b East Arrow Highway, Upland, CA, 91786",https://www.instagram.com/omomercado,Boutique Grocer,Upland,4,CA,91786,,bjorn_qorn; rooted_fare; fish_wife; zabs_hot_sauce; graza; masa_chips; whims,Private Events; Workshops; Craft Beer; Wine Club Memberships; Gatherings; Community Gatherings; Wine Club; DJ Sets; Market Events; Food & Beverage Vendors; Natural Wines; DJ Events; Artisan Products; Merchandise; Culinary Experiences; Live Events,artisanal; natural; curated; sustainable; local,,,https://www.facebook.com/omomercado,
Oneota Community Food Co-Op,"Community, 206 South Public Road, Lafayette, CO 80026, United States of America",http://www.instagram.com/eat_at_community/,Co-op,,3,CO,80026,,coconut_cult; masa_chips; smash_foods; rishi_tea,Fare; Cocktails; Rum; Takeout; Events; Gift Cards,artisanal; local; prepared foods,,,http://www.facebook.com/eatatcommunity,
Op Market,"2305 Ocean Park Boulevard, Santa Monica, CA 90405, United States of America",https://www.instagram.com/hoodfamousbakeshop/,Independent Grocery,SANTA MONICA,1,CA,90405,,a_dozen_cousins,,,,,,
Opas Smoked Meats,"410 South Washington, Fredericksburg, TX, 78624",https://www.instagram.com/direct/t/103890594337801/,Independent Grocery,Fredericksburg,1,TX,78624,,spice_walla,,,,,,
Orange Bike Brewing Company,"31 Diamond Street, Portland, ME, 04101",https://www.instagram.com/direct/t/17842927310640271/?hl=en,Wine/Beer/Liquor,Portland,1,ME,4101,,bjorn_qorn; yolele,Food; Beer; Events; Merch,local; sustainable; gluten-free,,,,
Organica Shop,"13467 NW 19th Lane, Miami, FL, 33182",https://www.instagram.com/spartanshippinginc_official/,Natural/Organic Market,Miami,1,FL,33182,,yolele,Shipping Services; Packaging Services; Warehouse & Storage; Door to Door Delivery; Heavy-Duty Equipment Shipping; Personal Effects Shipping; Commercial Goods Shipping; Consolidation Services; Weekly Shipping; Cargo Handling,international; reliable; customer-oriented; consolidation; weekly shipping,,,https://www.facebook.com/Spartan-Shipping-Inc-Miami-Broward-102661155245041,
Organnons Natural Market,"591 Durham Road, Wrightstown, Wrightstown Township, PA 18940, United States of America",https://www.instagram.com/direct/t/115053226556409/?hl=en,Independent Grocery,Wrightstown,4,PA,18940,,a_dozen_cousins; rishi_tea; blobs; the_only_bean; fish_wife; whims,,,,,,
Origins Grocer,"2361 30th Street, San Diego, CA 92104, United States of America",https://www.instagram.com/direct/t/110188890576510/,Independent Grocery,San Diego,2,CA,92104,,diaspora_co; masa_chips; zabs_hot_sauce,,,,,,
Oryana West Community Coop,"3587 Marketplace Circle, Traverse City, MI, 49684",https://www.instagram.com/direct/t/120962782623828/,Co-op,Traverse City,1,MI,49684,,yolele,,,,,,
Oshkosh Food Co-Op,"Oshkosh Food Co-op, 155 Jackson Street, Oshkosh, WI 54901, United States of America",https://www.instagram.com/oshkosh_food_coop/,Co-op,Oshkosh,2,WI,54901,,chomps; unreal_snacks; rishi_tea,,,,(920)312-7220,,
Our,"1010 Lafayette Street, Richmond, VA 23221, USA",https://www.instagram.com/direct/t/17843209475292675/,Boutique Grocer,,5,VA,23221,,alice_mushrooms; narra; rishi_tea; spice_walla; zabs_hot_sauce,Beauty; Housewares; Decor; Candles; Serveware; Dinnerware; Drinkware; Clothing; Jewelry; Accessories,curated; artisanal,,,,
Outside,"7568 Soquel Drive, Aptos, CA, 95003",https://www.instagram.com/direct/t/110484397016488/,Independent Grocery,Aptos,1,CA,95003,,spice_walla,,,,,,
Oven & Tap,"215 South Main Street, Bentonville, AR 72712, United States of America",https://www.instagram.com/direct/t/115439836520215/,Independent Grocery,Bentonville,1,AR,72712,,graza,,,,,,
Oven Depot,"Powell Street & Bush Street, 972 Bush Street, San Francisco, CA 94108, United States of America",https://www.instagram.com/direct/t/17844035615311443/,Independent Grocery,San Francisco,1,CA,94109,,graza,,,,,,
Oxbow,"6765 Canal Road, Valley View, OH 44125, United States of America",https://www.instagram.com/oxbowpies/,Independent Grocery,Valley View,3,OH,44125,,chikka_chikka; fish_wife; graza; rishi_tea,,,,,,
P.S. The Letter,"2100 Hulen Street, Fort Worth, TX, 76107",https://www.instagram.com/direct/t/109514170448748/,Independent Grocery,Fort Worth,1,TX,76107,,spice_walla,,,,,,
Pacific Market,"Asian Pacific Market, 615 Wooten Road, Colorado Springs, CO 80915, United States of America",https://www.instagram.com/direct/t/104817274421732/,Independent Grocery,,8,CO,80915,,blobs; cauli_puffs; coconut_cult; freestyle_snacking; narra; rishi_tea; smash_foods; whims; stellar_snacks; unreal_snacks,,,,,,
Pacific Ranch Market,"Yorktown-Pacific Ranch, West Yorktown Avenue, Huntington Beach, CA 92648, United States of America",https://www.instagram.com/direct/t/103985327663380/,International Grocery,,3,CA,92648,,blobs; brightland; coconut_cult,,,,,,
Pacific Treasures & Gourmet,"114 East Main Street, Visalia, CA, 93291",https://www.instagram.com/direct/t/102345247832540/,Independent Grocery,Visalia,1,CA,93291,,spice_walla,,,,,,
Page,"1110 Front Street, Conway, AR 72032, United States of America",https://www.instagram.com/direct/t/17850770942689345/,Independent Grocery,Conway,2,AR,72032,,graza; stellar_snacks,,,,,,
Palma Ceia Village Hlth Mkt,"The Brunchery, 3225 South Macdill Avenue, Tampa, FL 33629, United States of America",https://www.instagram.com/the_brunchery/,Deli/Prepared Foods,TAMPA,2,FL,33629,,a_dozen_cousins; unreal_snacks,Breakfast; Brunch; Lunch; Catering; Gluten-Free Options; Salads; Burgers; Waffles; Benedicts; Private Events,gluten-free; artisanal; prepared foods; local,,,https://www.facebook.com/Brunchery/,
Pane Damore,"Pane  d'Amore, 617 Tyler Street, Port Townsend, WA 98386, United States of America",https://www.instagram.com/pt_pane_d_amore/,Bakery,Port Townsend,1,WA,98368,,graza,,artisanal; local,,,https://www.facebook.com/profile.php?id=100057597662163&mibextid=LQQJ4d,
Pangaea Naturals,"Anna Bananas Bakery & Candy, 657 East Bay Avenue, Stafford Township, NJ 08050, United States of America",https://www.instagram.com/annabananasbakerynj/,Boutique Grocer,MANAHAWKIN,4,NJ,8050,,a_dozen_cousins; rishi_tea; evies_snacks; fish_wife; unreal_snacks,Custom Cakes; Candy Store; Party Platters; Wedding Cakes; Cookies; Cupcakes; Pies; Desserts,artisanal; small-batch,,,https://www.facebook.com/AnnaBananasBakeryNJ,
Papagenos Wine & Provisions,"1201 North Federal Highway, Fort Lauderdale, FL 33304, United States of America",https://www.instagram.com/direct/t/17848409705955926/,Wine/Beer/Liquor,Fort Lauderdale,1,FL,33304,,brightland; masa_chips,,,,,,
Papas Meat & Seafood Co.,"Papa's Meat & Seafood Co., 445 South Glenoaks Boulevard, Burbank, CA 91502, United States of America",https://www.instagram.com/papas.meat.seafood.la/,Deli/Prepared Foods,Burbank,1,CA,91502,,fish_wife; graza,Seafood; Marinated Options; Steaks; Caviar; Sandwiches; Gourmet; Wagyu; Prepared Foods; Meat; Iberico,premium; prepared foods; gourmet; responsibly-sourced,,,,
Paper Cranes,"15 S Montana St, Butte, MT, 59701",https://www.instagram.com/direct/t/17843361854643258/,Independent Grocery,Butte,1,MT,59701,,spice_walla,,,,,,
Paper Skyscraper,"330 East Blvd, Charlotte, NC 28203, USA",https://instagram.com/paperskyscraper,Boutique Grocer,,2,NC,28203,,alice_mushrooms; spice_walla,Apparel & Accessories; Arts & Crafts; Bags & Wallets; Barware; Books; Candles; Cards; Coffee & Tea; Drinkware; Home Decor,local; unique; artisanal; curated,,,https://facebook.com/paperskyscraper,
Paradox At Peco,"248 S Cooper St., Memphis, TN, 38104",https://www.instagram.com/direct/t/17842059836708331/,Independent Grocery,Memphis,1,TN,38104,,spice_walla,,,,,,
Park,"4504 Park Boulevard, San Diego, CA 92116, United States of America",https://instagram.com/foodcoop,Independent Grocery,San Diego,17,CA,92116,,behave; realsy; bjorn_qorn; blobs; zabs_hot_sauce; whims; bon_bon_swedish_candy; brightland; cauli_puffs; chikka_chikka; glonuts; joon; masa_chips; narra; stellar_snacks; rishi_tea; smash_foods; stuzzi,Bulk; Beverages; Snacks; Health Foods; Local; Dairy; Produce; Prepared Foods; Organic; Artisanal,artisanal; prepared foods; organic; sustainable; local; farm-to-table,,,,
Parkside Cafe,"43 Arenal Avenue, Stinson Beach, CA 94970, United States of America",https://www.instagram.com/parksidecafestinsonbeach/,Coffee Shop/Cafe,Stinson Beach,1,CA,94970,,droosh,Breakfast; Lunch; Dinner; Pizza; Take Out; Bakery; Marketplace; Snacks; Coffee; Private Dining,local; seasonal; artisanal; curated,https://www.parksidecafe.com/,415) 868-1272,,
Pasco Farm Shop,"Relish, 107 South Broad Street, Thomasville, GA 31792, United States of America",https://www.instagram.com/relishtvl/?hl=en,Boutique Grocer,Thomasville,2,GA,31792,,fish_wife; rishi_tea; spice_walla,Gourmet Foods; Dutch Ovens; Wine; Gifts; Mixing Bowls; Whiskey Glasses; Cast Iron; Tabletop; Cookware; Kitchenware,artisanal; gourmet; curated; local,,,https://www.facebook.com/RelishTVL,
Pcc,"Petco, 22621 Bothell-Everett Highway, Bothell, WA 98021, United States of America",https://www.instagram.com/pccmarkets/,Boutique Grocer,BOTHELL,40,WA,98021,,a_dozen_cousins; rishi_tea; chomps; unreal_snacks; smash_foods; coconut_cult; fish_wife; pistakio; freestyle_snacking; yolele,Dog; Cat; Fish; Reptile; Small Pet; Bird; Pet Pharmacy; Grooming; Training; Pet Services; Bulk; Deli; Health & Body Care; Produce; Dairy & Cheese; Special Orders; Meat & Seafood; Wine & Beer; Cooking Classes; Grocery; Bakery; Prepared Foods; Pet Food; Pet Supplies; Manicure; Pedicure; Acrylic Nails; Eyebrows Tattoo; Eyelashes Extensions; Facial; Waxing; Classes & Events; Hot Food; Pizzeria; Café,organic; sustainable; emerging brands; curated; local; seasonal; co-op; prepared foods; zero-waste; healthy communities; cooperative; artisanal; farm-to-table; personal training; specialized; community-focused; sanitized; comfortable; friendly,,,https://www.facebook.com/hustlefitgym,[object Object]
Peak,"145 OYSTER CREEK DRIVE, LAKE JACKSON, TX",https://www.instagram.com/direct/t/103356177733056/,Independent Grocery,LAKE JACKSON,3,TX,77566,,rishi_tea; spice_walla,,,,,,
Pelican Point Seafood,"933 Dodecanese Boulevard, Tarpon Springs, FL 34689, United States of America",https://www.instagram.com/pelican_point_seafood/,Independent Grocery,Tarpon Springs,1,FL,34689,,brightland; zabs_hot_sauce,,,,,,
Pendulum Fine Meats,"820 Shirley Avenue, Norfolk, VA 23517, United States of America",https://www.instagram.com/direct/t/113837800011028/,Independent Grocery,Norfolk,2,VA,23517,,brightland; whims; spice_walla,,,,,,
Penflora Designs,"1243 Howard Avenue, Burlingame, CA 94010, United States of America",https://www.instagram.com/penflora_designs/?hl=en,Boutique Grocer,Burlingame,1,CA,94010,,brightland,Flower Arrangements; Decor; Wearable Accessories; Garden Consulting; Handcrafted Items; Vintage Goods; Sustainable Products; Home Decor; Candles; Floral Workshops,sustainable; curated; handcrafted; vintage; artisanal,https://www.penfloradesigns.com/,(650) 483-7834,https://www.facebook.com/penflora/,
Pennymade,"Reps & Restore, 1981 Jessup Drive, Fort Collins, CO 80525, United States of America",http://instagram.com/repsandrestore,Independent Grocery,Fort Collins,3,CO,80525,,brightland; masa_chips; spice_walla,,wellness; fitness; recovery; infrared sauna; cold plunge; community support,,(970) 966-1909,http://facebook.com/share/rLC5qg4QuMRUZKoc/?mibextid=LQQJ4d,
Pepperjack Provisions,"Pepper jack, 1232 9th Avenue, San Francisco, CA 94122, United States of America",https://www.instagram.com/pepperjack.provisions/,Deli/Prepared Foods,San Francisco,3,CA,94122,,brightland; zabs_hot_sauce; fish_wife; pistakio; rooted_fare,,,,,,
Perch Home And Hospitality,"152 North Water Avenue, Gallatin, TN 37066, United States of America",https://www.instagram.com/direct/t/17843758007610869/,Independent Grocery,Gallatin,3,TN,37066,,fish_wife; fly_by_jing; spice_walla,,,,,,
Persimmon Tree Foods And Gifts,"790 NE A St., Linton, IN, 47441",https://www.instagram.com/direct/t/17845254428479603/,Supermarket,Linton,2,IN,47441,,spice_walla,,,,,,
Peters Cornucopia,"1 New Hartford Shopping Center, New Hartford, NY 13413, United States of America",https://www.instagram.com/royalrivernaturalfoods/,Independent Grocery,New Hartford,5,NY,13413,,a_dozen_cousins; bjorn_qorn; unreal_snacks; evies_snacks; loisa; rishi_tea,Frozen Meals; Health & Beauty; Wine & Beer; Ready-to-Go Meals; Supplements; Groceries; Dairy; Produce; Meats; Baked Goods,organic; Maine-grown; sustainable; local,,,https://www.facebook.com/Royal-River-Natural-Foods-122148754472802/?fref=ts,https://twitter.com/intent/follow?original_referer=https%3A%2F%2Fwww.nycgovparks.org%2F&ref_src=twsrc%5Etfw&screen_name=nycparks
Petersons Groves & Nursery,"3375 66TH AVE, VERO BEACH, FL",https://www.instagram.com/direct/t/113202030225270/,Independent Grocery,VERO BEACH,1,FL,32966,,rishi_tea,,,,,,
Petes Fresh Market,"Pete's Market, 5838 South Pulaski Road, Chicago, IL 60629, United States of America",https://www.instagram.com/petesfreshmarket/,Specialty/Gourmet Grocery,Matteson,15,IL,60629,,chomps; unreal_snacks; rishi_tea; the_only_bean; yolele,Seafood; Beverages; Snacks; Health Foods; Meat; Dairy; Bakery; Produce; Frozen Foods; Catering; Grocery; International Foods; Organics; Special Diets; Gift Cards; Fresh Living; Grocery Pickup & Delivery; Departments,prepared foods; organic; sustainable; local; international,,(708)572-8300,https://www.facebook.com/petesfreshmarket,
Petrikor,"2201 Baker Avenue, Everett, WA 98201, United States of America",https://www.instagram.com/direct/t/114316253288748/,Independent Grocery,Everett,1,WA,98201,,graza,,,,,,
Phillips Farms Stand,"564 Milford Warren Glen Road, Milford, NJ, 8848",https://www.instagram.com/direct/t/108357280555855/,Independent Grocery,Milford,1,NJ,8848,,spice_walla,,,,,,
Pick Rite,"Pick-Rite Thriftway, 211 East Wynooche Avenue, Montesano, WA 98563, United States of America",https://www.instagram.com/pickritethriftway/,Independent Grocery,,3,WA,98563,,blobs; unreal_snacks; rishi_tea; yolele,Bakery; Deli; Floral; Party Trays; Wedding Cakes; Community; Customer Service Offers; Kids Club; Weekly Ad; Recipes,local; artisanal; prepared foods,,,https://www.facebook.com/Pick-Rite-Thriftway-1588553034737663,
Pickle & Ash,"21559 Jeb Stuart Highway, Stuart, VA, 24171",https://www.instagram.com/direct/t/17843313824489729/,Independent Grocery,Stuart,1,VA,24171,,spice_walla,,,,,,
Pierogi Boys,"57-34 Catalpa Avenue, Ridgewood, NY, 11385",http://instagram.com/pierogiboys,Independent Grocery,Ridgewood,5,NY,11385,,bjorn_qorn; rishi_tea; brightland; one_trick_pony; diaspora_co; loisa; pistakio,,artisanal; prepared foods; local,,,,
Pilgrims Market,"1316 N 4th St, Coeur dAlene, ID",https://www.instagram.com/direct/t/101246597938481/,Independent Grocery,Coeur dAlene,4,ID,83814,,a_dozen_cousins; chomps; unreal_snacks; graza; joon; rishi_tea,,,,,,
Pilimoth General,"44 Main St., Plymouth, MA, 02360",https://www.instagram.com/direct/t/17842795487765926/,Gift/Specialty Shop,Plymouth,1,MA,2360,,spice_walla,,,,,,
Pilon,"2430 North Mesa Street, El Paso, TX 79902, United States of America",https://www.instagram.com/pilonwineelpaso/,Independent Grocery,El Paso,1,TX,79902,,fish_wife; graza,,,,,,
Pineapple Tahoe,"Coldwell Banker - Tristan Roberts & Associates - North Lake Tahoe Ca Real Estate Broker, 475 North Lake Boulevard, Tahoe City, CA 96145, United States of America",https://www.instagram.com/pineapple.tahoe/,Independent Grocery,Tahoe City,1,CA,96145,,brightland,,,,(530) 583-1388,,
Pinwheel Provisions,"860 W. Lancaster Ave, Bryn Mawr, PA, 19010",https://www.instagram.com/pinwheelprovisions/,Deli/Prepared Foods,Bryn Mawr,2,PA,19010,Zuva,bjorn_qorn; spice_walla,Beverages; Prepared Foods; Snacks; Healthy Meals; Pastries; Sandwiches; Soups; Salads; Pantry Goods; Local Ingredients,local; artisanal; prepared foods; sustainable,,,https://www.facebook.com/PinwheelProvisions/,
Pip And Anchor,"The Crown and Anchor, 247 Commercial Street, Provincetown, MA 02657, United States of America",https://www.instagram.com/onlyatthecrown/,Independent Grocery,nantucket,2,MA,2554,,fish_wife; graza; masa_chips,,entertainment; LGBTQ+; community-focused,,,https://www.facebook.com/onlyatthecrown,
Pistil & Page,"72 Kingsbury Street, Gardiner, ME 04345, United States of America",https://www.instagram.com/direct/t/108024913923070/,Independent Grocery,Gardiner,1,ME,4345,,spice_walla,,,,,,
Pita Inn Meat Market And Bakery,"Pita Inn Market & Bakery, 3924 Dempster Street, Skokie, IL 60076, United States of America",https://www.instagram.com/pitainnmarket/,Bakery,Skokie,2,IL,60076,Zuva,brightland; realsy; rishi_tea,Condiments; Dairy; Bakery; Beverages; Spices; Snacks; Mediterranean Goods; Middle Eastern Pies; Meat; Frozen Foods,international; artisanal; freshly baked; diverse; halal,,,https://www.facebook.com/PitaInnMarket,
Pizazz,"403 Central Avenue, Great Falls, MT 59401, United States of America",https://www.instagram.com/direct/t/101629687899990/,Independent Grocery,Great Falls,1,MT,59401,,fish_wife; spice_walla,,,,,,
Pizza School Nyc,"Pizza a Casa - Pizza School, 371 Grand Street, New York, NY 10002, United States of America",http://instagram.com/pizzaschool,Boutique Grocer,New York,1,NY,10002,,chikka_chikka,Pizza-Making Classes; Team-Building Events; Private Events; Gift Certificates,artisanal; gourmet,,,http://www.facebook.com/pizzaschool,
Planet,"1951 LATHAM AVENUE, LIMA, OH",https://www.instagram.com/direct/t/101744724563689/,Independent Grocery,LIMA,3,OH,45805,,rishi_tea; spice_walla; unreal_snacks,Snorkeling; Fishing; Kayaking; Eco-Tours; Customized Tours,sustainable; local; eco-friendly; adventure; customized,,,https://www.facebook.com/captainplanetcharters/,
"Play, Llc","Speak Write Play, LLC, 1346 How Lane, New Brunswick, NJ 08902, United States of America",https://www.instagram.com/speakwriteplay,Independent Grocery,,1,NJ,8902,,narra,Editing and Proofreading Services; English Language Arts Tutoring; English as a Second Language Instruction; Courses; Workshops,professional; courteous; learner-centered; customized; interactive,,,https://www.facebook.com/SpeakWritePlayEnglish/,https://twitter.com/speakwriteplay
Ploskys Delicatessen,"1201 Main Street, Carbondale, CO 81623, United States of America",https://www.instagram.com/ploskysdeli/,Deli/Prepared Foods,Carbondale,2,CO,81623,,brightland; graza,,,,(970) 205-9733,,
Plum Market,"Plum Market, 375 North Maple Road, Ann Arbor, MI 48103, United States of America",https://www.instagram.com/direct/t/109533963768031/,Independent Grocery,Ann Arbor,14,MI,48103,,btr_bar; smash_foods; unreal_snacks; chomps; coconut_cult; fish_wife; rishi_tea,Seafood; Beverages; Snacks; Health Foods; Bakery; Produce; Prepared Foods; Meats; Catering; Grocery,historic; unique setting; event space; gourmet; sustainable; local; organic; artisanal; prepared foods,,,https://www.facebook.com/a2parksmi,https://x.com/A2Parks
Plume,"5751 South Route K, Columbia, MO, 65203",https://www.instagram.com/direct/t/121768122548614/,Independent Grocery,Columbia,1,MO,65203,,spice_walla,,,,,,
Pomegranate Home And Garden,"120 NE Bend River Mall Drive, Bend, OR 97703, United States of America",https://www.instagram.com/direct/t/103386394396228/,Independent Grocery,Bend,1,OR,97703,,graza,,,,,,
Pomegranate Market,"4815 South Louise Avenue, Sioux Falls, SD 57106, United States of America",https://www.instagram.com/thepomegranatemarket/,Independent Grocery,SD,6,SD,57106,,btr_bar; chomps; drumroll_donuts; evies_snacks; graza; rishi_tea; unreal_snacks,Meat & Butcher; Prepared Foods; Fish; Produce; Bakery; Cheese; Sushi; Dips & Salads; Gourmet; Kosher,kosher; prepared foods; gourmet,,,https://www.facebook.com/thepompeople,https://x.com/thepompeople?lang=en
Pono Bowl Co. Food Cart,"237 2nd Avenue Southwest, Albany, OR 97321, United States of America",https://www.instagram.com/direct/t/105180170878127/,Independent Grocery,Albany,1,OR,97321-2763,,brightland,,,,,,
Poppy & Hawk,"Poppy & Hawk, 223 Northeast 4th Avenue, Camas, WA 98607, United States of America",https://instagram.com/poppyandhawk/,Boutique Grocer,Camas,1,WA,98607,,brightland; stellar_snacks,Gift Wrap; Apparel; Leather & Accessories; Fine Foods; Candles; Puzzles & Crafts; Apothecary; Baby & Kids; Jewelry; Paper Goods; Gift Guide; Home & Kitchen,artisanal; handmade; curated; sustainable,http://poppyandhawk.com,,https://facebook.com/poppyandhawk,
Poppy & Pomelo,"306 Idle Hour Drive, Lexington, KY, 40502-1106",https://www.instagram.com/direct/t/106430664310904/,Independent Grocery,Lexington,2,KY,40502-1106,,spice_walla; stellar_snacks,Flowers; Weddings; Events; Corporate Services; Flower Subscriptions; Gifts; Candles; Soaps; Lotions; Jellycat,artisanal; local; sustainable; unique gifts,,,,
Postscript,"Postscript, 499 Jackson Street, San Francisco, CA 94111, United States of America",https://www.instagram.com/direct/t/17842565117850500/,Independent Grocery,San Francisco,2,CA,94111,,brightland; floura; stellar_snacks,Cards; Stationery; Markers; Pens; Pencils; Calligraphy; Paper; Art Prints; Gifts; Books,artisanal; curated; local,,,,
Potluck Local,"1560 Hazelwood Avenue, Los Angeles, CA 90041, United States of America",https://www.instagram.com/potlucklocal,Independent Grocery,Los Angeles,5,CA,90041,,fish_wife; fly_by_jing; joon; narra; rooted_fare,,local; artisanal; curated,,,,
Prairie Center Market,"408 SOUTH MAIN STREET, COUPEVILLE, WA",https://www.instagram.com/direct/t/17851098227907742/,Independent Grocery,COUPEVILLE,2,WA,98239,,rishi_tea; unreal_snacks; yolele,,local,,,https://www.facebook.com/p/Prairie-Center-Red-Apple-Market-100057072805858,
Prairie Kitchen Store Llc,"160 North Linn Street, Iowa City, IA 52245, United States of America",https://www.instagram.com/prairiekitchenstore/,Independent Grocery,Iowa City,3,IA,52245,,fish_wife; zabs_hot_sauce; fly_by_jing; spice_walla,,,,,,
Preserved,"5032 Telegraph Avenue, Oakland, CA 94609, United States of America",https://www.instagram.com/preservedgoods/,Boutique Grocer,Oakland,2,CA,94609,,chikka_chikka; diaspora_co; zabs_hot_sauce,Pantry Staples; Kitchenwares; Sourdough & Baking; Pickling & Fermenting; Kombucha Brewing; Cheesemaking & Yogurt; Jam Making; Canning; Alcohol Brewing; Vinegar Brewing,artisanal; local; small-batch; sustainable,,,https://www.facebook.com/pages/Preserved/555931467868433,
Press Shop,"72 Georgia Avenue SE, Atlanta, GA, 30312",https://www.instagram.com/direct/t/17847561384213461/,Independent Grocery,Atlanta,1,GA,30312,,spice_walla,,,,,,
Primecut,"524 Miami Way, Vancouver, WA 98664, United States of America",https://www.instagram.com/primecutbags/,Independent Grocery,Portland,1,WA,97214,,diaspora_co; pistakio,Totes; Leather Goods; Bags; Purses; Backpacks,local; artisanal; handcrafted; unique,,,,
Primefish Seafood Co.,"123 Ocean State Drive, North Kingstown, RI 02852, United States of America",https://www.instagram.com/direct/t/111426470336111/,Independent Grocery,North Kingstown,1,RI,2852,,graza,,,,,,
Project Paulie,"116 Train Street, Dorchester, MA 02122, United States of America",https://www.instagram.com/direct/t/17842014245246480/?hl=en,Independent Grocery,dorchester,1,MA,2122,,fish_wife; graza,,,,,,
Providore Fine Foods,"2340 NE Sandy Blvd, Portland, OR, 97232",https://instagram.com/providorefinefoods,Boutique Grocer,Portland,3,OR,97232,,bjorn_qorn; rooted_fare; diaspora_co; zabs_hot_sauce; joon,Gift Boxes; Flowers; Pantry; Meals + Grazing Boxes; Corporate Gifting; Gift Boxes + Pantry; Catering,artisanal; prepared foods; gourmet; local; curated,,,,
Provision,"100 North Section Street, Fairhope, AL 36532, United States of America",https://www.instagram.com/direct/t/17842348688356610/,Independent Grocery,Fairhope,2,AL,36532,,brightland; graza; whims,,,,(251) 850-5004,,
Ptaceks,"Ptacek's IGA Grocery Store, 1005 Eagle Ridge Drive, Prescott, WI 54021, United States of America",https://www.instagram.com/direct/t/113120890083627/,Independent Grocery,Prescott,1,WI,54021,,graza,,,,,,
Public,"Smoking Goose, 411 Dorman Street, Indianapolis, IN 46202, United States of America",https://www.instagram.com/direct/t/17842378892348761/,Independent Grocery,Indianapolis,3,IN,46202,,fish_wife; rishi_tea; spice_walla,,,,,,
Pueblo,"301C Avenida Tito Castro, Ponce, PR 00731, United States of America",https://www.instagram.com/direct/t/112829870109499/,Supermarket,Ponce,8,PR,716,,loisa; stellar_snacks,,,,,,
Pullman Market,"221 NEWELL AVE, SAN ANTONIO, TX",https://www.instagram.com/pullmanmarket,Supermarket,SAN ANTONIO,1,TX,78215,,rishi_tea; yolele,Retail and Floral; Catering; Bakery; Produce; Prepared Foods; Specialty Grocer; Wine and Beer; Quick Eats; Butcher and Fishmonger; Grocery,farm-to-table; artisanal; sustainable; prepared foods; local,,,,
Pure Joy,"Pure Joy Ice Cream, 108 North Broadway Street, Siloam Springs, AR 72761, United States of America",https://www.instagram.com/direct/t/115220923201424/,Independent Grocery,,2,AR,72761,,graza,,,,,,
Pure Juice Kitchen,"24 S Evergreen Ave, Arlington Height, IL 60005, USA",https://www.instagram.com/puregreen,Juice/Smoothie Bar,,3,IL,60005,Zuva,alice_mushrooms; brightland; fish_wife,Event Catering; Pitaya Bowls; Acai Bowls; Cold Pressed Juice; Steel-cut Oatmeal Bowls; Juice Cleanses; Superfood Toasts; Superfood Smoothies; Cold Pressed Juice Shots; Superfood Bowls; Soups; Refreshers; Cold Pressed Juices; Smoothies; Immunity Shots; Iced Cold Brew Coffee; Lemon Aids; Oatmeal,sustainable; plant-based; organic; vegan; gluten-free; kosher; local,,,https://www.facebook.com/puregreenfranchise,https://twitter.com/thepuregreen
Pureformulas,"11800 Northwest 102nd Road, Medley, FL 33178, United States of America",https://www.instagram.com/pureformulas/,Independent Grocery,Medley,1,FL,33178,,a_dozen_cousins,supplements; pantry staples; personal care; deals; new arrivals; recipes,organic; sustainable; curated,,+1 800-383-6008,https://www.facebook.com/pureformulas/,https://twitter.com/pureformulas
Purple Thistle Kitchen + Co.,"100 Magnolia Road, Pinehurst, NC, 28374",https://www.instagram.com/direct/t/121057655954367/,Independent Grocery,Pinehurst,1,NC,28374,,spice_walla,,,,,,
Putney Food,"8 Carol Brown Way, Putney, VT, 05346",https://www.instagram.com/direct/t/111171840276604/,Supermarket,Putney,2,VT,5346,,bjorn_qorn; rishi_tea; chomps; unreal_snacks,Deli; Hot Bar; Sandwiches; Salads; Soups; Breakfast; Lunch; Brunch; Prepared Foods; Coffee,local; sustainable; prepared foods; house-made; community,,,,
Qgw Llc Dba Quattro Goombas Winery & Craft Brewery,"43289 Burke Dale Street, South Riding, VA 20152, United States of America",https://www.instagram.com/direct/t/106514510748570/,Wine/Beer/Liquor,South Riding,1,VA,20152,,brightland; joon,,,,,,
Queen Of Hearts Llc,"222 Westminster Street, Providence, RI 02903, United States of America",https://www.instagram.com/queenofheartsandmodernlove,Boutique Grocer,Providence,5,RI,2903,,brightland; zabs_hot_sauce; masa_chips; rooted_fare; spice_walla,Crafts; Kitchen; Books and Stationary; Clothing; Pantry; Outdoors; Beauty & Wellness; Home Accessories; Toys & Games; Glassware; Intimates; Accessories; Candles + Incense,curated; local; artisanal,,(401) 421-1471,https://www.facebook.com/QueenofHeartsProvidence,https://twitter.com/QOHProvidence
Queensboro Wine & Spirits,"26 Main Street, West Stockbridge, MA 01266, United States of America",https://www.instagram.com/direct/t/118123512916034/?hl=en,Wine/Beer/Liquor,West Stockbridge,1,MA,1266,,graza,,,,,,
Quinnies New York,"834 New York 66, Hudson, NY, 12534",https://www.instagram.com/quinniesnewyork/,Boutique Grocer,Hudson,3,NY,12534,,bjorn_qorn; fish_wife; zabs_hot_sauce; graza; pistakio,,local; artisanal; sustainable,,,https://www.facebook.com/quinniesnewyork,
R&D Foods,"602 Vanderbilt Avenue, Brooklyn, NY, 11238",https://www.instagram.com/rdgoodsbk/,Deli/Prepared Foods,Brooklyn,1,NY,11238,,bjorn_qorn; chikka_chikka,Serveware; Specialty Food; Woodware; Bar Supplies; Textiles; Dinnerware; Tabletop; Decor; Kitchenware; Papergoods; Drinkware,curated; artisanal; local; prepared foods,,,https://www.facebook.com/rdgoodsbklyn,
Raba Marfa,"1727 East Texas Street, Marfa, TX 79843, United States of America",https://www.instagram.com/rabamarfa,Independent Grocery,Marfa,3,TX,79843,,fish_wife; fly_by_jing; graza,Gift Card; Home; Marfa Art; Apothecary; Clothing; Accessories; Vintage; Lookbook,local; artisanal; curated,,,https://facebook.com/rabamarfa,
Raikes Beef Co.,"Raikes Beef Co., 1408 Silver Street, Ashland, NE 68003, United States of America",https://www.instagram.com/direct/t/110255650372853/,Independent Grocery,Ashland,1,NE,68003,,graza,Beef Bundles; À La Carte Cuts; Apparel; Jerky; Gift Cards; Subscription Box; Seasonings & Rubs; Recipes,grass-fed; grain-finished; hormone-free; sustainable,,,,
Rainbow Blossom,"Rainbow Blossom, 3738 Lexington Road, Louisville, KY 40207, United States of America",https://www.instagram.com/rainbowblossomky/,Supermarket,,11,KY,40207,,coconut_cult; rishi_tea; unreal_snacks; evies_snacks; fish_wife; masa_chips; freestyle_snacking; spice_walla,Beverages; Sandwiches; Snacks; Health Foods; Grab & Go Salads; Dairy; Bakery; Produce; Wellness Products; Smoothies; Frozen Foods; Supplements; Health and Beauty Products; Wellness Services; Demo Kitchen Rentals; Classes,prepared foods; organic; local; sustainable; plant-based; wellness,,,,
Rainbow Grocery,"Rainbow Grocery Coop, 1745 Folsom Street, San Francisco, CA 94103, United States of America",https://www.instagram.com/rainbow_grocery/,Supermarket,San Francisco,4,CA,94103,Zuva,a_dozen_cousins; bezi; narra; btr_bar; rishi_tea,Vegetarian Food; Organic Products; Gift Cards; Merchandise; Sustainable Living; Community Resources; Ecology; Prepared Foods; Local Goods; Health Foods,organic; local; sustainable; vegetarian; community-focused,,,,
Raising Roots Farm,"2711 Snow Creek Rd NE, Hickory, NC, 28601",https://www.instagram.com/direct/t/115470469844519/,Independent Grocery,Hickory,1,NC,28601,,spice_walla,,,,,,
Ramona Family Naturals,"Ramona Family Naturals Market, 325 6th Street, Ramona, CA 92065, United States of America",https://www.instagram.com/ramonafamilynaturals/,Natural/Organic Market,Ramona,2,CA,92065,,a_dozen_cousins; rishi_tea; coconut_cult; unreal_snacks,Deli; Smoothies; Natural Foods; Organic Meats; Cheeses; Wines; Supplements; Personal Care Products; Charcuterie Boards; Prepared Foods,organic; local; non-GMO; sustainable; prepared foods; farm-to-table,,,https://www.facebook.com/RamonaFamilyNaturals/,
Rath Farms Company,"151 Beacon Road, Renfrew, PA 16053, United States of America",https://www.instagram.com/direct/t/115259039868771/,Independent Grocery,Renfrew,1,PA,16053,,spice_walla,,,,,,
Raven Hill Bagels,"54440 N Circle Drive, Idyllwild, CA 92549, United States of America",https://www.instagram.com/ravenhillbagels/,Independent Grocery,Idyllwild-Pine Cove,5,CA,92549,,brightland; zabs_hot_sauce; fish_wife; graza; fly_by_jing; one_trick_pony; spice_walla,,,,,,
Raven Oaks Farm,"15155 29 Mile Road, Ray, MI, 48095",https://www.instagram.com/direct/t/104361377627054/,Independent Grocery,Ray,3,MI,48095,,brightland; realsy; graza; rishi_tea,,,,,,
Ravenwood,"579 Samsonville Rd, Kerhonkson, NY, 12446",http://instagram.com/ravenwoodny,Boutique Grocer,Kerhonkson,3,NY,12446,,bjorn_qorn; fish_wife; graza; zabs_hot_sauce,Kitchen Items; Pantry Items; Home Goods; Art; Design; Cafe Menu; Farm Stand; Creative Workshops; Intimate Dinners; Photo Shoots,local; artisanal; sustainable; farm-to-table; small-batch,,,,
Read It & Eat Bookshop,"249 Wheatfield Street, North Tonawanda, NY 14120, United States of America",https://www.instagram.com/direct/t/17844360318085743/,Independent Grocery,North Tonawanda,1,NY,14120,,spice_walla,,,,,,
Reading,"786 Vt-106, Reading, VT, 05062",https://www.instagram.com/readinggreenhouse,Supermarket,Reading,4,VT,5062,,bjorn_qorn; freestyle_snacking; rishi_tea; stellar_snacks,Perennials; Annuals; Hanging Flowering Baskets; Vegetable Starters; Herb Varieties; Produce; Dairy; Meat; Pantry Items; Craft Beer/Wine/Cider,local; organic; sustainable; farm-to-table,,,https://www.facebook.com/GreenHouseinReadingVT,
"Real Deals - Elko, Nv","2078 Idaho Street, Elko, NV, 89801",https://www.instagram.com/direct/t/100581434687934/,Independent Grocery,Elko,1,NV,89801,,spice_walla,,,,,,
Real Food,"1096 Helena Avenue, Helena, MT 59601, United States of America",https://www.instagram.com/direct/t/107965323928023/,Independent Grocery,Helena,4,MT,59601,,btr_bar; whims; fly_by_jing; masa_chips; rishi_tea,,,,,,
Rebeccas Natural Food,"Rebecca's Natural Food, Millmont Street, Charlottesville, VA 22903, United States of America",https://www.instagram.com/rebnatfood/?hl=en,Natural/Organic Market,Charlottesville,3,VA,22903,,chomps; fish_wife; spice_walla,,,,,,
Rebus Works,"Rebus Works and pH seven, 301 Kinsey Street, Raleigh, NC 27603, United States of America",https://www.instagram.com/rebusworks/,Independent Grocery,raleigh,1,NC,27603,,diaspora_co; pistakio,,sustainable; local; artisanal,,,https://www.facebook.com/rebusworks/,https://twitter.com/Rebusworks
Rechic 101,"Rechic, 101 Orinda Way, Orinda, CA 94563, United States of America",https://www.instagram.com/rechic101orinda/,Boutique Grocer,Orinda,1,CA,94563,,brightland,Clothing; Dresses; Tops; Sweaters; Jeans; Bags; Shoes; Jewelry; Accessories; Home Decor,curated; designer; secondhand; handcrafted; sustainable,http://rechic101.com,(925) 317-3735,https://www.facebook.com/rechic101/,
Recital,"Recital Hall, Center Parkway, Sacramento, CA 95823, United States of America",https://www.instagram.com/shoprecital,Independent Grocery,Denver,4,CA,95823,,fly_by_jing; graza; zabs_hot_sauce; rooted_fare,Accessories; Clothing; Home; Books; Candles; Dry Goods; Incense; Kitchen & Tabletop; Plant Care; Puzzles + Games,curated; emerging brands; artisanal; sustainable,,,,
Record Archive,"Record Archive, 33 Rockwood Street, City of Rochester, NY 14610, United States of America",https://www.instagram.com/recordarchive,Wine/Beer/Liquor,Rochester,1,NY,14610,,spice_walla,Vinyl; CDs; Movies; Unique Gifts; Vintage Clothing; Furniture; Audio Gear; Beer; Wine; Live Music,vintage; local; artisanal; curated; live music,,,https://www.facebook.com/recordarchive,
Red,"1503 Ridge Rd, Pottstown, PA, 19465",https://instagram.com/reddogmarketpa,Supermarket,Pottstown,44,PA,19465,,bjorn_qorn; rishi_tea; brightland; graza; fish_wife; spice_walla; chomps; unreal_snacks; coconut_cult; one_trick_pony; fly_by_jing; freestyle_snacking; loisa; whims; smash_foods; masa_chips; stellar_snacks,Meat; Dairy; Fruits; Vegetables; Eggs; Seafood; Bread; Pantry Goods; Treats; Lunch To-Go; Ready to Eat; Provisions; Catering; Retail Marketplace; Beverages; Cheese; Oils; Vinegars; Mushroom Supplements; Craft Beer; Ciders; Snacks; Antipasti; Produce; Canned Goods; Baked Goods; Herbs; Teas; Prepared Meals; Jams and Jellies; Fermented Products; Health Foods; Frozen Foods; Bakery; Condiments; Butcher; Grocery; Prepared Foods; Deli; Salads; Apparel; Accessories; Hero Collection; Wholesale; Subscriptions; Coffee; Combo Packs; Matcha; Whole Bean; Drinkware; Reservations; Drinks; Takeout; Job Listings; Parties; Online Ordering; Menu; Food; Online Orders; Specials; Events,local; organic; sustainable; farm-to-table; grass-fed; pasture-raised; wild-caught; prepared foods; artisanal; gourmet; black-owned; community-focused; direct trade; catering; large groups; special occasions; educational,,,https://www.facebook.com/reddogmarketpa,
Redstone General,"292 REDSTONE BLVD, REDSTONE, CO",https://www.instagram.com/direct/t/17842757057456521/,Gift/Specialty Shop,REDSTONE,1,CO,81623,,rishi_tea,,,,,,
Reems California Mission,"Reem’s California - Mission, 2901 Mission Street, San Francisco, CA 94110, United States of America",http://www.instagram.com/reemscalifornia,Independent Grocery,San Francisco,1,CA,94110,,diaspora_co,,artisanal; local,,,http://www.facebook.com/reemscalifornia,
Reids Fine Foods,"Reid's Fine Foods, 4331 Barclay Downs Drive, Charlotte, NC 28209, United States of America",https://www.instagram.com/reidsfinefoods/,Deli/Prepared Foods,Charlotte,3,NC,28209,,one_trick_pony; stellar_snacks; spice_walla; whims,Deli; Corporate Gifts; All Occasion Gift Baskets; Prepared Meals; Holiday Gift Baskets; Wines; Cakes & Pies; Biscuits & Rolls; Butcher Shop; Gift Baskets; Catering; Southern Olive Bites; Get Well Gift Baskets,artisanal; prepared foods; gourmet; local,,,https://www.facebook.com/ReidsFineFoods,https://twitter.com/ReidsFineFoods1
Reparations Club,"3054 South Victoria Avenue, Los Angeles, CA 90016, United States of America",https://www.instagram.com/reparations.club/,Independent Grocery,Los Angeles,1,CA,90016,,diaspora_co,,,,,,
Restyle Llc,"137 Southwest 3rd Street, Corvallis, OR 97333, United States of America",https://www.instagram.com/p/DTBKQaQEucT/,Boutique Grocer,Corvallis,2,OR,97333,,graza; pistakio; spice_walla,capsule wardrobe; accessories; seasonal decor; artistic goods; gifts; clothing; home decor; soft goods; handmade items; local items,curated; artisanal; local; handmade,,,,
Revival,"266 Main Street  Suite 9, Medfield, MA 02052, USA",Fishwife,Restaurant/Eatery,,5,MA,2052,,alice_mushrooms; brightland; one_trick_pony; masa_chips; pistakio,Food; Drinks; Empanadas; American Classics; Argentine Cuisine; Specialty Meats; Sausages; Custom Cuts; Pork; Beef; Duck; Rabbit; Prepared Foods; Artisan Meats; Local Products,Argentine; American; gourmet; local; artisanal; custom; sustainable,,,,
Rind Cheese Shop,"24 Bosworth Street, Barrington, RI 02806, United States of America",https://www.instagram.com/direct/t/17842304642680490/,Independent Grocery,Barrington,2,RI,2806,,brightland; shuug; fish_wife; graza,,,,(401) 246-1011,,
Rise & Set Provisions,"Rise & Set, 1247 Polk Street, San Francisco, CA 94109, United States of America",https://www.instagram.com/riseandset.sf,Deli/Prepared Foods,,3,CA,94109,,coconut_cult; evies_snacks; fish_wife; loisa,,fusion; Thai; Australian; breakfast; brunch,,,,
Rise & Shine,"Rise and Shine, East El Segundo Boulevard, West Rancho Dominguez, CA 90061, United States of America",https://www.instagram.com/lacountyarts,Independent Grocery,,1,CA,90061,,narra,,civic art; community programs; cultural equity; arts education,,,https://www.facebook.com/lacountyarts,
Rising Tide,"165 State Road, Kittery, ME 03904, United States of America",https://www.instagram.com/direct/t/17842831164133939/,Independent Grocery,KITTERY,7,ME,3904,,a_dozen_cousins; rishi_tea; bjorn_qorn; blobs; coconut_cult; chomps; whims; graza; unreal_snacks,grocery goods; supplements; health and beauty; organic produce; catering; recipes; education; community support; charity; local products,organic; local; sustainable; curated; health-focused,,,https://www.facebook.com/RisingTideNaturalMarket/,
River City,"River City Market, 800 South Wells Street, Chicago, IL 60607, United States of America",https://www.instagram.com/direct/t/120928892629799/,Independent Grocery,Chicago,4,IL,60607,,behave; evies_snacks; realsy; joon; rishi_tea,,,,,,
River Valley,"River Valley Co-op (soon), 228 Northampton Street, Easthampton, MA 01061, United States of America",https://www.instagram.com/direct/t/122319182489836/?hl=en,Independent Grocery,Easthampton,7,MA,1027,,glonuts; whims; loisa; rishi_tea; smash_foods,,,,413-584-2665,,
Roberts Market,"3015 Woodside Rd., Woodside, CA, 94062",https://www.instagram.com/robertsmarkets?igsh=OGQ5ZDc2ODk2ZA%3D%3D&utm_source=qr,Supermarket,Woodside,6,CA,94062,,bjorn_qorn; brightland; fish_wife; whims; cauli_puffs; chomps; unreal_snacks; stellar_snacks,Deli; Catering; Wine & Spirits; Produce; Meat & Seafood; Tack & Feed; Holiday Menu; Specials,local; artisanal; gourmet; prepared foods,,,https://www.facebook.com/profile.php?id=100057433360221&mibextid=LQQJ4d,
Rodeo General,"Rodeo General Store, 3661 Baldwin Avenue, Makawao, HI 96768, United States of America",https://www.instagram.com/direct/t/17842590428078126/,Gift/Specialty Shop,Makawao,1,HI,96768,,spice_walla,,,,,,
Rogue Valley Roasting Co,"1108 Park Street, Ashland, OR 97520, United States of America",https://www.instagram.com/direct/t/117615456300822/,Independent Grocery,Ashland,1,OR,97520,,graza,,,,,,
Room Service,"The Judith, 5222 Lorain Avenue, Cleveland, OH 44111, United States of America",http://instagram.com/thejudithcafe,Independent Grocery,Cleveland,1,OH,44102,,brightland,,artisanal; local,,,http://facebook.com/thejudithcafe,
Roost Baltimore,"Roost, 2460 Terrapin Way, Baltimore, MD 21230, United States of America",https://instagram.com/myroost,Hotel/Hospitality,Baltimore,1,MD,21230,,brightland; fish_wife,Home Goods; Coffee; Accommodations; Toiletries; Small Bites; Dry Goods; Amenities; Produce; Cocktails; Baked Goods,artisanal; curated; sustainable; local,,,https://www.facebook.com/ROOSTApartmentHotel,https://twitter.com/myroost
Root,"Homage Coffee, 5000 20th Avenue Northwest, Seattle, WA 98107, United States of America",https://www.instagram.com/homage.coffee,Independent Grocery,Seattle,1,WA,98107,,brightland,,local; artisanal,,,,
Rooted,"1408 North Main Street, Rockford, IL 61103, United States of America",https://www.instagram.com/direct/t/17843842991247826/?hl=en,Independent Grocery,Rockford,16,IL,61103,,brightland; zabs_hot_sauce; coconut_cult; fish_wife; floura; fly_by_jing; freestyle_snacking; rishi_tea; neuro_gum; pistakio; spice_walla; stellar_snacks,Best Sellers; Cold-Pressed Juice; Beverages; Snacks; Plant-Based Foods; Health Foods; Herbal Tea Blends; Superfood Snacks; Prepared Foods; Retail Collection; Herbal Teas; Catering; Teas; Merchandise; Merch; Indoor Plants; Tropical House Plants; Staging for Homes; Staging for Businesses; Interiorscaping Services; Custom Design; Occasions; Designer’s Choice; Seasonal Design; Sympathy & Funeral Flowers; Gifts; Planters & Gifts; Mixed Bouquets; Anniversary; Roses; Clothing; Accessories; Home Decor; Kitchen Essentials; Garden & Porch Decor; Candles; Food & Beverages; Kids Corner; Games & Books; Gift Cards,organic; curated; local; sustainable; plant-based; holistic; community-focused; wellness; yoga; artisanal; premium; weddings; emerging brands,,(815) 494-3649,https://facebook.com/rootedshop,
Roots Market,"Roots Market, 16800 Georgia Avenue, Olney, MD 20832, United States of America",https://instagram.com/rootsmkt,Independent Grocery,Olney,5,MD,20832,,btr_bar; whims; evies_snacks; glonuts; rishi_tea,,organic; fair trade; sustainable; local; earth-friendly; pet wellness,,,https://facebook.com/rootsmkt,
Roots Natural Foods,"100 Crawford Street, Leominster, MA 01453, United States of America",https://www.instagram.com/direct/t/118933689496799/?hl=en,Supermarket,Leominster,3,MA,1453,Zuva,loisa; rishi_tea; unreal_snacks,,organic; natural; family-owned,,,https://www.facebook.com/HappyTrailsNaturalFoods,
Rootstock,"221 Myrtle Street, Redwood City, CA 94062, United States of America",https://www.instagram.com/rootstockciderandspirits/,Independent Grocery,Redwood City,3,CA,94062,,diaspora_co; fish_wife,,,,,,
Rosauers,"411 N Main, Moscow, ID 83843, United States of America",https://www.instagram.com/rosauers,Supermarket,Moscow,44,ID,83843,,a_dozen_cousins; rishi_tea; unreal_snacks; chomps; drumroll_donuts; smash_foods; fish_wife; neuro_gum,Bakery; Deli; Floral; Meat & Seafood; Natural Foods; Pharmacy; Produce,local; sustainable; organic,,,https://www.facebook.com/rosauers,https://x.com/rosauers
Rose Bakery,"Dover Street Market, New York, NY, 10016",https://www.instagram.com/rosebakerynewyork,Bakery,New York,2,NY,10016,,bjorn_qorn; brightland,,artisanal; gourmet,,,,
Rosemont Market,"832 Stevens Avenue, Portland, ME 04103, United States of America",https://instagram.com/rosemontmarket,Independent Grocery,Portland,12,ME,4103,,fish_wife; loisa; one_trick_pony; unreal_snacks; rishi_tea; yolele,Grocery; Bakery; Produce; Meats; Cheese & Dairy; Deli; Seafood; Wine & Beer; Flowers; Home & Gifts,local; organic; sustainable; artisanal; prepared foods,,,https://facebook.com/rosemontmarket,
Rosewood Market,"2803 Rosewood Drive, Columbia, SC 29205, USA",https://www.instagram.com/rosewoodmarketsc/,Independent Grocery,,5,SC,29205,,alice_mushrooms; zabs_hot_sauce; blobs; coconut_cult; rishi_tea; fish_wife; whims; unreal_snacks,,,,,,
Rouses,"Rouses Market, 14630 Village Market St, St. George, LA 70817, United States of America",https://www.instagram.com/direct/t/107886870607427/,Supermarket,Lake Charles,46,LA,70817,,chomps; unreal_snacks; graza; rap_snacks,"Authentic Italian; Wine, Beer & Spirits; Floral Services; Cakes & Desserts; Fresh Produce; Prepared Foods; Seafood Market; Butcher Shop; Meat & Cheese; Catering; Bakery; Healthy Lifestyles; Sandwiches; Wraps; Salads; Breakfast; Drinks; Snacks; Cookies; Vegan Options; Gluten-Free Options",farm-to-table; artisanal; prepared foods; local; fresh; authentic; gourmet; vegan; gluten-free; catering,,(337)502-0115,https://facebook.com/rouses,https://twitter.com/rouses
Roy Moore Lobster Company,"269 Granite Street, Rockport, MA, 1966",https://www.instagram.com/direct/t/124508545607678/,Independent Grocery,Rockport,1,MA,1966,,spice_walla,,,,,,
Royal Blue Grocery,"241 West 3rd Street, Austin, TX 78701, United States of America",https://www.instagram.com/royalbluegrocery/,Supermarket,Austin,25,TX,78701,,behave; zabs_hot_sauce; bjorn_qorn; rishi_tea; coconut_cult; unreal_snacks; evies_snacks; whims; realsy; fish_wife; freestyle_snacking; loisa,Local Goods; House-Made Specialties; Snacks; Lunch Specials; Paninis; Wine; Coffee; Pantry Items; Beer & Wine; Beer; Groceries; Produce; Cleaning Supplies; Takeaway Specialties; Household; Takeaway; Burgers; Bakery Items; Breakfast Tacos; Pantry Staples; Hot Sandwiches; Grab 'n Go; Catering,prepared foods; gourmet; local; house-made; artisanal,,,https://www.facebook.com/RoyalBlueGrocery/,
Royalton Gifts,"6556 Royalton Road, North Royalton, OH 44133, United States of America",https://www.instagram.com/direct/t/100230348041421/,Independent Grocery,North Royalton,1,OH,44133,,spice_walla,,,,,,
Ruggieros Market,"88 Dante Street, Roseto, PA 18013, United States of America",https://www.instagram.com/hover_domains,Independent Grocery,Roseto,2,PA,18013,,graza; loisa,,,,,https://www.facebook.com/hover,
Russell Farms,"Russell Farms, 479 Washington Street, Woburn, MA 01801, United States of America",https://www.instagram.com/direct/t/17844375512591584/,Independent Grocery,Woburn,1,MA,1801,,loisa; stellar_snacks,Perennial Flats; Geraniums; Landscaping Services; Seasoned Firewood; Bark Mulch; Christmas Trees/Wreaths; Vegetable Flats; Fresh Produce; Pansies Flats; Annual Flats; Fresh Cut Flowers; Thanksgiving Turkeys,seasonal; family-owned; sustainable; local; fresh,,(781) 938-8271,https://www.facebook.com/Russell-Farms-Woburn-139116460246152/,
Rutabagas,"Rutabagas Comfort Food, 230 North 12th Street, Lincoln, NE 68508, United States of America",https://www.instagram.com/p/ClzL_hmP5JP/,Independent Grocery,,3,NE,68508,Zuva,blobs; chomps; loisa; smash_foods,,plant-based; vegan; sustainable,,,https://www.facebook.com/rutabagasvegancomfortfood/,
S&S Organic Produce And Natural Foods,"11 Ft Pond Blvd, East Hampton, NY, 11937",https://instagram.com/sandscornershop,Boutique Grocer,East Hampton,5,NY,11937,,bjorn_qorn; yolele; coconut_cult; fish_wife; rishi_tea; unreal_snacks,Cookbooks; Homewares; Photography; Books; Architecture & Design; Pantry; Kids Books; Fiction/Non-Fiction; Gardening; Kids; Art; Records,curated; artisanal; sustainable,,,https://facebook.com/sandscornershop,
Saffron Street,"2808 Deering Bay Drive, Naperville, IL 60564, United States of America",https://www.instagram.com/direct/t/104697310999826/,Independent Grocery,Naperville,1,IL,60564,,diaspora_co,,,,,,
Sahadis,"34 35th Street, Brooklyn, NY, 11232",https://www.instagram.com/sahadis/,Boutique Grocer,Brooklyn,3,NY,11232,,bjorn_qorn; cauli_puffs; loisa,Spices & Herbs; Coffee & Tea; Fruits & Nuts; Chocolate; Pantry; Snacks & Sweets; Home & Gifts; Catering; Wines & Spirits; Prepared Foods,artisanal; gourmet; local; international; prepared foods; family-owned,,,https://www.facebook.com/Sahadis/,https://twitter.com/sahadis
Salchicha,"Cats Show Cat Café, 730 Boardwalk Avenue, Bozeman, MT 59718, United States of America",https://www.instagram.com/cat_show_cat_cafe,Independent Grocery,Bozeman,2,MT,59718,,brightland; zabs_hot_sauce,,,,406-624-6922,https://www.facebook.com/CatShowCatCafe,
Salt,"410 greenbay road, Kenilworth, IL 60043, USA",http://instagram.com/saltnorthshore,Independent Grocery,,33,IL,60043,,alice_mushrooms; brightland; masa_chips; fish_wife; cauli_puffs; chikka_chikka; realsy; diaspora_co; graza; spice_walla; one_trick_pony; fly_by_jing; freestyle_snacking; rooted_fare; rishi_tea; smash_foods; zabs_hot_sauce,Accessories; Apparel; Art & Prints; Beauty & Wellness; Books; Childhood; Fine Art; Gourmet Food; Home Decor; Jewelry; Wine; Cider; Beer; Cheese; Charcuterie; Catering; Gift Cards; Dining Room Reservations; Monthly Wine Club; Regional Cuisine; International Cuisine; Prepared Foods; Snacks; Beverages; Artisanal Foods; Gourmet Foods; Local Products; Vegan Options; Small-Batch Products,wellness; restorative; supportive; effective movement; local; artisanal; curated; sustainable; classic cocktails; beers; shots; BYOB; authentic; fresh; Thai; ethically made; international; prepared foods,,,https://www.facebook.com/profile.php?id=61564232357731,
Saltwater,"Saltwater Cottage, 8470 Navarre Parkway, Navarre, FL 32566, United States of America",https://www.instagram.com/direct/t/101033711299446/,Independent Grocery,Navarre,5,FL,32566,,fish_wife; realsy; shuug; spice_walla,,,,,,
Salty,"244 Costa Mesa Street, Costa Mesa, CA 92627, United States of America",https://www.instagram.com/direct/t/17845247577472937/,Independent Grocery,Costa Mesa,4,CA,92627,,brightland; spice_walla; zabs_hot_sauce,,,,,,
Sanctuary,"149 W. Oak St., Fort Collins, CO 80524, USA",https://instagram.com/sanctuaryspanyc,Independent Grocery,,3,CO,80524,,alice_mushrooms; fish_wife; spice_walla,Massages; Packages; Facials,luxurious; results-driven; customized; therapeutic,,,,
Sandpiper Bakery,"29 North Main St, Ipswich, MA, 01938",http://instagram.com/sandpiperbakery,Bakery,Ipswich,2,MA,1938,,bjorn_qorn; brightland; zabs_hot_sauce,,artisanal; local,,,,
Santa Barbara Hives,"3328 State Street, Santa Barbara, CA 93105, United States of America",https://www.instagram.com/direct/t/102788764457573/,Independent Grocery,Santa Barbara,1,CA,93105,,graza,,,,,,
Saugatuck Provisions,"Garelick & Herbs, 580 Riverside Avenue, Westport, CT 06880, United States of America",https://www.instagram.com/direct/t/17842090490863991/?hl=en,Deli/Prepared Foods,Westport,2,CT,6880,,fish_wife; spice_walla,,,,,,
Savannah Taste Experience Food Tours,"108 West Broughton Street, Savannah, GA, 31401",https://www.instagram.com/direct/t/104199534306775/,Independent Grocery,Savannah,1,GA,31401,,spice_walla,,,,,,
Savvy Bites,"118 E Main St, Shawnee, OK, 74801",https://www.instagram.com/direct/t/107746623957364/,Independent Grocery,Shawnee,1,OK,74801,,spice_walla,,,,,,
Saylors & Co,"Saylors & Co, 325 Northampton Street, Easton, PA 18042, United States of America",https://www.instagram.com/saylorsandco/?hl=en,Supermarket,Easton,1,PA,18042,,graza,Fine Meats; Prepared Foods; Grocery; Bakery; Gourmet Goods,local; antibiotic-free; hormone-free; gourmet; prepared foods,,,https://www.facebook.com/saylorsandco/,
Scanga Meat Company,"9250 County Road 156, Salida, CO, 81201",https://www.instagram.com/direct/t/117695516291940/,Independent Grocery,Salida,1,CO,81201,,spice_walla,,,,,,
Scarborough & Tweed Inc.,"40 Clinton St., Pleasantville, NY, 10570",https://www.instagram.com/direct/t/105913920806930/,Independent Grocery,Pleasantville,1,NY,10570,,spice_walla,,,,,,
Schoolhouse,"2414 Pleasantville Rd, Abingdon, MD, 21009",https://www.instagram.com/direct/t/17845393895741230/,Independent Grocery,Abingdon,2,MD,21009,,brightland; joon,,,,661-348-9684,,
Scorpion Lollipop,"74668 Twilight Drive, Twentynine Palms, CA 92277, United States of America",https://www.instagram.com/scorpionlollipop29/?hl=en,Independent Grocery,Twentynine Palms,2,CA,92277,,fish_wife; narra,,,,,,
Scout Of Marion,"1111 3rd Street Southeast, Cedar Rapids, IA, 52401",Fishwife,Boutique Grocer,Cedar Rapids,2,IA,52401,,bjorn_qorn; graza; spice_walla,"Personal Care; Gift Narratives; New Gift Sets; Gift Card; Home & Office; Apparel & Accessories; Kids & Pets; Kitchen, Bar & Pantry",curated; gifts; emerging brands; artisanal,,,,
Sea,"2380 Main Street, Cambria, CA 93428, USA",https://www.instagram.com/seansoulsurf,Independent Grocery,,4,CA,93428,,alice_mushrooms; fish_wife; spice_walla,Women's Clothing; Men's Clothing; Surfboards; Wetsuits; Beach Accessories; Kids & Baby Clothing; Surf Accessories; Skate Gear; Home Goods; Toys,sustainable; luxury; curated; local,,,,
Seed,"64 Gill Street, Kingston, NY, 12401",https://www.instagram.com/direct/t/110089123713440/,Independent Grocery,Kingston,4,NY,12401,,bjorn_qorn; fly_by_jing; loisa; masa_chips; smash_foods,Camp Programs; CSA; Farm Store; Education Programs; Field Trips; Maple Programs; Summer Camp; Spring Break Camp; After School Program; Plant Sale; Deli; Ice Cream; Health & Beauty; Wine & Beer; Pasta; Floral; Bakery; Gourmet Cheese; Produce; Dairy; Meat; Grocery,sustainable; local; farm-to-table; educational; prepared foods; gourmet,,,,
Semilla,"4715 North 10th Street, McAllen, TX 78504, United States of America",Fishwife,Independent Grocery,McAllen,3,TX,78504,,fish_wife; rishi_tea,,,,,,
Senti,"SENTi, 3922 West 50th Street, Edina, MN 55424, United States of America",https://www.instagram.com/shop_senti/,Boutique Grocer,Edina,1,MN,55424,,chikka_chikka,Scents; Fragrance; Gifts; Candies; Travel Accessories; Home Goods; Skincare; Artisanal Products; Luxury Fragrances; Scent Education,artisanal; curated; luxury; sustainable,,,https://facebook.com/shop_senti,
Serene Green Farm,"16 Green Farm Road, Delhi, LA 71232, United States of America",https://www.instagram.com/direct/t/109935520399845/,Independent Grocery,,2,LA,71232,,bezi; bjorn_qorn; spice_walla,Fruits; Vegetables; Herbs; Seafood; Baked Goods; Prepared Foods; Dairy; Pantry Items; Fresh Flowers; Local Honey,local; prepared foods; farm-to-table; sustainable,,,,
Sewing Arts Center,"Sewing Arts, 2306 Corinth Avenue, Los Angeles, CA 90064, United States of America",https://instagram.com/sewingarts,Boutique Grocer,Los Angeles,1,CA,90064,,brightland,Fabric; Notions; Patterns; Thread; Kits; Classes; Machines; Accessories; Books; Gift Cards,artisanal; curated; sustainable,,(310) 450-4300,https://facebook.com/sewingarts,
Shady Cove Market,"Shady Cove Market, Williams Lane, Shady Cove, OR 97539, United States of America",https://www.instagram.com/direct/t/17846551754902525/,Independent Grocery,Shady Cove,2,OR,97539,,unreal_snacks; yolele,Recipes; Weekly Ad; Shopping List; Store Info; Recipe Categories,local; sustainable; prepared foods,,(541)878-2121,https://www.facebook.com/ShadyCoveMarket,
Shake The Tree,"Shake the Tree, 67 Salem Street, Boston, MA 02113, United States of America",https://www.instagram.com/shakethetreeboston/,Independent Grocery,Boston,1,MA,2113,,brightland; fish_wife,,,,(617) 742-0484,,
Share The Harvest Farm,"33 Cordwood Lane, East Hampton, NY 11937, United States of America",https://www.instagram.com/direct/t/101431344591005/?hl=en,Independent Grocery,East Hampton,1,NY,11937,,brightland; zabs_hot_sauce,,,,,,
Sharkcuterie Snack Company,"819 Sr A1A, New Smyrna Beach, FL, 32169",https://www.instagram.com/direct/t/17842934024637954/,Independent Grocery,New Smyrna Beach,1,FL,32169,,spice_walla,,,,,,
Shea Cheese,"Jabz Boxing, 10880 North 32nd Street, Phoenix, AZ 85028, United States of America",https://www.instagram.com/shea_cheese_phx,Boutique Grocer,Phoenix,2,AZ,85028,,brightland; pistakio; fly_by_jing,Cheese; Grazing Boards; Cheese Classes; Grilled Cheese Sandwiches; Local Gifts; Birthday Parties; Games; Food; Coupons & Deals; Fun Pass; Events; Trampolines; Arcade; Merchandise; Membership,curated; local; artisanal; family-friendly; entertainment; affordable; fun,,,https://www.facebook.com/chuckecheese,https://x.com/chuckecheese
Shell,"103 West 3rd Street, Elmhurst, IL 60126, United States of America",https://www.instagram.com/direct/t/17845723997858748/?hl=en,Gas Station/Travel Stop,Elmhurst,22,IL,60126,,behave; freestyle_snacking; evies_snacks; neuro_gum; realsy; spice_walla,,,,,,
Shout And About,"7740 El Camino Real, Carlsbad, CA 92009, United States of America",http://instagram.com/shout.and.about,Independent Grocery,Carlsbad,4,CA,92009,,brightland; pistakio; fish_wife; joon; fly_by_jing; narra,Gift Cards; Apparel; Jewelry; Pantry; Valentine's Day; Holiday; Home Goods; Kids; Stationery; Gifts; DVD/Blu-Ray; CD/LP; Rarities; Books; Used Vinyl,one-of-a-kind; curated; local; whimsical; emerging brands,,,https://facebook.com/shoutandabout,https://twitter.com/twistdenver
Shubies Marketplace,"16 Atlantic Avenue, Marblehead, MA 01945, United States of America",https://www.instagram.com/shubies/,Independent Grocery,marblehead,2,MA,1945,,brightland; zabs_hot_sauce; stuzzi,,,,(781) 631-0149,,
Shumway Farms,"408 Shumway, Lena, IL 61048, United States of America",https://www.instagram.com/direct/t/108301703900359/,Independent Grocery,,1,IL,61048,,graza,,,,,,
Signs For Hope Marketplace,"379 Old Charlotte Highway, Fairview, NC, 28730",https://www.instagram.com/direct/t/117146666339517/,Independent Grocery,Fairview,1,NC,28730,,spice_walla,,,,,,
Silicon Valley Comm Grw,"1466 Main St, Gardnerville, NV, 89410",https://www.instagram.com/carsonvalleychamber,Independent Grocery,Gardnerville,1,NV,89410,,yolele,,local; community-focused,,,https://www.facebook.com/carsonvalleychamber,
Silver Leaf Farms,"358 Mountain Shadows Road, Corrales, NM 87048, United States of America",https://www.instagram.com/eatsilverleaf/,Independent Grocery,Corrales,2,NM,87048,,brightland; fish_wife; fly_by_jing; rishi_tea,,,,,,
Simply Crafted Floral,"4106 Summitview Avenue, Yakima, WA 98908, United States of America",https://www.instagram.com/direct/t/109535093775161/,Independent Grocery,Yakima,1,WA,98908,,graza,,,,,,
Simply Zero,"Simply Zero, 1235 Vine Street, Cincinnati, OH 45202, United States of America",https://instagram.com/simplyzero_,Independent Grocery,Cincinnati,1,OH,45202,,brightland; diaspora_co,"Clean Beauty; Haircare; Home + Cleaning; Candles + Aromatherapy; Cooking + Dining; Storage + Organization; Compost, Trash + Recycling; Paper + Unpaper Products; Personal Care + Wellness; Bath + Body",zero waste; organic; curated; sustainable,,,https://www.facebook.com/besimplyzero,
Simpson Spring,"719 Washington Street, Easton, MA, 2375",https://www.instagram.com/direct/t/117888529599008/,Independent Grocery,Easton,1,MA,2375,,spice_walla,,,,,,
Singletons General,"356 Main Street, Cavendish, VT 05153, United States of America",https://www.instagram.com/direct/t/110444713682434/,Gift/Specialty Shop,Proctorsville,1,VT,5153,,graza,,,,,,
Sl Sausage Company,"5615 Zebulon Road, Macon, GA, 31210",https://www.instagram.com/direct/t/17842081568818984/,Independent Grocery,Macon,1,GA,31210,,spice_walla,,,,,,
Slo Ranch Market,"851 Froom Ranch Way, San Luis Obispo, CA 93405, United States of America",https://www.instagram.com/sloranchmarket/,International Grocery,San Luis Obispo,2,CA,93405,Zuva,diaspora_co; zabs_hot_sauce; rishi_tea,Deli; Local Products; Produce; Beverages; Snacks; Prepared Foods; Health Foods; Gift Baskets; Catering; Artisanal Foods,farm-to-table; sustainable; local; artisanal,,,https://www.facebook.com/profile.php?id=61559591956233,
Small Batch,"8332 La Mesa Boulevard, La Mesa, CA 91941, United States of America",https://www.instagram.com/direct/t/116548206396101/,Independent Grocery,La Mesa,4,CA,91942,,brightland; fish_wife; spice_walla,,,,,,
Smith,"Smith Gourmet Deli, 126 Smith Street, New York, NY 11201, United States of America",https://www.instagram.com/direct/t/116064569778887/,Independent Grocery,,3,NY,11201,,cauli_puffs; rishi_tea,,,,,,
Smitten Ice Cream,"Smitten Ice Cream, 3055 Olin Avenue, San Jose, CA 95128, United States of America",https://www.instagram.com/smittenicecream/,Boutique Grocer,,1,CA,95128,,graza,,artisanal; small-batch,,,https://www.facebook.com/SmittenIceCream/,https://twitter.com/smittenicecream
Smoke,"2415 piedmont rd ne, Atlanta, GA 30324, USA",https://www.instagram.com/direct/t/106751104055530/,Independent Grocery,,6,GA,30324,,alice_mushrooms; behave; narra; rishi_tea; spice_walla; whims,,,,,,
Smor,"441 East 12th Street, New York, NY 10009, United States of America",https://www.instagram.com/smornyc/,Independent Grocery,New York,1,NY,10009,,brightland; zabs_hot_sauce,,,,(646) 478-8391,,
Snack,"2099 East Willow Street, Signal Hill, CA 90755, United States of America",https://www.instagram.com/direct/t/17842333907570926/,Independent Grocery,Signal Hill,3,CA,90755,,freestyle_snacking; spice_walla; whims,,,,,,
Snackbar,"721 N. Lamar Blvd., Oxford, MS, 38655",https://www.instagram.com/direct/t/110650066999473/,Independent Grocery,Oxford,1,MS,38655,,spice_walla,,,,,,
Snacks & Design,"189 Main Street, Port Washington, NY 11050, United States of America",https://www.instagram.com/direct/t/17842479486347187/,Independent Grocery,Port Washington,2,NY,11050,,doosra; zabs_hot_sauce; stuzzi,,,,,,
Snug Harbor Farm,"87 Western Avenue, Kennebunk, ME 04043, United States of America",https://www.instagram.com/direct/t/108576873871608/,Independent Grocery,Kennebunk,1,ME,4043,,brightland; fish_wife,,,,(207) 967-2414,,
Something Splendid,"217 Mill Street, Westfield, IN 46074, United States of America",https://www.instagram.com/direct/t/115835039803594/,Independent Grocery,Westfield,1,IN,46074,,brightland; spice_walla,,,,(317) 561-1018,,
Sophies Shoppe,"North Market, 401 Market Street, Chattanooga, TN 37405, United States of America",https://www.instagram.com/direct/t/100970627970909/,Independent Grocery,Chattanooga,2,TN,37405,,brightland; rishi_tea; spice_walla,,,,,,
Soulberry Natural Market,"2407 Hwy 71, Spring Lake Hieghts, NJ, 07762",https://www.instagram.com/soulberrymarket,Natural/Organic Market,Spring Lake Hieghts,7,NJ,7762,,bjorn_qorn; rishi_tea; blobs; whims; freestyle_snacking; masa_chips; loisa; stuzzi,Organic Groceries; Local Produce; Vitamins and Supplements; Health & Beauty Aids; Prepared Foods; Juices; Smoothies; Snacks; Seasonal Sides; Meals; Deli; Produce; Non-GMO Groceries,organic; non-GMO; local; holistic; prepared foods,,,https://www.facebook.com/soulberrymarket,
South End,"627 South Anderson Blvd. #3213, Topsail Beach, NC, 28445",https://www.instagram.com/direct/t/110517947008705/,Independent Grocery,Topsail Beach,2,NC,28445,,spice_walla,,,,,,
South Street Market,"South Street Market, 824 South Street, Louisville, CO 80027, United States of America",https://www.instagram.com/southstreetmarketlouisville/,Independent Grocery,Louisville,2,CO,80027,Zuva,fish_wife; rishi_tea,Coffee; Breakfast; Lunch; Dinner; Wines; Spirits; Catering; Gifts; Gluten-Free; Vegan,gluten-free; vegan; gourmet; prepared foods; local,,,https://www.facebook.com/South-Street-Market-Louisville-106678081571059,
Southern,"1301 Dorchester Road, Chattanooga, TN 37405, United States of America",https://www.instagram.com/direct/t/17847837101521503/,Independent Grocery,Chattanooga,6,TN,37405,,brightland; one_trick_pony; spice_walla; unreal_snacks,,,,,,
Southport Market,"104 S. Howe St, Southport, NC, 28461",https://www.instagram.com/direct/t/102012891372197/,Independent Grocery,Southport,1,NC,28461,,spice_walla,,,,,,
Sow True Seed Llc,"243 Haywood St., Asheville, NC, 28801",https://www.instagram.com/direct/t/100868724649176/,Independent Grocery,Asheville,1,NC,28801,,spice_walla,,,,,,
Sower,"1499 Shelby Circle, Hixon, TN 37343, United States of America",https://www.instagram.com/direct/t/17848363608189403/,Independent Grocery,Chattanooga,1,TN,37404-4218,,brightland,,,,,,
Sparkys Toys & Gifts,"Sparky’s Toys and Gifts, Ashville, NC, 28806",https://www.instagram.com/direct/t/110668463659096/,Independent Grocery,Ashville,1,NC,28806,,spice_walla,,,,,,
Specialty Produce,"1929 HANCOCK ST STE 150, SAN DIEGO, CA",https://www.instagram.com/direct/t/119815086072376/,Independent Grocery,SAN DIEGO,2,CA,92110,,rishi_tea; spice_walla,,,,,,
Spice It Up,"130 Cherry Street, Black Mountain, NC 28711, United States of America",https://www.instagram.com/direct/t/108991507156405/,Independent Grocery,Black Mountain,3,NC,28711,,diaspora_co; fish_wife; spice_walla,,,,,https://www.facebook.com/breezinup,
Spoke And Vine,"3146 95th Street, Evergreen Park, IL, 60805",https://www.instagram.com/direct/t/17844363158754008/,Independent Grocery,Evergreen Park,1,IL,60805,,spice_walla,,,,,,
Spread & Co,"2406 Manor Road, B, Austin, TX 78745, USA",http://instagram.com/spreadandco,Boutique Grocer,,3,TX,78745,,alice_mushrooms; fish_wife; pistakio; graza,Cheese; Coffee; Breakfast; Lunch; Charcuterie; Specialty Grocery; Catering; Gift Cards; Grazing Tables; Picnic Setups,artisanal; gourmet; prepared foods; local,,,http://facebook.com/hellospreadco,https://twitter.com/VicandAls
Spread Market & Larder,"1330 5th Avenue North, Nashville, TN 37208, United States of America",https://www.instagram.com/spreadmarket/,Boutique Grocer,Nashville,2,TN,37208,,brightland; zabs_hot_sauce; fly_by_jing; spice_walla,Wine; Pantry; Bakery,curated; local; artisanal; sustainable,,,,
Spring Green General,"Spring Green General Store, 137 North Albany Street, Spring Green, WI 53588, United States of America",https://www.instagram.com/springgreengeneralstore/,Gift/Specialty Shop,,2,WI,53588,,drumroll_donuts; rishi_tea; spice_walla,Lunch; Weekend Breakfast; Drinks; Gifts; Clothing; Puzzles; Cards; Local Soaps; Jewelry; Comfort Food,local; artisanal; prepared foods; family friendly,,,https://www.facebook.com/sgreengeneralstore,https://x.com/sggstore
Spruce Interiors And Gifts,"Spruce Interiors & Gifts, 5022 Leavenworth Street, Omaha, NE 68106, United States of America",https://www.instagram.com/direct/t/108407243888631/,Independent Grocery,omaha,1,NE,68106,,brightland; zabs_hot_sauce,,,,,,
St. Regis Gift Shop,"1 Mullan Gulch Road, St. Regis, MT 59866, United States of America",https://www.instagram.com/stregistravelcenter/,Gift/Specialty Shop,ST REGIS,2,MT,59866,,a_dozen_cousins; whims,,,,,,
Stach,"112 East Main Street, Albertville, AL, 35950",https://www.instagram.com/direct/t/120212156036698/,Independent Grocery,Albertville,1,AL,35950,,spice_walla,,,,,,
Station Salon,"594 South Coast Highway 101, Encinitas, CA 92024, United States of America",https://www.instagram.com/station_salon_/,Independent Grocery,Encinitas,2,CA,92024,,brightland; spice_walla,,,,(760) 217-7990,,
Steel,"9456 N Ih 20 Frontage Rd, Sweetwater, TX, 79556",https://www.instagram.com/direct/t/17848265282692879/,Independent Grocery,Sweetwater,4,TX,79556,,evies_snacks; freestyle_snacking; masa_chips; spice_walla,,,,,,
Stellas Grocery,"3351 West Moore Street, Richmond, VA 23230, USA",https://instagram.com/stellasjuicebox,Wine/Beer/Liquor,,11,VA,23230,,alice_mushrooms; bjorn_qorn; coconut_cult; whims; evies_snacks; pistakio; fish_wife; glonuts; one_trick_pony; realsy; rishi_tea,Wine; Spirits; Champagne & Sparkling; Dessert & Port; Red; Rosé & Blush; White; Vodka; Whiskey; Tequila; Gourmet Greek Products; Beverages; Snacks; Beer; Dairy; Produce; Prepared Foods; Catering; Baked Goods; Gourmet Greek products; Prepared foods; Baked goods; Holiday Catering; Sandwiches; Pies; Specialty items; Gift Cards; Specialty Items; Pressed Sandwiches; Beer & Wine; Desserts & Candies; Espresso Bar; Specialty Groceries; Lifestyle & Gifts; Salads; Candies; Rotisserie Chicken; Desserts; Gelato,curated; international; gourmet; artisanal; prepared foods; local; holiday catering,,,https://www.facebook.com/stellasgrocery,[object Object]
Stellas Ice Cream,"Stella's Ice Cream, 100 North 8th Street, Boise, ID 83702, United States of America",https://instagram.com/stellasicecream,Boutique Grocer,,1,ID,83702,,graza,Ice Cream; Desserts; Franchise Opportunities; Events; Support; Jobs,artisanal; local; small-batch,,,,
Steves Garden Market,"610 North Churton Street, Hillsborough, NC 27278, United States of America",https://www.instagram.com/direct/t/17844384896287893/,Independent Grocery,Hillsborough,3,NC,27278,,freestyle_snacking; spice_walla,,,,,,
Stitch + Sparrow (Adult + Gift) And Bird & Bean,"3212 College Avenue, Berkeley, CA 94705, United States of America",https://www.instagram.com/direct/t/115324386524705/,Independent Grocery,Berkeley,1,CA,94705,,brightland,,,,,,
Stock And Barrel,"502 North 4th Street, Lamesa, TX 79331, United States of America",https://www.instagram.com/direct/t/110020547058101/,Independent Grocery,Lamesa,3,TX,79331,,masa_chips; spice_walla,,,,,,
Strapping,"5450 Power Inn Rd, Sacramento, CA, 95820",https://www.instagram.com/direct/t/113457376712056/,Independent Grocery,Sacramento,1,CA,95820,,spice_walla,,,,,,
Straubs,"Straub's Market, 8282 Forsyth Boulevard, Clayton, MO 63105, United States of America",https://instagram.com/straubsmarket,Supermarket,Clayton,1,MO,63105,,brightland; realsy,Fine Meats; Seafood; Deli; Holiday Menu; Fruit & Snack Baskets; Steak Boxes; St. Louis Pantry; Gifts; Fruit Snack Baskets; Grocery Delivery; Dinner for Two; Pantry; Bakery; Prepared Foods; Bakery & Deli; Dinners for Two; Meat; Catering; Sweets; Meat & Steak Boxes,artisanal; prepared foods; gourmet; local,,,https://www.facebook.com/straubsmarket,
Strawberry Fields,"Strawberry Fields Cafe, 306 West Springfield Avenue, Urbana, IL 61801, United States of America",https://www.instagram.com/strawberry_fields_cu/,Deli/Prepared Foods,Urbana,2,IL,61801,,a_dozen_cousins; graza,Deli; Desserts; Drinks; Hot Foods; Sandwiches; Catering,gourmet; prepared foods,,,https://www.facebook.com/strawberryfieldsurbana/,
Streets Market,"224 51st Street NE, Washington, DC 20019, United States of America",https://www.instagram.com/streetsmarket/,Independent Grocery,WASHINGTON,14,DC,20002,,a_dozen_cousins; behave; graza; coconut_cult; fly_by_jing; glonuts; freestyle_snacking; whims; the_only_bean; rishi_tea,Condiments; Canned Goods; Snacks; Boxed Items; Fresh Produce; Pet Needs; Dairy; Prepared Foods; Frozen Foods; Cleaning Supplies; Canned Items,international; organic; local; everyday essentials; prepared foods,,,https://www.facebook.com/streetsmarketcafe,
Suá Superette,"144 North Larchmont Boulevard, Los Angeles, CA 90004, United States of America",https://www.instagram.com/sua_superette,Independent Grocery,Los Angeles,1,CA,90004,,brightland; whims,,,,,,
Sudhas Emporium,"60 East Market Street, City of Corning, NY 14830, United States of America",https://www.instagram.com/direct/t/17847124337608622/,Independent Grocery,Corning,1,NY,14830,,spice_walla,,,,,,
Sugar,"206 North Topsail Drive, Surf City, NC 28445, United States of America",https://www.instagram.com/direct/t/115983143125461/,Independent Grocery,Surf City,11,NC,28445,,fish_wife; fly_by_jing; zabs_hot_sauce; freestyle_snacking; joon; masa_chips; realsy; rishi_tea,Seafood; Beverages; Snacks; Health Foods; Household; Personal Care; Dairy; Bakery; Produce; Household Items; Meat; Frozen Foods; Appliances; Building Supplies; Garden Center; Lighting; Tools; Plumbing; Flooring; Paint; Patio Furniture; Electrical Supply,farm-to-table; artisanal; organic; sustainable; local; DIY; home improvement; pro services,,,,
Sugartown Mercantile,"425 South Main Street, Stuttgart, AR 72160, United States of America",https://www.instagram.com/direct/t/17845200089731100/,Independent Grocery,Stuttgart,1,AR,72160,,graza,,,,,,
Summit Spice & Tea Co,"3030 Denali Street, Anchorage, AK 99503, United States of America",https://www.instagram.com/summitspiceandteaco/,Boutique Grocer,Anchorage,3,AK,99503,,brightland; fish_wife; graza,,gourmet; artisanal,http://summitspice.com,907-375-1975,,
Sun Market,"2201 North Lafayette Street, Denver, CO 80205, United States of America",https://www.instagram.com/direct/t/115384106521237/,Independent Grocery,Denver,2,CO,80205,,evies_snacks; loisa; smash_foods,,,,,,
Sunday,"73 San Marco Avenue, Saint Augustine, FL 32084, United States of America",https://www.instagram.com/sunday____everyday/,Independent Grocery,St Augustine,4,FL,32084,,fish_wife; graza; zabs_hot_sauce,,,,,https://www.facebook.com/wix,https://www.twitter.com/wix
Sunny And Ranney,"109B Oak St., Roswell, GA, 30075",https://www.instagram.com/direct/t/17842097126190067/,Independent Grocery,Roswell,1,GA,30075,,spice_walla,,,,,,
Sunset Foods,"Sunset Foods, 1812 Green Bay Road, Highland Park, IL 60035, United States of America",https://www.instagram.com/grandfoodcenter/,Supermarket,,17,IL,60035,,coconut_cult; smash_foods; fish_wife; unreal_snacks; fly_by_jing; hormbles_chormbles; realsy; rishi_tea,Deli; Liquor; Dairy & Frozen Food; Cheese; Floral; Meat Department; Dairy; Bakery; Produce; Meat; Grocery; Sushi,farm-to-table; artisanal; prepared foods; gourmet; local; fresh,,,https://www.facebook.com/grandfoodcenter,
Sunset View Creamery,"4970 County Route 14, Montour Falls, NY 14865, United States of America",https://www.instagram.com/direct/t/100789744653161/,Independent Grocery,Odessa,1,NY,14869,,spice_walla,,,,,,
Sunshine Nutrition,"111 West 535 South, Cedar City, UT 84720, United States of America",https://www.instagram.com/direct/t/101410184594664/,Health/Supplement Store,Cedar City,2,UT,84720,,graza; unreal_snacks,,,,,,
Sunspot Natural,"Star Nails, 500 Sagamore Parkway West, West Lafayette, IN 47906, United States of America",https://www.instagram.com/starnailsllc/,Natural/Organic Market,West Lafayette,2,IN,47906,,evies_snacks; rishi_tea,,,,,https://www.facebook.com/StarNailsLLC,
Super Secret Ice Cream,"Super Top Secret, 244 S Edison Street, Salt Lake City, UT 84111, United States of America",https://www.instagram.com/supertopsecret,Supermarket,,1,UT,84111,,graza,,branding; interactive; development,,,,
Superior,"Bambei Brewing, 100 Superior Plaza Way, Superior, CO 80027, United States of America",https://www.instagram.com/bambei_brewing/?hl=en,Independent Grocery,Superior,3,CO,80027,,brez; fish_wife; graza; spice_walla,,local; artisanal; craft,,,https://www.facebook.com/BambeiBrewing,
Supermarket Corp,"Key Food, 492 Myrtle Avenue, New York, NY 11205, United States of America",https://www.instagram.com/keyfood,Supermarket,Brooklyn,1,NY,11205,,loisa; one_trick_pony,Deli; Seafood; Canned Goods; Beverages; Snacks; Dairy; Bakery; Produce; Meat; Frozen Foods,sustainable; local; prepared foods; organic,,,https://www.facebook.com/keyfood,https://twitter.com/keyfood
Superofficial,216 West Dominick Street,https://www.instagram.com/direct/t/17842912343705914/,Independent Grocery,Rome,2,NY,,,fly_by_jing; graza,,,,,,
Surf Market,"39250 S Hwy 1, Mendocino County, CA 95445, United States of America",https://www.instagram.com/surfasla/,Independent Grocery,Gualala,3,CA,95445,,brightland; zabs_hot_sauce; chomps; unreal_snacks; smash_foods,,,http://surfmarket.com,(707) 884-4184,,
Swadesi Cafe,"Swadesi Cafe, 328 South Jefferson Street, Chicago, IL 60661, United States of America",https://www.instagram.com/swadesicafe/,Coffee Shop/Cafe,Chicago,1,IL,60661,,doosra; transcendence_coffee,Desserts; Chai; Café Culture; Beverages; Light Meals; Snacks; Traditional Indian Flavors; Wine; Coffee; Modern Flavors,gourmet; international; artisanal; prepared foods,,,https://www.facebook.com/wix,
Swallowfield,"104 Main Street, Mount Desert, ME 06466, United States of America",https://www.instagram.com/direct/t/106829140714656/,Independent Grocery,Northeast Harbor,1,ME,4662,,spice_walla,,,,,,
Sweet,"905 N Washington Ave, Minneapolis, MN 55401, USA",https://www.instagram.com/sweetleafnyc/,Boutique Grocer,,21,MN,55401,,alice_mushrooms; behave; bjorn_qorn; brightland; chomps; yolele; droosh; fish_wife; graza; whims; fly_by_jing; narra; joon; spice_walla; unreal_snacks,Coffee Beans; Cold Brew; Coffee Boxes; Merch; Gift Cards; Wholesale; Locations; Cakes; Cookies; Gluten Free; Macarons; Biscotti; Celebration Cakes; Weddings; Bulk Orders; Holiday Pre-Orders; Deli; Bakery; Sandwiches; Prepared Foods; Produce; Snacks; Beverages; Fried Chicken; Meat; Frozen Foods; Sweets; Treats; Donuts; Rolls; Malasadas,artisanal; small-batch; gourmet; vegan; fair trade; sustainable; handmade; fresh; local; prepared foods; homemade,,,https://www.facebook.com/sweetleaf.lic/,https://twitter.com/sweetleaflic
Sydneys Taylor Made Cuisine,"32 Mill Road, Westhampton Beach, NY 11978, United States of America",https://www.instagram.com/direct/t/105789210821427/,Independent Grocery,Westhampton Beach,1,NY,11978,,graza,,,,,,
Syracuse Cooperative Market,"Syracuse Cooperative Market, 618 Kensington Road, City of Syracuse, NY 13210, United States of America",https://www.instagram.com/syracusecooperativemarket,Co-op,Syracuse,1,NY,13210,,a_dozen_cousins; rishi_tea,Produce; Dairy; Snacks; Beverages; Health Foods; Prepared Foods; Gourmet; Artisanal; Local; Sustainable,local; sustainable; organic; artisanal; farm-to-table,,,https://www.facebook.com/syracusecooperativemarket,
Table,"300 Connell Drive, Berkeley Heights, NJ 07922, United States of America",https://www.instagram.com/grainandcanenj/,Independent Grocery,Berkeley Heights,3,NJ,7922,,brightland; zabs_hot_sauce; fish_wife; graza,Wine; Spirits; Beer; Gift Cards; Wine Classes; Private Tastings; Events; Wine Club,curated; local; artisanal,,,http://www.facebook.com/tablewineshop,
Tablespoon Cooking Co.,"Tablespoon Cooking Company, 1731 Elm Street, Cincinnati, OH 45202, United States of America",https://www.instagram.com/TablespoonCookingCo,Boutique Grocer,Cincinnati,1,OH,45202,,pistakio; spice_walla,Gift Cards; Private Events; Cooking Tools; Ingredients; Cooking Classes; Catering; Merchandise,artisanal; educational; culinary; interactive; curated; giftable,https://www.tablespooncookingco.com/,(513) 268-6344,https://www.facebook.com/TablespoonCookingCo,
Tallulah 1882,"29 Long Circle, Toccoa, GA, 30577",https://www.instagram.com/direct/t/17843598914577968/,Independent Grocery,Toccoa,1,GA,30577,,spice_walla,,,,,,
Taste Carolina,"112 Briarcliff Road, Durham, NC, 27707",https://www.instagram.com/direct/t/100160888052730/,Independent Grocery,Durham,1,NC,27707,,spice_walla,,,,,,
Taste The Olive & Vine,"242 Princess Street, Wilmington, NC, 28401",https://www.instagram.com/direct/t/104255210973390/,Independent Grocery,Wilmington,1,NC,28401,,spice_walla,,,,,,
Taylors Market,"2900 FREEPORT BLVD, SACRAMENTO, CA",https://www.instagram.com/direct/t/100387331364628/,Independent Grocery,SACRAMENTO,1,CA,95818,,rishi_tea,,,,,,
Teak & Twine,"8001 Forbes Place, Springfield, VA 22151, United States of America",https://www.instagram.com/direct/t/109522233780919/,Wine/Beer/Liquor,Springfield,1,VA,22151,,brightland; spice_walla,,,,,,
Temalpakh Farm,"84001 Avenue 54, Coachella, CA, 92236",https://www.instagram.com/direct/t/100719494723271/,Independent Grocery,Coachella,1,CA,92236,,spice_walla,,,,,,
Ten Mile Table Supply,"3 Main Street, Wassaic, NY 12592, United States of America",https://www.instagram.com/tenmiletable/,Independent Grocery,Wassaic,4,NY,12592,,brightland; graza; one_trick_pony; zabs_hot_sauce,,,,,,
Teodoras Boucherie Gourmande,"750 Chief Justice Cushing Highway, Cohasset, MA 02025, United States of America",https://www.instagram.com/direct/t/17842358411883803/?hl=en,Independent Grocery,Cohasset,1,MA,2025,,brightland,,,,,,
Terra,"218 South Phillips Avenue, Sioux Falls, SD 57104, United States of America",https://www.instagram.com/direct/t/110574080333697/,Independent Grocery,Sioux Falls,3,SD,57104,,diaspora_co; graza; unreal_snacks,,,,,,
Terracotta Home & Garden,"4070 Burton Dr., Cambria, CA, 93428",https://www.instagram.com/direct/t/17842825223685049/,Independent Grocery,Cambria,1,CA,93428,,spice_walla,,,,,,
Texas Hill Country Olive Company,"2530 West Fitzhugh Road, Dripping Springs, TX, 78620",https://www.instagram.com/direct/t/110454010351474/,Independent Grocery,Dripping Springs,1,TX,78620,,spice_walla,,,,,,
"The Anchored Collective, Llc","1331 Linden Road, Harlan, IA, 51537",https://www.instagram.com/direct/t/107931803950635/,Independent Grocery,Harlan,1,IA,51537,,spice_walla,,,,,,
The Antique And Artisan Gallery,"69 Jefferson Street, Stamford, CT  06902, USA",https://www.instagram.com/antiqueartisan/,Boutique Grocer,,2,CT,6902,,alice_mushrooms; spice_walla,Case Pieces; Tables; Accessories; Lighting; Art,artisanal; curated; vintage; antique,,,https://www.facebook.com/theantiqueandartisangallery/,
The Attic Door & More,"110 North Main Street, Elk City, OK, 73644",https://www.instagram.com/direct/t/106107937458315/,Independent Grocery,Elk City,1,OK,73644,,spice_walla,,,,,,
The Austin,"438 Ridgewood Road, Austin, TX 78746, United States of America",https://www.instagram.com/theaustinepicure/?hl=en,Independent Grocery,Austin,2,TX,78746,,fish_wife; graza,,,,,,
The Bakers Pin,"The Baker's Pin, 34 Bridge Street, Northampton, MA 01060, United States of America",https://www.instagram.com/direct/t/117260889661078/,Boutique Grocer,Northampton,1,MA,1060,,spice_walla,"Cookware; Cutlery; Electrics; Bakeware; Kitchen Tools; Tabletop & Bar; Coffee & Tea; Home Textiles; Cleaning & Storage; Barbecue, Picnic & Outdoor Cooking",artisanal; curated; gourmet; cooking classes,,,,
The Bbq Allstars,"The BBQ Shop, Madison Avenue, Memphis, TN 38104, United States of America",https://www.instagram.com/direct/t/17842146050469450/,Independent Grocery,Horn Lake,3,TN,38104,,fly_by_jing; graza; spice_walla,,,,,,
The Bee,"132 Bent Street, Taos, NM 87571, United States of America",https://www.instagram.com/direct/t/110606353666464/,Independent Grocery,Taos,2,NM,87571,,btr_bar; spice_walla,,,,,,
The Black Bison Company,"8434 Phoenix Avenue, Fort Smith, AR 72903, United States of America",https://www.instagram.com/direct/t/124301415637124/,Independent Grocery,Fort Smith,4,AR,72903,,fish_wife; masa_chips; spice_walla,,,,,https://www.facebook.com/p/Westford-Country-Store-100050930486205/,
The Bloom Of Time,"22511 Aspan Street, Lake Forest, CA 92630, United States of America",https://www.instagram.com/thebloomoftime/,Independent Grocery,CA,1,CA,United States,,brightland,,,,,,
The Blue Heron,"2001 Blue Heron Road, Tillamook, OR 97141, United States of America",https://www.instagram.com/direct/t/110154270377341/,Independent Grocery,Tillamook,2,OR,97141,,fish_wife; spice_walla,,,,,,
The Bradford Market,"15915 Davidson-Concord Highway, Huntersville, NC, 28078",https://www.instagram.com/direct/t/17851594121629214/,Independent Grocery,Huntersville,1,NC,28078,,spice_walla,,,,,,
The Brass Owl,"36-19 Ditmars Boulevard, New York, NY 11105, United States of America",https://www.instagram.com/direct/t/121851155874258/?hl=en,Independent Grocery,Astoria,3,NY,11105,,bon_bon_swedish_candy; diaspora_co; spice_walla,,,,,,
The Brick Kitchen,"120 North Division Street, Salisbury, MD 21801, United States of America",https://www.instagram.com/direct/t/17848406753581049/,Independent Grocery,Salisbury,3,MD,21801,,fish_wife; fly_by_jing; spice_walla,,,,,,
The Bungalow Market,"202 South Main St., Davidson, NC, 28036",https://www.instagram.com/direct/t/104105484350694/,Independent Grocery,Davidson,1,NC,28036,,spice_walla,,,,,,
The Butchers Market,"1898 South Franklin Street, Wake Forest, NC 27587, United States of America",https://www.instagram.com/direct/t/108659687200484/,Butcher/Meat Shop,Wake Forest,4,NC,27587,Zuva,behave; masa_chips; fly_by_jing; graza; spice_walla,Meats; Seafood; Poultry; Deli; Prepared Foods; Local Products; Beverages; Snacks; Catering; Specialty Groceries,local; sustainable; artisanal; gourmet; prepared foods,,,,
The Butchery,"Von Hair, 4111 Pioneer Woods Drive, Lincoln, NE 68506, United States of America",https://www.instagram.com/the_butchery,Butcher/Meat Shop,Lincoln,9,NE,68506,,brightland; zabs_hot_sauce; diaspora_co; fly_by_jing; fish_wife; masa_chips; pistakio,Meats; Artisan Foods; Gift Cards; Poultry; Seafood; Deli; Charcuterie; Prepared Foods; Condiments; Spices; Cheeses; Snacks,gourmet; sustainable; artisanal; curated; farm-to-table; local; prepared foods,,(402) 488-8368,,
The Buzz Sushi,"The Buzz Sushi, 1010 Pacific Avenue, Santa Cruz, CA 95060, United States of America",https://www.instagram.com/thebuzzsushi_market/,Independent Grocery,,1,CA,95060,Zuva,narra,Sushi; Vegan Dishes; Gluten-Free Options; Vegetarian Dishes; Grab-and-Go Items; Homemade Sauces; Kimchi; Vegan Ice Cream; Market Items; Signature Menu,vegan; gluten-free; artisanal; prepared foods; sustainable,,,,
The Central,"300 Railroad Avenue, Peekskill, NY, 10566",https://www.instagram.com/centralpeekskill/,Independent Grocery,Peekskill,2,NY,10566,,bjorn_qorn; graza,Bistro; Lounge; Coffee; Brunch; Pastry; Provisions; Mediterranean Mains; Rotisserie; Cocktails; Wine,Mediterranean; local; artisanal; prepared foods; sustainable,,,https://www.facebook.com/thecentralpeekskill,
The Cheese,"540 Delaware Avenue, Albany, NY 12209, United States of America",https://www.instagram.com/thecheesetraveler,Independent Grocery,Albany,14,NY,12209,,behave; fish_wife; fly_by_jing; graza; one_trick_pony; rishi_tea; spice_walla,,,,,,
The Clean Home Shop And Refillery,"120 2nd Street West, Dickinson, ND 58601, United States of America",https://www.instagram.com/direct/t/17847811235888890/,Independent Grocery,Dickinson,2,ND,58601,,masa_chips; rishi_tea,,,,,,
The Coastal Cottage Shoppe,"5130 Southport-Supply Road Southeast, Southport, NC, 28461",https://www.instagram.com/direct/t/101182774620560/,Independent Grocery,Southport,1,NC,28461,,spice_walla,,,,,,
The Cooks Station,"200 Buncombe Street, Greenville, SC 29601, United States of America",https://www.instagram.com/thecooksstation/,Independent Grocery,Greenville,2,SC,29601,,freestyle_snacking; spice_walla,,,,,,
The Country,"The Country Store, 3140 Mount Joy Road, Mount Joy, PA 17552, United States of America",https://instagram.com/kitchenkettle,Supermarket,,5,PA,17552,,coconut_cult; glonuts; joon; spice_walla,Fresh Meats; Deli; Bakery; Produce; Bulk Foods; Staple Groceries; Grab n' Go; Specials; Jam & Relish; Baked Goods; Café; Bath & Body; Candles; Leather Goods; Jewelry; Gifts; Local PA Dutch Products; Seasonal Events,local; fresh; gourmet; prepared foods; artisanal; farm-to-table,,,https://www.facebook.com/pages/Kitchen-Kettle-Village/30788829360,https://twitter.com/KitchenKettle
The Cupboard,"504 Bank Street Northeast, Decatur, AL, 35601",https://www.instagram.com/direct/t/119575272766389/,Independent Grocery,Decatur,1,AL,35601,,spice_walla,,,,,,
The Curb Kaimuki,"The Curb Kaimuki, 3408 Waialae Avenue, East Honolulu, HI 96716, United States of America",https://www.instagram.com/direct/t/115719263158268/,Independent Grocery,Honolulu,1,HI,96816,,graza,,,,,,
The Daisy,"The Daisy, santa barbara, CA, 93101",https://www.instagram.com/the_daisy_restaurant/,Independent Grocery,santa barbara,4,CA,93101,,bjorn_qorn; diaspora_co; joon; fish_wife; floura; graza,Lunch; Dinner; Takeout; Events; Gift Cards,local; artisanal; sustainable,,,https://www.facebook.com/thedaisyrestaurant/,
The Dessy Group,"élevée, 8 West 38th Street, New York, NY 10018, United States of America",https://www.instagram.com/eleveelifestyle/,Independent Grocery,New York,1,NY,10018,,brightland,,luxury; custom; hand-tailored,,(646) 638-9600,,
The Dough Cone,"The Dough Trader, 543 West Jackson Boulevard, Spearfish, SD 57783, United States of America",https://www.instagram.com/doughtraderpizza/,Wine/Beer/Liquor,,1,SD,57783,,graza,Appetizers; Salads; Pizzas; Drinks; Sourdough,artisanal; local,,,https://www.facebook.com/Dough-Trader-Pizza-174638332614956/,
The Ecology Center,"32701 Alipaz Street, San Juan Capistrano, CA, 92675",https://www.instagram.com/direct/t/110922173628328/,Independent Grocery,San Juan Capistrano,2,CA,92675,,bjorn_qorn; brightland; zabs_hot_sauce,Farmstand; Café; Programs; Events; Workshops; Harvest Box (CSA); Merch; Pantry,sustainable; local; organic; farm-to-table,,,,
The Epicurean,"401 Cortland Ave, San Francisco, CA 94110, USA",https://www.instagram.com/theepicureantrader/?hl=en,Deli/Prepared Foods,,9,CA,94110,Zuva,alice_mushrooms; stellar_snacks; bjorn_qorn; masa_chips; brightland; whims; diaspora_co; rooted_fare; spice_walla,Breakfast; Lunch; Snacks; Beverages; Coffee; Sandwiches; Wraps; Salads; Pasta; Desserts; Beauty & Grooming; For the Home; Craft Spirits; Wellness & Productivity; Cocktail Kits; Baking; Gift Baskets; For the Pantry; For the Bar; Chocolate; Sauces & Condiments; Oils & Vinegars,gourmet; prepared foods; artisanal; farm-to-table; sustainable; local; curated; small-batch; international,,,https://www.facebook.com/TheEpicureanTrader,
The Every Day Gourmet,"2204 Broad Street, Camden, SC, 29020",https://www.instagram.com/direct/t/111758487109642/,Independent Grocery,Camden,1,SC,29020,,spice_walla,,,,,,
The Extra Ingredient,"801 D Friendly Center Road, Greensboro, NC, 27408",https://www.instagram.com/direct/t/112306690166817/,Independent Grocery,Greensboro,1,NC,27408,,spice_walla,,,,,,
The Farmers Daughter,"320 Central Avenue, Great Falls, MT 59401, United States of America",https://www.instagram.com/direct/t/17842107719350946/,Independent Grocery,Great Falls MT,2,MT,59401,,fish_wife; joon; spice_walla,,,,,,
The Farmers Stand,"6475 U.S. 93 South, Whitefish, MT, 59937",https://www.instagram.com/direct/t/17846442191526911/,Supermarket,Whitefish,4,MT,59937,,bjorn_qorn; coconut_cult; diaspora_co; fish_wife,Produce; Grab-and-Go; Salads; Sandwiches; Wraps; Soups; Treats; Dips; Bulk Foods; Baked Goods,organic; local; sustainable; prepared foods; farm-to-table; plastic free,,,,
The Find North,"102 North Main Street, Leland, Leland Township, MI 49654, United States of America",https://www.instagram.com/thefindnorth/,Independent Grocery,Leland,1,MI,49654,,brightland,,,,,,
The Flourish Market,"The Flourish Market, 307 West Martin Street, Raleigh, NC 27601, United States of America",https://www.instagram.com/theflourishmarket/,Independent Grocery,Raleigh,2,NC,27601,,brightland; rishi_tea,,,,(984) 202-5035,,
The Flouwer Co.,"4332 West 35th Avenue, Denver, CO 80212, United States of America",https://www.instagram.com/theflouwerco/,Independent Grocery,Denver,2,CO,80215,,brightland; diaspora_co; fish_wife,,,,720.708.5347,,
The Food Coop,"414 Kearney Street, Port Townsend, WA, 98368",https://www.instagram.com/ptfoodcoop/,Co-op,Port Townsend,1,WA,98368,,yolele,Produce; Deli; Supplements; Body Care; Meat; Grocery; Beverages; Snacks; Holiday Meals; Gift Cards,organic; local; sustainable; prepared foods; farm-to-table,,,https://www.facebook.com/ptfoodcoop,
The Friendly Market,"205 Friendly Rd, Morehead City, NC, 28557",https://www.instagram.com/direct/t/104304640970892/,Independent Grocery,Morehead City,1,NC,28557,,spice_walla,,,,,,
The Frozen Parrot,"The Frozen Udder, Main Street, Brigham City, UT 84302, United States of America",https://www.instagram.com/direct/t/17842140428573307/,Independent Grocery,,1,UT,84302,,graza,,,,,,
The Generalist,"The Generalist, 248 East Main Street, Johnson City, TN 37604, United States of America",https://instagram.com/thegeneralist.store,Boutique Grocer,Johnson City,3,TN,37604,,behave; whims; fish_wife; spice_walla,Crafts; arts; Sundries; snacks; Candles; Snacks; Toys; Jewelry; Gifts; Arts; crafts; Soaps; jewelry; gifts; sundries; soaps; toys; decor; candles; Decor,artisanal; curated; local; emerging brands; sustainable,https://thegeneralist.store/,,,
The Get Go,"208 S Dean St, Marfa, TX, 79843",https://www.instagram.com/thegetgomarfa/,Independent Grocery,Marfa,2,TX,79843,,bjorn_qorn; graza; floura; freestyle_snacking,,,,,http://www.facebook.com/10218280010420743,
The Ginger Rabbit,"56830 29 Palms Highway, Yucca Valley, CA 92284, United States of America",https://www.instagram.com/thegingerrabbit_market,Independent Grocery,Yucca Valley,4,CA,92284,,diaspora_co; rishi_tea; fish_wife; fly_by_jing,,,,,,
The Glass Jug Beer Lab,"545 Foster St, Durham, NC, 27701",https://www.instagram.com/direct/t/115325546527983/,Wine/Beer/Liquor,Durham,1,NC,27701,,spice_walla,,,,,,
The Golden,"314 Madison Street, Nashville, TN 37115, United States of America",https://www.instagram.com/thegoldenpoppymarket/,Independent Grocery,Nashville,8,TN,37208,,fish_wife; fly_by_jing; rishi_tea; masa_chips; spice_walla; stuzzi,,,,,,
The Gourmet Shop,"The Gourmet Shop, 724 Saluda Avenue, Columbia, SC 29205, United States of America",https://www.instagram.com/thegourmetshop5points,Independent Grocery,Columbia,3,SC,29205,,fly_by_jing; rishi_tea; shuug; spice_walla,,,,,,
The Great,"The Great Room, Southwest 1st Avenue, Portland, OR 97258, United States of America",https://www.instagram.com/direct/t/121422172584969/,Independent Grocery,Pendleton,2,OR,97801,,graza; whims,,,,,,
The Greater Gouda,"12 North Sandusky Street, Delaware, OH 43015, United States of America",https://www.instagram.com/direct/t/110589437002171/,Independent Grocery,Delaware,1,OH,43015,,spice_walla,,,,,,
The Grey Pearl,"Bagel Bob's, 51 University Place, New York, NY 10003, United States of America",https://www.instagram.com/thegreypearl/?hl=en,Boutique Grocer,New York,1,NY,10003,,brightland; transcendence_coffee,"Art and Wall Decor; Carafes and Pitchers; Candles and Candle Holders; Drinkware and Barware; Mugs; Tabletop; Barware and Accessories; Home Decor; Vases, Vessels and Planters; Glassware",curated; sustainable; artisanal,,(646) 490-4259,https://www.facebook.com/profile.php?id=100083070983771,https://twitter.com/thegreypearlnyc
The Grove Juicery + Wellness Cafe,"1043 Providence Road, Charlotte, NC 28207, USA",https://www.instagram.com/thegroveclt/,Juice/Smoothie Bar,,7,NC,28207,Zuva,alice_mushrooms; behave; realsy; fish_wife; fly_by_jing; transcendence_coffee,Juices; Smoothies; Wellness Shots; Plant-Based Mylks; Acai Bowls; GF Baked Goods; Toasts; Salads; Superfoods; Vitamins; Protein Shakes; Juice Cleanse; Superfood Smoothies; Wellness Market,plant-based; sustainable; local; organic,,,,
The Handmade Showroom,"The Handmade Showroom, 600 Pine Street, Seattle, WA 98101, United States of America",https://instagram.com/thehandmadeshowroom,Boutique Grocer,Seattle,1,WA,98101,,spice_walla,"Clothing - Adults; Clothing - Kids; Gifts for Kids; Jewelry; Home Decor; Food & Snacks; Greeting Cards; Sustainable Kitchen; Art Prints; Bath, Body, & Candles",artisanal; local; sustainable; handmade,,,https://facebook.com/thehandmadeshowroom,
The Happy Cook,"1107 B Emmet Street North, Charlottesville, VA, 22903",https://www.instagram.com/direct/t/107343667328893/,Independent Grocery,Charlottesville,1,VA,22903,,spice_walla,,,,,,
The Harvest Market,"511 West Highway 50, Clermont, FL 34711, United States of America",https://www.instagram.com/direct/t/17846846598171715/?hl=en,Independent Grocery,Clermont,3,FL,34711,,loisa; masa_chips,,,,,,
The Healthy Place,"The Faith Place Church, 221 East Linnerud Drive, Sun Prairie, WI 53590, United States of America",https://www.instagram.com/findyour_healthyplace/,Independent Grocery,Sun Prairie,5,WI,53590,Zuva,chomps; rishi_tea; unreal_snacks,Supplements; Vitamins & Minerals; CBD Products; Personal Care; Fitness; Kid's Health; Pet Products; Health Goals; Pain & Inflammation; Natural Remedies,holistic; personalized; natural; wellness; community-driven,,(608)825-0080,,
The Hens Kitchen Shoppe,"141 Yale Avenue, Claremont, CA, 91711",https://www.instagram.com/direct/t/114459336606065/,Independent Grocery,Claremont,1,CA,91711,,spice_walla,,,,,,
The Herbal,"835 Central Avenue, Dover, NH 03820, United States of America",https://www.instagram.com/herbalpathportsmouth/,Independent Grocery,DOVER,6,NH,3820,,a_dozen_cousins; rishi_tea; coconut_cult; narra; whims,,herbal; natural remedies; personalized service,,,https://www.facebook.com/TheHerbalPath.Dover/,
The Hickory Post,"202 East Main Street, Rock Hill, SC, 29732",https://www.instagram.com/direct/t/102189224510650/,Independent Grocery,Rock Hill,1,SC,29732,,spice_walla,,,,,,
The Hub On Main,"100 Main St., Oxford, NC, 27565",https://www.instagram.com/direct/t/116557139729008/,Independent Grocery,Oxford,1,NC,27565,,spice_walla,,,,,,
The Hummingbird Wine Bar & Market,"240 Glynn Street South, Fayetteville, GA, 30214-2040",https://www.instagram.com/direct/t/17842510880799331/,Wine/Beer/Liquor,Fayetteville,1,GA,30214-2040,,spice_walla,,,,,,
The Joyful Gourmet,"542 North Milwaukee Avenue, Libertyville, IL 60048, United States of America",https://www.instagram.com/direct/t/17844230300655051/,Independent Grocery,Libertyville,1,IL,60048,,spice_walla,,,,,,
The Kinlands,"11887 S. 4000 W, Suite B (Market), Riverton, UT 84096, USA",https://www.instagram.com/direct/t/114237856637785/,Boutique Grocer,,3,UT,11887,,alice_mushrooms; brightland; one_trick_pony; spice_walla,Fresh Food; Gifts; Home Décor; Wellness Products; Seasonal Experiences; Event Rentals; Brunch; Dinner; Photography; Workshops,local; artisanal; curated; small-batch; sustainable; farm-to-table,,,,
The Kitchen,"6035 Tennessee 100, Nashville, TN 37205, USA",https://www.instagram.com/popeyeslouisianakitchen/,Boutique Grocer,,5,TN,37205,,alice_mushrooms; bjorn_qorn; brightland; zabs_hot_sauce; fly_by_jing; masa_chips,Cookware; Bakeware; Cutlery; Gadgets; Small Appliances; Pantry Items; Kitchen Tools; Cooking Classes; Kitchen Decor; Cookbooks,artisanal; curated; sustainable; gourmet; local,,,https://www.facebook.com/thekitchennashville/,
The Kitchen Table,"The Kitchen Table, 2665 Riverside Boulevard, Sacramento, CA 95818, United States of America",https://instagram.com/kitchentablesac,Boutique Grocer,Sacramento,3,CA,95818,,brightland; pistakio; one_trick_pony; spice_walla,,curated; local; artisanal,,,https://www.facebook.com/kitchentablesac,https://twitter.com/kitchentablesac
The Kiva,"125 West 11th Avenue, Eugene, OR, 97401",http://instagram.com/kivagrocery,Supermarket,Eugene,1,OR,97401,,yolele,Deli; Grocery; Meat & Dairy; Produce; Health & Beauty; Bulk; Wine & Beer; Prepared Foods; Natural Homecare; Housewares,organic; local; sustainable; farm-to-table; prepared foods,,,https://www.facebook.com/kivagrocery,http://www.twitter.com/kivagrocery
The Lark,"The Midway, North Sierra Street, Reno, NV 89505, United States of America",https://www.instagram.com/direct/t/124323908959175/,Independent Grocery,Reno,1,NV,89509,,graza,,,,,,
The Local Market & Kitchen,"The Local, 604 Central Avenue, Ship Bottom, NJ 08008, United States of America",https://www.instagram.com/direct/t/103746281027371/,Independent Grocery,Ship Bottom,1,NJ,8008,,brightland; graza,,,,,,
The Local Table,"The Local Table, 360 Via Las Brisas, Thousand Oaks, CA 91320, United States of America",https://www.instagram.com/dvlocaltable/,Restaurant/Eatery,,1,CA,91320,,narra,Italian Cuisine; Pasta; Appetizers; Bar; Happy Hour; Private Parties; Takeout; Family Dinners; Romantic Dining; Special Events,authentic; local; casual; family-friendly; happy hour,,,,
The Locavore,"434 6th AveStore 4, New York, NY, 10011",https://www.instagram.com/thelocavorenyc/,Boutique Grocer,New York,3,NY,10011,,bjorn_qorn; floura; transcendence_coffee; masa_chips,Food & Beverage; Health & Beauty; Clothing; Bookshelf; Electronics & Appliances; Arts & Crafts; Home; Music; Plants & Flowers; Recreation,local; sustainable; curated; emerging brands,,,,
The Market At Union Hall,"2 Keeler Lane, North Salem, NY 10560, United States of America",https://www.instagram.com/direct/t/102138601188870/?locale=my,Independent Grocery,North Salem,1,NY,10560,,masa_chips; rishi_tea,,,,,,
The Market By,"Larkey Market & Deli, 2800 Larkey Lane, Walnut Creek, CA 94597, United States of America",https://www.instagram.com/direct/t/120864562634505/,Independent Grocery,Walnut Creek,3,CA,94597,,freestyle_snacking; one_trick_pony; masa_chips; spice_walla,,,,,,
The Market On Bridge Street,"228 Bridge Street, Bridgewater, PA 15009, United States of America",https://www.instagram.com/themarketonbridgestreet,Independent Grocery,Beaver,2,PA,15009,,behave; spice_walla; rishi_tea,,,,,,
The Marketplace Specialty Food Shop,"265 Old Stockbridge Road, Great Barrington, MA 01230, United States of America",https://instagram.com/marketplacekitchen,Deli/Prepared Foods,Great Barrington,1,MA,1230,,graza; shuug,Dinners; Specialty Foods; Salads; Carryout; Sandwiches; Beverages; Cakes; Holiday Menus; Pastries; Catering,farm-to-table; artisanal; local; prepared foods; gourmet,,,https://facebook.com/marketplacekitchen,
The Meat,"The Meat Hook, 333 Douglass Street, New York, NY 11217, United States of America",https://www.instagram.com/themeathook/,Independent Grocery,,6,NY,11217,,bezi; fish_wife; fly_by_jing; joon; loisa; zabs_hot_sauce; spice_walla,,,,,,
The Mercantile Of Hamilton,"The Mercantile of Belton, 219 North Main Street, Belton, SC 29627, United States of America",https://www.instagram.com/direct/t/17848110758798129/,Independent Grocery,,4,SC,29627,,coconut_cult; one_trick_pony; rishi_tea; spice_walla,,,,,,
The Mercato,"8601 S 30th St, Lincoln, NE, 68516",https://www.instagram.com/direct/t/17842771859255470/,Independent Grocery,Lincoln,1,NE,68516,,spice_walla,,,,,,
The Mint Chip Creamery,"601 N. Bullard St., Silver City, NM, 88061",https://www.instagram.com/direct/t/17844132507552336/,Independent Grocery,Silver City,1,NM,88061,,spice_walla,,,,,,
The Mousetrap,"3323 Tates Creek Road, Lexington, KY, 40502",https://www.instagram.com/direct/t/110924246974679/,Independent Grocery,Lexington,1,KY,40502,,spice_walla,,,,,,
The Mushroom Shop,"433 Medford Street, Somerville, MA 2145, USA",https://www.instagram.com/themushroomshopsomerville,Independent Grocery,,3,,,,alice_mushrooms; rooted_fare; fish_wife; graza,Cookbooks; Nature Books; Mushroom Teas; Dried Mushrooms; Foraging Guides; Gifts; Mushroom Specialty Products; Fresh Produce; Unique Pantry Goods; Pantry Goods; Culinary Mushrooms,sustainable; local; artisanal,,,,
The Mustard Seed,"The Mustard Seed Natural Market, 969 Arsenal Street, Watertown, NY 13601, United States of America",https://www.instagram.com/direct/t/100489874688340/,Independent Grocery,Watertown,3,NY,13601,,evies_snacks; rishi_tea; smash_foods; spice_walla,,,,,,
The Natural Food,"21 Hope Street, East Lyme, CT 06357, United States of America",https://www.instagram.com/direct/t/101596451243084/,Natural/Organic Market,NIANTIC,1,CT,6357,,a_dozen_cousins,,,,,,
The Natural Grocer,"334 High Street, Newburyport, MA, 01950",http://instagram.com/naturalgrocer,Deli/Prepared Foods,Newburyport,1,MA,1950,,bjorn_qorn; rishi_tea,"Fresh Produce; Frozen Foods; Refrigerated Items; Vitamins & Supplements; Herbals & Homeopathics; Sunscreen, Bug & Outdoor Stuff; Body Care; Teas, Coffee, Chocolate; Prepared Foods; Baked Goods",organic; prepared foods; health; natural,,,http://www.facebook.com/TheNaturalGrocer,
The Norfleet House,"409 North Main Street, Tarboro, NC, 27886",https://www.instagram.com/direct/t/17845677344992848/,Independent Grocery,Tarboro,1,NC,27886,,spice_walla,,,,,,
The Oil,"113 North Market Street, Benton, AR 72015, United States of America",https://www.instagram.com/direct/t/104887710905139/?hl=en,Independent Grocery,Benton,2,AR,72015,,masa_chips; spice_walla,,,,,,
The Old,"The Old Brick Store, 203 North Columbia Avenue, Connell, WA 99326, United States of America",https://www.instagram.com/direct/t/17843066928063621/,Independent Grocery,,2,WA,99326,,cauli_puffs; spice_walla,,,,,,
The Olive Branch,"4805 Narragansett Avenue, San Diego, CA 92107, United States of America",https://www.instagram.com/direct/t/17842991831917245/,Independent Grocery,San Diego,5,CA,92107,,brightland; fish_wife; diaspora_co; shuug; evies_snacks; smash_foods,,,,,,
The Pan Handle,"106 North Crockett Street, Granbury, TX, 76048",https://www.instagram.com/direct/t/107504827316772/,Independent Grocery,Granbury,1,TX,76048,,spice_walla,,,,,,
The Penny Candy,"22 Puritan Avenue, Swampscott, MA, 1907",https://www.instagram.com/direct/t/102059261198831/,Independent Grocery,Swampscott,1,MA,1907,,spice_walla,,,,,,
The Pink Dinghy,"The Pink-Dinghy, 609 19th Street, Virginia Beach, VA 23451, United States of America",https://www.instagram.com/direct/t/104077217660167/,Independent Grocery,Virginia Beach,1,VA,23451,,graza,,,,,,
The Plant,"73 Main Street, North Adams, MA 01247, USA",https://instagram.com/theplantconnector,Independent Grocery,,2,MA,1247,,alice_mushrooms; rishi_tea,Houseplants; Plant Care; Eco Shop; Self Care; Gifts; Workshops; Terrariums; Pots + Planters; Soil + Fertilizers; Propagation Supplies,sustainable; local; community-rooted; eco-friendly,,,https://facebook.com/theplantconnector,
The Print Shop,"600 Debbington Drive, Bay Village, OH 44140, United States of America",https://www.instagram.com/direct/t/17843050853437760/,Independent Grocery,Bay Village,2,OH,44140-1919,,brightland; spice_walla,,,,,,
The Produce Place,"Produce Place, 4000 Murphy Road, Nashville, TN 37209, United States of America",https://www.instagram.com/produceplace/,Independent Grocery,Nashville,3,TN,37209,,a_dozen_cousins; rishi_tea; diaspora_co; freestyle_snacking; fish_wife,,,,,,
The Produce Station,"Produce Station, South State Street, Ann Arbor, MI 48108, United States of America",https://www.instagram.com/producestation,Supermarket,Ann Arbor,3,MI,48108,,fly_by_jing; freestyle_snacking; rishi_tea; spice_walla; zabs_hot_sauce,Beer & Cider; Cheese; Non-Alcoholic Beer; Bakery; Dairy; Produce; Prepared Foods; Wine; Catering; Grocery,farm-to-table; artisanal; local; prepared foods; sustainable,,(734)663-7848,,
The Realm Refillery,"The Realm Refillery, 2310 Northeast Broadway, Portland, OR 97232, United States of America",https://www.instagram.com/therealmrefillery,Independent Grocery,,1,OR,97232,,narra,Bulk Refills; Sustainable Goods; Food; Kitchen Supplies; Home Products; Bath Products; Spices; Oils; Facial Care; Local Items,sustainable; local; ethical; bulk; transparent sourcing,,,,
The Red,"72 West Center Street, Logan, UT  84321, USA",https://www.instagram.com/direct/t/113379273391176,Independent Grocery,,3,UT,84321,,alice_mushrooms; spice_walla,Mobile App Services; Web Development; eCommerce Solutions; Inbound Marketing; Shopify Services,digital strategies; inbound optimized; mobile applications; eCommerce,,,https://www.facebook.com/pages/Big-Red-Lantern-Inc/116119348410099,
The Redding Roadhouse,"1876 Bronson Road, Fairfield, CT, 06824",https://www.instagram.com/the_redding_roadhouse/,Wine/Beer/Liquor,Fairfield,2,CT,6824,,bjorn_qorn; brightland; shuug,Wings; Burgers; Salads; Brunch; Beer; Cocktails; Private Events; Take-Out; Dine-In; Seasonal Entrees,local; craft beer; curated; seasonal; dine-in; take-out,,,https://www.facebook.com/thereddingroadhouse/,
The Rhu,"10 S. Lexington Ave., Asheville, NC, 28801",https://www.instagram.com/direct/t/117528646308703/,Independent Grocery,Asheville,1,NC,28801,,spice_walla,,,,,,
The Roots Farm Market,"903 U.S. Rt 2, Middlesex, VT, 05602",https://www.instagram.com/therootsfarmmarket/,Deli/Prepared Foods,Middlesex,2,VT,5602,,bjorn_qorn; fish_wife; rishi_tea,Gifts; Flowers; Seasonal Decor; Local Maple Syrup; Tea; Honey; Vegetables; Salads; Prepared Foods; Farm Products,local; sustainable; farm-to-table; artisanal,,,,
The Rusty Cup,"1213 Commercial Street, Astoria, OR 97103, United States of America",https://www.instagram.com/direct/t/102726981130088/,Independent Grocery,Astoria,1,OR,97103,,spice_walla,,,,,,
The Salty Butcher,"5403 Harris Woods Trace, Fulshear, TX 77441, United States of America",https://www.instagram.com/direct/t/17845972232679960/,Butcher/Meat Shop,Fulshear,4,TX,77441,,fish_wife; graza,Spirits; Craft Cocktails; Tours; Public Events; Private Events,local; sustainable; small-batch; artisanal,,,https://www.facebook.com/Distillery98,
The Shack,"The Shack, 105 South Coalter Street, Staunton, VA 24401, United States of America",https://www.instagram.com/direct/t/109319793796226/,Independent Grocery,Staunton,1,VA,24401,,fish_wife; spice_walla,,,,,,
The Shop At Dovetail,"1 Sixth Street, Boston, MA 02129, United States of America",https://www.instagram.com/direct/t/17843541473353833/,Independent Grocery,Charlestown,2,MA,2129,,fish_wife; graza; spice_walla,,,,,,
The Smithy Market & Loft Gallery,"10 Main Street, New Preston, CT 06777, United States of America",https://www.instagram.com/thesmithymarket,Independent Grocery,new preston,1,CT,6777,,spice_walla,,,,,,
The Southampton Market Inc.,"48 Hampton Road, Southampton, NY 11963, United States of America",https://www.instagram.com/direct/t/17849599895504846/,Independent Grocery,Southampton,1,NY,11968,,graza,,,,,,
The Sparkle Barn,"1509 US 7, Wallingford, VT 05773, United States of America",https://www.instagram.com/direct/t/104827990917046/,Independent Grocery,Wallingford,1,VT,5773,,spice_walla,,,,,,
The Spotted,"13360 Clayton Road, Town and Country, MO 63131, United States of America",https://www.instagram.com/thespottedtrotter/,Independent Grocery,Town & Country,2,MO,63131,,brightland; freestyle_snacking; zabs_hot_sauce,,,,,,
The Sunspot Natural Market,"Star Nails, 500 Sagamore Parkway West, West Lafayette, IN 47906, United States of America",https://www.instagram.com/starnailsllc/,Independent Grocery,West Lafayette,3,IN,47906,Zuva,a_dozen_cousins; rishi_tea; coconut_cult; unreal_snacks; smash_foods,Herbs and Spices; Gluten-Free Options; Organic Foods; Local Meats; Supplements; Vegan Options; Seasonal Produce; Bulk Grains; Natural Body Care; Herbs; Spices; Eggs,organic; natural; local; sustainable; vegan; gluten-free,,,https://www.facebook.com/StarNailsLLC,
The Swellife,"The Swellife, 91-08 Rockaway Beach Boulevard, New York, NY 11693, United States of America",https://www.instagram.com/the_swellife/,Independent Grocery,Rockaway Beach,1,NY,11693,,brightland,Jewelry; Made to Order; Ready to Ship,artisanal; made to order; handmade,,(347) 513-8271,https://www.facebook.com/TheSwellife/,
The T Shop,"6342 La Vista Drive, Dallas, TX, 75214",https://www.instagram.com/direct/t/17846760219270871/,Independent Grocery,Dallas,1,TX,75214,,spice_walla,,,,,,
The Truck Patch,"The Truck Patch Natural Market, 412 Porter Wagoner Boulevard, West Plains, MO 65775, United States of America",https://instagram.com/thetruckpatch,Supermarket,Mountain Home,7,MO,65775,,chomps; unreal_snacks; evies_snacks; loisa; graza; rishi_tea,Seafood; Health & Beauty; Poultry; Bulk Items; Dairy; Produce; Coffee & Tea; Meat; Wellness; Grocery,local; sustainable; fresh,,(870)424-5020,https://facebook.com/thetruckpatch,
"The Vault Provisions, Llc","210 South Center Street, Statesville, NC, 28677",https://www.instagram.com/direct/t/17847564486070755/,Deli/Prepared Foods,Statesville,1,NC,28677,,spice_walla,,,,,,
The Village Tinker,"The Village Tinker, Maryville, TN, 37801",https://www.instagram.com/direct/t/116444509751887/,Independent Grocery,Maryville,1,TN,37801,,spice_walla,,,,,,
"The Village, Big Sur","The Village, 46840 Cabrillo Highway, Big Sur Village, CA 93920, United States of America",https://www.instagram.com/thevillagebigsur/,Independent Grocery,Big Sur,1,CA,93920,,brightland; fish_wife,,sustainable; local; artisanal,,,,
The Well,"120 N. Topanga Canyon Blvd #103, Topanga, CA 90290, USA",https://www.instagram.com/p/DE0q0u7yWHY/?utm_source=ig_web_copy_link&igsh=MzRlODBiNWFlZA==,Independent Grocery,,10,CA,90290,Zuva,alice_mushrooms; behave; brightland; graza; fish_wife; glonuts; masa_chips,Gifting Bundles; Best Sellers; Wellness; Style; Apothecary; Home; Kitchen; Garden; Library; Craft + Create; Aesthetics + Beauty; Massage + Lymphatic Drainage; Energy + Body Work; Body Sculpting + Contouring; Performance + Recovery; Regenerative Medicine; Peptide Program; Hair Services; Biometrics; Memberships; Batteries; Chargers; Lighting; Gear & Equipment; Repairs & Services; Cell Phone Repair; Tablet Repair; Key & Fob Services; Auto Center; Emergency Prep; Catering; Events; Healthy Meals; Dine-in; Pick-up; Delivery; Organic Produce; Grass-fed Dairy; Gluten-free Options; Low Sugar Foods,female-founded; local; sustainable; ethical; expert instruction; private atmosphere; personalized sessions; wellness; integrative; regenerative; personalized; science-backed; emerging brands; expert service; organic; gluten-free; dairy-free; low sugar; healthy fats; clean oils,,,https://www.facebook.com/BlairLaurenBrown,
The West End,"66 Hound Lane, Fishers Island, NY 06390, United States of America",https://www.instagram.com/direct/t/17844511712529047/?hl=en,Independent Grocery,Fishers Island,2,NY,6390,,fish_wife; spice_walla,,,,,,
The Wine,"3601 Elm Ave, Baltimore, MD, 21211",https://www.instagram.com/thewinesource/?hl=en,Wine/Beer/Liquor,Baltimore,12,MD,21211,,bjorn_qorn; fish_wife; graza; zabs_hot_sauce; fly_by_jing; joon; spice_walla,wine; beer; spirits; gourmet; sake; non-alcoholic; Beers; Wines; Cheese Boards; Events; Wine; Cocktails; Art,curated; gourmet; local; artisanal,,,https://www.facebook.com/thewinesource/,
The Wisdom Table,"322 Melton Rd, Elkin, NC, 28621",https://www.instagram.com/direct/t/103691181030495/,Independent Grocery,Elkin,1,NC,28621,,spice_walla,,,,,,
The Work Of Our Hands,"The Work of Our Hands, 627 Franklin Street, Pella, IA 50219, United States of America",https://instagram.com/workofourhands,Boutique Grocer,Pella,1,IA,50219,,diaspora_co,Home Accents; Ornaments; Baskets; Global Food; Spa & Wellness; Jewelry; Kids' Clothing; Gifts for Her; Gifts for Him; Seasonal,fair trade; sustainable; artisanal; international,,,https://facebook.com/workofourhands,
The Wright,"26 Claud Road, Eclectic, AL 36024, United States of America",https://www.instagram.com/direct/t/111986773527263/,Independent Grocery,Eclectic,2,AL,36024,,brightland; graza,,,,,,
The Yellow,"308 Raymond Square, Raymond, MS 39154, United States of America",https://www.instagram.com/direct/t/17847071331233881/,Independent Grocery,Raymond,2,MS,39154,,graza; joon,,,,,,
The Yo!,"935 Northwest 19th Avenue, Portland, OR 97209, United States of America",https://www.instagram.com/direct/t/117414032980792/,Independent Grocery,Portland,1,OR,97209,,graza; zabs_hot_sauce,,,,,,
Third Cliff Bakery,"Third Cliff Bakery, 3531 Washington Street, Boston, MA 02130, United States of America",https://www.instagram.com/thirdcliffbakery/,Bakery,Jamaica Plain,1,MA,2130,,brightland,,,,,,
This &,"207 1st Avenue East, Dyersville, IA 52040, United States of America",https://www.instagram.com/direct/t/112979550100733/,Independent Grocery,Dyersville,3,IA,52040,,masa_chips; spice_walla,,,,,,
Thread Spun,"1114 North Coast Highway 101, Encinitas, CA 92024, United States of America",https://instagram.com/storename,Independent Grocery,Encinitas,2,CA,92024,,brightland; fish_wife; narra,Clothing; Tops; Dresses; Bottoms; Accessories; Jewelry; Home & Gift; Candles; Serveware; Wedding Registry,curated; lifestyle; fashion; private styling,,(760) 452-6022,https://facebook.com/storename,
Thriftway,"20150 BALLINGER WAY NE, SHORELINE, WA",https://www.instagram.com/ballingerthriftway/,Independent Grocery,SHORELINE,3,WA,98155,,rishi_tea,,,,,,
Thyme And,"14 Golden Eagle Lane, Littleton, CO 80127, United States of America",https://www.instagram.com/thyme_and_tonic/,Independent Grocery,Littleton,2,CO,80127,,brightland; chomps; unreal_snacks,Shabbat Take Out; Dinner; Shabbat & Holidays; Brunch; Private Parties; Craft Cocktails,kosher; artisanal; prepared foods,,,https://www.facebook.com/thymeandtonic,
Thyme In,"190 Weaverville Road, Asheville, NC, 28804",https://www.instagram.com/direct/t/113136416745069/,Independent Grocery,Asheville,2,NC,28804,,spice_walla,,,,,,
Thyme Market And Catering,"10588 Country Walk Drive, Sister Bay, WI 54234, United States of America",https://www.instagram.com/direct/t/104697414262072/?hl=en,Independent Grocery,Sister Bay,2,WI,54234,,brightland; masa_chips; narra,,,,,,
Tideline Mercantile,"15 Newmarket Road, Durham, NH 03824, United States of America",https://www.instagram.com/direct/t/17842558049721574/,Deli/Prepared Foods,Durham,1,NH,3824,,spice_walla,,,,,,
Tigertree,"Tigertree, 3301 North High Street, Columbus, OH 43202, United States of America",https://www.instagram.com/shoptigertree/,Boutique Grocer,Columbus,1,OH,43202,,brightland,Bags; Apparel; Home + Outdoor; Accessories; Eyewear; Jewelry; Living; Books; Stationery; Fun + Games,curated; gifts; unique; artisanal,,,,
Tildas Kitchen,"630 Broadway, Kingston, NY, 12401",https://www.instagram.com/direct/t/17843537576464686/,Deli/Prepared Foods,Kingston,2,NY,12401,,bjorn_qorn; chikka_chikka,Breakfast; Lunch; Dinner; Catering; Groceries; Prepared Foods; Salads; Appetizers; Quick Bites; Soups,local; sustainable; prepared foods; community inspired; farm-to-table,,,,
Tiller & Rye,"20 South Main Street, Brewer, ME 04412, USA",http://instagram.com/tillerrye,Natural/Organic Market,,2,ME,4412,,alice_mushrooms; masa_chips; rishi_tea,Bulk; Gift Cards; Poultry & Seafood; Supplements; Dairy & Eggs; Groceries; Produce; Local Sourcing; Frozen Foods; Meats,farm-to-table; organic; sustainable; local,,,http://www.facebook.com/pages/Tiller-Rye/350283378512347,
Tippy Toes,"345 North Alister Street, Port Aransas, TX 78373, United States of America",https://www.instagram.com/direct/t/103879864345158/,Independent Grocery,Port Aransas,2,TX,78373,,brightland; zabs_hot_sauce; evies_snacks; spice_walla,,,,(936) 443-6836,,
Toast,"2512 Colonial Avenue, Norfolk, VA 23517, United States of America",https://www.instagram.com/direct/t/118023642923685/,Independent Grocery,Norfolk,2,VA,23517,,fish_wife; spice_walla,,,,,,
Tonys Market,"Tony's Meat Market, 7421 West Bowles Avenue, Littleton, CO 80123, United States of America",https://www.instagram.com/tonysmarket/,Supermarket,Littleton,2,CO,80123,,fish_wife; graza; loisa,Fish & Seafood; Deli; Fine Foods; Local Produce; Pantry; Bakery; Prepared Foods; Butcher Shop; Cheese Shop; Catering,artisanal; prepared foods; gourmet; local,,,https://www.facebook.com/tonysmarket?sk=wall,https://twitter.com/tonysmarket
Tops,"100 Tops Markets Blvd., Ellenville, NY, 12428",https://www.instagram.com/topsmarkets,Supermarket,Ellenville,30,NY,12428,,bjorn_qorn; chomps; unreal_snacks; rishi_tea,Snacks; Beverages; Health Foods; Dairy; Produce; Frozen Foods; Catering; Organic; Household Supplies; Pharmacy; Gift Cards; Wellness; Organics; Recipes; Savings; Groceries; Prepared Foods; Household Items; Diaper Club; Beer; Business Plus; Grocery Delivery,organic; local; sustainable; prepared foods,,,https://www.facebook.com/topsmarkets,https://twitter.com/topsmarkets
Toucan Market,"TOUCAN, 1002 2nd Avenue North, Billings, MT 59101, United States of America",https://instagram.com/toucangallery,Boutique Grocer,,3,MT,59101,,blobs; chomps; unreal_snacks; graza,Art; Gifts; Custom Picture Framing; Pottery; Glass Art; Jewelry; Cards and Stationery; Hats and Scarves; Home Decor; Artisan-crafted Products; Bakery; Deli; Meat & Seafood; Produce; Wine & Spirits,artisanal; local; custom; unique; design-centered; gourmet,,,https://facebook.com/toucanarts,
Town Market,"Town Market, 121 Bridge Park Drive, New York, NY 11201, United States of America",https://www.instagram.com/townduck/,Deli/Prepared Foods,BROOKLYN,2,NY,11201,,a_dozen_cousins; fish_wife,Bakery; Breakfast; Deli; Dessert; Sandwiches; Subs,local; artisanal; prepared foods,,,,
Town Pump Bodega,"2810 East 3rd Avenue, Denver, CO 80206, USA",https://www.instagram.com/direct/t/17845198538780762/?hl=en,Boutique Grocer,,3,CO,80206,,alice_mushrooms; brightland; masa_chips; coconut_cult,,local; artisanal; curated,,,,
Town Wharf General,"Town Wharf General Store, 10 Water Street, Mattapoisett, MA 02739, United States of America",https://www.instagram.com/direct/t/105469110845215/,Gift/Specialty Shop,Mattapoisett,2,MA,2739,,fish_wife; zabs_hot_sauce; spice_walla,,,,,,
Trades Delicatessen,"312 West Seventh Street, Dallas, TX, 75208",https://www.instagram.com/tradesdeli/,Deli/Prepared Foods,Dallas,1,TX,75208,,spice_walla,,,,,,
Treehouse Mercantile,"14342 7TH ST SUITE 102, DADE CITY, FL",https://www.instagram.com/direct/t/103648484367907/,Independent Grocery,DADE CITY,2,FL,33525,,rishi_tea; spice_walla,,,,,,
Trillium,"21073 River Boulevard, Monte Rio, CA 95462, United States of America",https://www.instagram.com/direct/t/118618832858550/?hl=en,Independent Grocery,Monte Rio,3,CA,95462,,fish_wife; masa_chips; rishi_tea,,,,,,
Troop 47 Trading Co.,"Integrated Therapeutics, 320 Mill Street, Danville, PA 17821, United States of America",https://www.instagram.com/direct/t/106471827548270/,Independent Grocery,Danville,1,PA,17821,,spice_walla,,,,,,
Truckee Food Shop,"12030 Donner Pass Rd #3, Truckee, CA, 96161",https://www.instagram.com/truckeefoodshop,Deli/Prepared Foods,Truckee,2,CA,96161,Zuva,bjorn_qorn; brightland; fish_wife,Deli; Prepared Meals; Catering; Snacks; Provisions; Beverages; Gifts; Cookbooks; Sweets; Seafood,organic; local; farm-to-table; prepared foods; gourmet; artisanal,,,https://www.facebook.com/truckeefoodshop,
Tuck Shop,"110 Newfield Avenue, Unit 5, Edison, NJ 08837, USA",https://www.hackleyschool.org/media/instagram,Independent Grocery,,2,NJ,8837,,alice_mushrooms; fish_wife; graza,,independent; college-preparatory; diverse; experiential education,,,,
Tuckahoe Seafood,"1007 Starling Drive, Richmond, VA 23229, United States of America",https://www.instagram.com/direct/t/120365286017278/,Independent Grocery,Richmond,2,VA,23229,,fish_wife; spice_walla,,,,,,
Tuk Tuk,"124 Malabu Dr., Lexington, KY, 40503",https://www.instagram.com/direct/t/17848578002832149/,Independent Grocery,Lexington,2,KY,40503,,spice_walla,,,,,,
Tumbleweeds & Notions,"8021 Research Forest Drive, The Woodlands, TX 77382, United States of America",https://www.instagram.com/direct/t/116686913058081/,Independent Grocery,The Woodlands,2,TX,77382,,graza; spice_walla,,,,,,
Twain Harte Market,"Twain Harte Market, 18711 Tiffeni Drive, Twain Harte, CA 95383, United States of America",https://www.instagram.com/twainhartemarket/,Independent Grocery,Twain Harte,2,CA,95383,,chomps; unreal_snacks; rishi_tea,,,,(),,
Uc Berkeley,"The UC Theatre, 2036 University Avenue, Berkeley, CA 94704, United States of America",https://www.instagram.com/theuctheatre/,Independent Grocery,,1,CA,94704,,narra,,,,,https://www.facebook.com/theuctheatre,https://x.com/theuctheatre
Ukiah Coop,"Ukiah Natural Foods Co-op, 721 South State Street, Ukiah, CA 95482, United States of America",https://www.instagram.com/ukiahnaturalfoods/,Co-op,Ukiah,1,CA,95482,,brightland; unreal_snacks,,,,,,
Uncle Giuseppes,"Uncle Giuseppe's Marketplace, Northern State Parkway, Melville, NY 11747, United States of America",https://www.instagram.com/unclegiuseppesmarketplace/,Supermarket,Port Jefferson Station,20,NY,11747,,chomps; unreal_snacks; evies_snacks; loisa; freestyle_snacking; rishi_tea,Prepared Meals; Fresh Produce; Dairy; Meat; Seafood; Bakery; Beverages; Snacks; Catering; Gift Cards,local; prepared foods; gourmet; artisanal,,(631)331-1706,https://www.facebook.com/unclegiuseppes,https://twitter.com/unclegiuseppes
Union Market,"Union Market, 1309 5th Street Northeast, Washington, DC 20002, United States of America",https://www.instagram.com/unionmarketdc,Boutique Grocer,,25,DC,20002,,bezi; loisa; bjorn_qorn; rishi_tea; blobs; graza; whims; brightland; fish_wife; zabs_hot_sauce; floura,Cultural Experiences; Unique Finds; Local Goods; Beverages; On Draft; Home Goods; Handmade Products; Gifts; Local Products; Artisanal Goods; Gift Cards; Food; Handmade Goods; Seasonal Flavors; Culinary Experiences; Seasonal Items; Events; Cooking Classes; Catering; Artisanal Products; Handmade Items; Bakery; Charcuterie; Coffee & Tea; Cheese & Dairy; Grocery; Meat & Poultry; Prepared Food; Produce; Seafood,artisanal; prepared foods; gourmet; seasonal; curated; local; emerging brands; sustainable; cultural; organic,,,https://www.facebook.com/unionmarketrva,
Uptown Provisions,"12819 East Penn Street, Whittier, CA 90602, United States of America",https://www.instagram.com/uptown_provisions/?hl=en,Deli/Prepared Foods,Whitteir,2,CA,90602,Zuva,brightland; fly_by_jing; spice_walla,Meat; Seafood; Condiments; Dairy; Bakery; Beverages; Produce; Snacks; Health Foods; Frozen Foods,curated; sustainable; local; artisanal,,(562) 360-1932,,
Urban Owl,"415 N Bishop Ave, Dallas, TX, 75208",https://www.instagram.com/direct/t/100471501382620/,Independent Grocery,Dallas,1,TX,75208,,spice_walla,,,,,,
Urbana,"APA / Arizona Pure Auto, 943 South 48th Street, Tempe, AZ 85281, United States of America",https://www.instagram.com/urbanaphoenix/,Independent Grocery,Tempe,3,AZ,85281,,brightland; fish_wife,,community; climbing; bouldering,,(480) 470-9876,http://www.facebook.com/urbanaboulders,
Utensil,"Utensil Kichenware, 143 Main Street, City of Beacon, NY 12508, United States of America",https://www.instagram.com/utensilshops/,Boutique Grocer,Beacon,3,NY,12508,,brightland; graza; realsy; spice_walla,,artisanal; curated,,,https://www.facebook.com/Utensilkitchenware,
Utilities Home,"Utilities, 393 Commercial Street, Provincetown, MA 02657, United States of America",https://www.instagram.com/utilitieshome/,Independent Grocery,Provincetown,2,MA,2657,,brightland; shuug; spice_walla,,,,,https://www.facebook.com/UtilitiesHome/,
Uwharrie Mercantile,"401 North Main Street, Troy, NC, 27371",https://www.instagram.com/direct/t/118877206171684/,Independent Grocery,Troy,1,NC,27371,,spice_walla,,,,,,
Van Hook Cheese & Grocery,"111 Grove Street, Montclair, NJ, 7042",https://www.instagram.com/direct/t/120529322670005/,Supermarket,Montclair,3,NJ,7042,,spice_walla; zabs_hot_sauce,,,,,,
Vandele Farms,"530 Cedar Creek Rd., Lake Lure, NC, 28746",https://www.instagram.com/direct/t/116865543035723/?hl=en,Independent Grocery,Lake Lure,1,NC,28746,,spice_walla,,,,,,
Vashon Market,"Vashon Library, 17210 Vashon Highway SW, Vashon, WA 98070, United States of America",https://instagram.com/vashonthriftway,Independent Grocery,Vashon,3,WA,98070,,unreal_snacks; yolele,Recipes; Weekly Ad; Shopping List; Store Info; Newsletters; Shopper Solutions; Digital Coupons; Grocery Newsletters; Prepared Foods; Local Products; Produce; Dairy; Snacks; Beverages; Health Foods; Floral; Catering; Special Orders; Gift Cards,local; sustainable; prepared foods; organic; artisanal,,(206)463-9725,https://www.facebook.com/vashonthriftway,
Venue Market,"1919 South Industrial Highway, Ann Arbor, MI 48104, United States of America",https://www.instagram.com/direct/t/17851500098662008/?hl=en,Independent Grocery,Ann Arbor,2,MI,48104-4613,,fish_wife; spice_walla; fly_by_jing; unreal_snacks,,,,,,
Verdello Olive Oil & Fine Foods,"23 Grinnell Plaza, Sheridan, WY, 82801",https://www.instagram.com/direct/t/117496386300765/?hl=en,Supermarket,Sheridan,1,WY,82801,,spice_walla,,,,,,
Via Ravioli,"11865 Via Granero, El Cajon, CA 92019, United States of America",https://www.instagram.com/viaravioli/,Independent Grocery,Coxsackie,1,CA,12192,,brightland; fish_wife,,,,,,
Via Vandi,"109 Bauer Rummel, Round Top, TX 78954, USA",https://www.instagram.com/viavandi,Boutique Grocer,,2,TX,78954,,alice_mushrooms; spice_walla,Handcrafted Jewelry; Rings; Earrings; Necklaces; Collections,handcrafted; artisanal; unique designs,,,http://facebook.com/viavandi,
Vice Kitchen,"6000 Medlock Bridge Parkway, Johns Creek, GA 30022, United States of America",https://www.instagram.com/direct/t/17847194568052954/?hl=en,Independent Grocery,Johns Creek,2,GA,30022,,freestyle_snacking; zabs_hot_sauce; spice_walla,,,,,,
Victual,"124 West Main Street, Crosby, MN 56441, United States of America",https://www.instagram.com/direct/t/116556196401603/?hl=en,Independent Grocery,Crosby,1,MN,56441,,spice_walla,,,,,,
Village Market,"100 North Main Street, Ketchum, ID 83340, United States of America",https://www.instagram.com/direct/t/103998061017399/,Independent Grocery,Ketchum,22,ID,83340,,a_dozen_cousins; whims; brightland; unreal_snacks; chomps; freestyle_snacking; one_trick_pony; graza; loisa; joon; pistakio; rishi_tea; smash_foods,Deli; Fine Meats; Produce; Pizza; Wine; Event Planning; Recipes; Employment,local; sustainable; gourmet; prepared foods,,,https://www.facebook.com/Village-Market-317037354364/,
Village Market Place,"6569 South Vermont Avenue, Los Angeles, CA, 90044",https://www.instagram.com/direct/t/121311105925236/,Independent Grocery,Los Angeles,1,CA,90044,,yolele,,,,,,
Vin On Rose,"511 Rose Ave, Venice, CA 90291, USA",https://www.instagram.com/vinonrose/,Wine/Beer/Liquor,,3,CA,90291,,alice_mushrooms; diaspora_co; zabs_hot_sauce; fly_by_jing,Wine; Craft Beer; Gourmet Food; Merch; Goods,artisanal; curated; low-intervention; gourmet,,,,
Vine,"3705 SW 27th Street, Gainesville, FL 32608, United States of America",https://www.instagram.com/direct/t/123498852372949/,Independent Grocery,GAINSVILLE,6,FL,32608,,a_dozen_cousins; fly_by_jing; freestyle_snacking; masa_chips; whims,Sandwiches; Sides; Drinks; Catering; Rewards,fresh; hand-sliced; quick service,,,https://www.facebook.com/jimmyjohns/,https://twitter.com/jimmyjohns
Vinovore,"Vinovore, 616 North Hoover Street, Los Angeles, CA 90004, United States of America",https://www.instagram.com/vinovorela,Wine/Beer/Liquor,Los Angeles,3,CA,90004,,behave; fly_by_jing; fish_wife; rishi_tea,,women winemakers; curated; artisanal,https://vinovore.com/,(323) 522-6713,,
Vintage Magnolia,"128 Main Street, Unit C-3, Edwards, CO 81632, USA",https://www.instagram.com/vintagemagnoliaboutique/,Boutique Grocer,,2,CO,81632,,alice_mushrooms; brightland,Everyday Flowers; Potted Plants; Inspired Goods; Weddings; Corporate Celebrations; Workshops,artisanal; curated; local,,,https://www.facebook.com/VintageMagnolia,
Virginias Health Foods,"3055A DAUPHIN STREET, MOBILE, AL",https://www.instagram.com/fairhope.health.foods/,Health/Supplement Store,MOBILE,1,AL,36606,Zuva,rishi_tea; yolele,Allergen-Free Foods; Specialty Groceries; Fresh Produce; Prepared Meals; Nutritional Supplements; Natural Bodycare; Sustainable Home Goods; Health Foods; Gluten-Free Foods; Organic Foods,non-gmo; sustainable; local; organic; vegan; health-conscious,,,https://www.facebook.com/fairhopehealthfoods,
Viroqua Food Co,"Viroqua Municipal Airport, US 14;US 61;WI 27, Viroqua, WI 54665, United States of America",https://www.instagram.com/direct/t/116979516361959/,Co-op,,2,WI,54665,,coconut_cult; unreal_snacks; rishi_tea,,,,,,
Viroqua Food Coop,"609 North Main Street, Viroqua, WI 54665, United States of America",http://www.instagram.com/viroquafoodcoop,Co-op,Viroqua,2,WI,54665,,evies_snacks; yolele,Produce; Meat; Deli; Catering; Wellness; Gift Cards; Recipes; Community Programs; Local Foods; Art Wall,organic; local; sustainable; prepared foods; community-focused,,,https://www.facebook.com/viroquafoodcoop,
Vista Bakeshop,"101 Towering Vista Vista, Kendall County, TX 78006, United States of America",https://www.instagram.com/direct/t/17843250239545935/,Bakery,Pacific Beach,3,TX,98571,,fish_wife; graza; realsy,,,,,,
Voyageurs Bakehouse,"Voyageurs Bakehouse, 340 North Broadway, Green Bay, WI 54303, United States of America",https://www.instagram.com/voyageurs.bakehouse/,Bakery,Green Bay,1,WI,54303,,brightland; graza,Private Events; Sandwiches; Wholesale; Coffee; Pastries; Sourdough Bread; Local Ingredients; Bakery; Brunch; Classes and Workshops; Catering,artisanal; sustainable; local; small-batch,,920-234-8060,https://www.facebook.com/voyageurs.bakehouse,
W A N D E R S T A T E Mercantile,"3081 Saint Helena Drive, Tucker, GA 30084, United States of America",https://instagram.com/wanderstateco,Boutique Grocer,Tucker,1,GA,30084,,brightland; shuug,Gift Cards; Kitchen; Incense; Candles; DIY & Craft; Workspace; Self Care; Apparel & Accessories; Home; Books,curated; local; sustainable; artisanal,,,,
Wagner Market,"Wagner Market, 502 North Main Street, Oshkosh, WI 54901, United States of America",https://www.instagram.com/wagner_market,Deli/Prepared Foods,Oshkosh,1,WI,54901,,one_trick_pony; spice_walla,Deli; Craft Beer; Snacks; Local Produce; Wine; Wisconsin Cheeses; Prepared Foods; Meats; Venison; Catering,artisanal; local; sustainable; craft,,,https://www.facebook.com/wagnermarket,
Waialua Fresh,"67 071 NAUAHI ST, WAIALUA, HI",https://instagram.com/hsplshigov,Independent Grocery,WAIALUA,3,HI,96791,,a_dozen_cousins; blobs; coconut_cult; unreal_snacks,,educational; community; entertainment; cultural,,,https://www.facebook.com/HSPLSHIgov,
Wanderlust Market,"216 W Main St, Washington, MO, 63090",https://www.instagram.com/direct/t/17848239059615253/?hl=en,Independent Grocery,Washington,1,MO,63090,,spice_walla,,,,,,
Wanderlust Shops,"10 Pickett Place, New Albany, OH 43054, United States of America",https://www.instagram.com/direct/t/17843977742890345/?hl=en,Independent Grocery,New Albany,1,OH,43054,,spice_walla,,,,,,
Wardensville Garden Market,"55 West Main Street, Capon Springs, WV 26851, United States of America",https://www.instagram.com/direct/t/113565046701289/?hl=en,Independent Grocery,Wardensville,2,WV,26851,,fish_wife; spice_walla; one_trick_pony,,,,,,
Wayfarer Bread & Pastry,"Wayfarer Bread & Pastry, 5525 La Jolla Boulevard, San Diego, CA 92037, United States of America",http://instagram.com/wayfarer_bread,Bakery,San Diego,1,CA,92037,,fish_wife; graza,Pastry; Pizza; Specialty Pastries; Bakery; Cookies; Sandwiches; Scones; Croissants; Bread; Tacos; Giftcards & Merch,artisanal; organic; local; small-batch,,,https://www.facebook.com/WayfarerBread,
Weave + Gather,"2004 NORTH GONZALES ST, LAS VEGAS, NM",https://www.instagram.com/direct/t/107989533932607/,Independent Grocery,LAS VEGAS,1,NM,87701,,rishi_tea,,,,,,
Weaver Street Market,"Kitware, Inc., 101 East Weaver Street, Carrboro, NC 27510, United States of America",https://www.instagram.com/weaverstreetraleigh/,Independent Grocery,Carrboro,14,NC,27510,,a_dozen_cousins; rishi_tea; fish_wife; yolele; unreal_snacks; smash_foods,Holiday Foods; Beverages; Snacks; Nutritional Information; Health Foods; Dairy; Bakery; Produce; Prepared Foods; Natural Foods; Specials; Recipes; Catering,open source; innovative; scientific computing; AI; computer vision; farm-to-table; artisanal; prepared foods; organic; sustainable; local,,,https://www.facebook.com/weaverstreetmarket,https://twitter.com/weaverstreetmarket
Wedge.,"279 Water Street, Warren, RI 02885, United States of America",https://www.instagram.com/direct/t/17848579685812635/,Boutique Grocer,Warren,2,RI,2885,,brightland; pistakio; graza,merch; cakes and cups; weddings; gift baskets; events; boards; gift cards,gourmet; custom; artisanal; specialty foods,,,,
Wellbox,"3708 Smith Farm Road, Matthews, NC, 28104",https://www.instagram.com/direct/t/103955647664061/?hl=en,Independent Grocery,Matthews,1,NC,28104,,spice_walla,,,,,,
Weltons Tiny Bakeshop,"2120 Wappoo Drive, Charleston, SC 29412, United States of America",https://www.instagram.com/weltonstinybakeshop/,Bakery,Charleston,1,SC,29412,,fish_wife; graza,,,,,,
Wenatchee Natural Foods,"222 North Wenatchee Avenue, Wenatchee, WA 98801, United States of America",http://www.instagram.com/wnfwenatchee,Supermarket,Wenatchee,3,WA,98801,,chikka_chikka; whims; coconut_cult; rishi_tea,,sustainable; local; organic,,,http://www.facebook.com/wnfwenatchee,
West Coast Provisions,"2735 Northwest Crossing Drive, Bend, OR 97701, United States of America",https://www.instagram.com/westcoastprovisions/,Deli/Prepared Foods,Bend,3,OR,97703,,glonuts; pistakio; rishi_tea,Groceries; Wine; Beer; Cider; Prepared Foods; Chocolate; Gifts; Cards; Home Goods; Kitchenware,local; artisanal; curated; prepared foods,,,https://www.facebook.com/westcoastprovisions/,
West Side Charcuterie,"1415 Jefferson Avenue, Akron, OH 44313, United States of America",https://www.instagram.com/LittleShopNYC/,Independent Grocery,OH,5,OH,United States,,brightland; fish_wife; glonuts; unreal_snacks,,,,,https://www.facebook.com/LittleShopNYC,https://twitter.com/LittleShopNYC/
West Village Market,"West Village Market, Haywood Road, Asheville, NC 28806, United States of America",https://www.instagram.com/direct/t/116976376362299/,Independent Grocery,Asheville,4,NC,28806,,chomps; unreal_snacks; fish_wife; freestyle_snacking; rishi_tea; spice_walla,,,,(828)225-4949,,
Westborn Market,"12 Westborn Drive, Merrimack, NH 03054, United States of America",https://www.instagram.com/direct/t/115293273195005/,Independent Grocery,,13,NH,3054,,blobs; brightland; zabs_hot_sauce; chomps; fish_wife; one_trick_pony; rishi_tea; rooted_fare,Specialty Cheese; Seafood; Deli; Prepared food; Wine & Beer; Florist; Seafood Counter; Bakery; Produce; Butcher Shop; Catering; Grocery,farm-to-table; prepared foods; gourmet; Michigan-made; seasonal; local,,,,
Western Daughters,"Western Daughters Butcher Shoppe, 3326 Tejon Street, Denver, CO 80211, United States of America",https://www.instagram.com/westerndaughters/,Independent Grocery,Denver,2,CO,80211,,brightland; smash_foods; fish_wife,Shares; Meat Club; Pork; Sourcing; Local Produce; Smoked Meats; Lamb; Local Products; Meat Shares; Beef; Prepared Foods; Holiday Orders; Meat; Chicken,grass-fed; regenerative; local; sustainable; regenerative agriculture; pasture-raised,,,https://www.facebook.com/westerndaughters,
Western Market,"Western Market, 447 West 9 Mile Road, Ferndale, MI 48220, United States of America",https://www.instagram.com/westernmkt/,Independent Grocery,Ferndale,3,MI,48220,,brightland; zabs_hot_sauce; rishi_tea; whims,,,,(248) 546-7288,,
Westside Market,"Westside Market, 3510 Augusta Road, Greenville, SC 29605, United States of America",https://www.instagram.com/westsidemarket,Boutique Grocer,,12,SC,29605,,bezi; bjorn_qorn; loisa; blobs; drumroll_donuts; whims; cauli_puffs; joon; neuro_gum; rishi_tea,Apparel; Home Decor; Jewelry; Gifts; Furniture; Vintage; Food; Rugs; Art; Lighting; Meat; Seafood; Condiments; Dairy; Bakery; Beverages; Produce; Snacks; Health Foods; Frozen Foods; Gourmet Foods; Local Foods; Gourmet; Local Products; Gift Cards; Fresh Produce; Prepared Foods; Artisanal; Catering; Artisanal Foods,artisanal; curated; local; vintage; sustainable; organic; gourmet; prepared foods,,,https://www.facebook.com/westside.market.nyc,
Wheat And Vine,"Lee’s Hoagie House, 266 South Main Street, Doylestown, PA 18901, United States of America",https://www.instagram.com/direct/t/17843497295450279/?hl=en,Independent Grocery,Doylestown,2,PA,18901,,evies_snacks; rishi_tea; masa_chips; shuug,,,,,,
Wheat Ridge Poultry And Meats,"5650 West 29th Avenue, Wheat Ridge, CO, 80214-8428",https://www.instagram.com/direct/t/107790093951010/?hl=en,Independent Grocery,Wheat Ridge,1,CO,80214-8428,,spice_walla,,,,,,
Wheatsfield Cooperative,"Wheatsfield Cooperative, 413 Northwestern Avenue, Ames, IA 50010, United States of America",https://www.instagram.com/wheatsfield/?hl=en,Co-op,Ames,2,IA,50010,Zuva,a_dozen_cousins; yolele; graza; smash_foods,Deli; Beverages; Snacks; Health Foods; Inclusive Trade; Bakery; Produce; Hot Bar; Prepared Foods; Local Producers,farm-to-table; prepared foods; organic; sustainable; local,,,https://www.facebook.com/wheatsfield,https://twitter.com/wheatsfield
Wheeze The Juice,"Native Roots Market, 131 Northeast 2nd Street, Oklahoma City, OK 73104, United States of America",https://www.instagram.com/direct/t/109917913741985/,Juice/Smoothie Bar,Oklahoma City,1,OK,73104,,fish_wife; graza,,,,,,
Whidbey Provisions,"1830 Cedarcrest Avenue, Coupeville, WA 98239, United States of America",https://www.instagram.com/direct/t/17845903422153133/,Deli/Prepared Foods,Coupeville,2,WA,98239,Zuva,brightland; pistakio,Snacks; Beverages; Health Foods; Produce; Dairy; Bakery; Meat; Seafood; Frozen Foods; Condiments,local; artisanal; curated; sustainable; gourmet; farm-to-table,,,,
Whistle Emporium,"The Cork and Fork, 41 South Main Street, Hardwick, VT 05843, United States of America",https://www.instagram.com/direct/t/106916334041228/?hl=en,Independent Grocery,Hardwick,1,VT,5843,,spice_walla,,,,,https://m.facebook.com/100089775784553/,
White,"4571 Lakeshore Lane, Burlington, NC 27217, United States of America",https://www.instagram.com/whitemountaincafe/,Independent Grocery,Burlington,16,NC,27217,,brightland; fish_wife; fly_by_jing; freestyle_snacking; graza; masa_chips; one_trick_pony; pistakio; spice_walla; zabs_hot_sauce,Specialty Drinks; Coffee; Pastries,local; artisanal; gourmet,,,https://www.facebook.com/419980741699307,
Wilder Wines,"Wilder Wines, 146 Cherry Street, Burlington, VT 05401, United States of America",https://www.instagram.com/wilderwinesvt/,Wine/Beer/Liquor,Burlington,2,VT,5401,,brightland; graza; zabs_hot_sauce,Wine Bar; Natural Wines; Wine Club; Small Bites; Food; Candles; Pottery + Mugs; Kitchen + Dining; Blankets + Throws; Prints + Wall Art; Barware; Jewelry; Vermont Souvenirs; Kids + Baby,low intervention; natural; curated; sustainable; local; biodynamic; artisanal,,,,
Wildkitchen Supply,"567 W. Main Street, Sylva, NC, 28779",https://www.instagram.com/direct/t/17849264174680838/?hl=en,Independent Grocery,Sylva,1,NC,28779,,spice_walla,,,,,,
Willow And Pine Market,"126 West 2nd Street, Owensboro, KY 42303, United States of America",https://www.instagram.com/direct/t/114236533305827/?hl=en,Independent Grocery,Owensboro,2,KY,42303,,joon; spice_walla,,,,,,
Willow Rest,"9 West Street, Beverly, MA 01915, United States of America",https://www.instagram.com/vidalias.market/,Boutique Grocer,Beverly,3,MA,1915,,brightland; shuug; fish_wife; graza,Cold Drinks; Artisanal Cheeses; Gourmet Foods; Home Baked Treats; Produce; Sandwiches; Panini; Coffee; Baked Goods,gourmet; farm-to-table; local; artisanal,,,https://www.facebook.com/Vidalias,
Willowtree Market,"169 Winslow Way E, Bainbridge Island, WA 98110, USA",https://www.instagram.com/willowtreebainbridge/,Boutique Grocer,,2,WA,98110,,alice_mushrooms; fish_wife; rishi_tea,Medicinal Herbs; Professional Supplements; Healthy Specialty Grocery; Essential Oils; Natural Body Care; Locally Made Gifts; Greeting Cards; Kombucha,local; natural; curated; wellness; sustainable,,,https://www.facebook.com/willowtreebainbridge,
Willy Street Coop,"1221 Williamson Street, Madison, WI, 53703",https://www.instagram.com/willystreetcoop/,Co-op,Madison,2,WI,53703,,yolele,"Beer, Wine & Spirits; Bulk; Cheese; Deli & Bakery; General Merchandise; Grocery; Meat; Produce; Seafood; Wellness",organic; local; sustainable; cooperative; fairly priced,,,https://www.facebook.com/WillyStCoop,
Windfall Market,"77 Scranton Avenue, Falmouth, MA 02540, United States of America",https://www.instagram.com/direct/t/111908526866312/,Independent Grocery,Falmouth,2,MA,2540,,freestyle_snacking; smash_foods; rishi_tea,,,,,,
Windmill Farm,"6386 Del Cerro Boulevard, San Diego, CA 92120, United States of America",https://www.instagram.com/windmillfarmsmarket/,Independent Grocery,San Diego,1,CA,92120,,a_dozen_cousins; rishi_tea,,,,,,
Windsor Farms Market,"Windsor Farms Market, 589 Prospect Avenue, New York, NY 11215, United States of America",https://www.instagram.com/keyfood,Supermarket,,2,NY,11215,,coconut_cult; whims; loisa,Seafood; Deli; Beverages; Snacks; Health Foods; Bakery; Produce; Prepared Foods; Household Items; Meat; Catering; Grocery,artisanal; sustainable; prepared foods; local; gourmet,,,https://www.facebook.com/keyfood,https://twitter.com/keyfood
Windy Brow Farms,"7 Windy Brow Manor, Newton, NJ 07860, United States of America",https://www.instagram.com/direct/t/118199372901248/,Independent Grocery,,3,NJ,7860,,bezi; brightland; fish_wife; zabs_hot_sauce,Ice Cream; Custom Orders; Apples; Pastries; Cider Donuts; Gift Cards; Cherries; Breads; Peaches; Bakery; Produce; PYO Fruit; Donuts; Vegetables,farm-to-table; artisanal; sustainable; local,,,http://Facebook.com/windybrowfarms,
Wine,"115 Pitt Street, Mount Pleasant, SC 29464, USA",https://www.instagram.com/wineshopov/,Wine/Beer/Liquor,,21,SC,29464,,alice_mushrooms; behave; whims; bjorn_qorn; rooted_fare; brightland; freestyle_snacking; fish_wife; realsy; zabs_hot_sauce; fly_by_jing; joon; one_trick_pony; spice_walla,Kitchen; Accessories; Beverages; Apothecary; Snacks; Wine; Food; Wellness Goods; Spirits; Merch; Kitchen + Home; Shutters; Window Coverings; Shades; Consultation Services; Motorization; Custom Drapery; Interior Design; Commercial Services; Residential Services; Window Treatments; Gourmet Cheeses; Wines; Coffees; Pastries; Organic Foods; Dairy; Delicatessen; Meats,local; artisanal; curated; gourmet; emerging brands; motorization; interior design; commercial; residential; energy efficient; custom; energy efficiency; authentic; fresh ingredients; organic,,,https://www.facebook.com/profile.php?id=100087160877542,
Winner,"192 5th Avenue, Brooklyn, NY, 11217",https://www.instagram.com/direct/t/102508057961990/?hl=en,Independent Grocery,Brooklyn,2,NY,11217,,spice_walla; zabs_hot_sauce,,,,,,
Wish Gifts,"5014 East Hampden Avenue, Denver, CO 80222, USA",https://www.instagram.com/direct/t/110816733645526/,Boutique Grocer,,4,CO,80222,,alice_mushrooms; brightland; joon; pistakio; spice_walla,Gift Cards; Holiday; Bath & Spa; Beauty; Candles; Jewelry; Home Decor; Kids and Baby; Curated Gifts; Cocktails & Mocktails; Food and Drink; Cozy Gifts,curated; local; artisanal; unique gifts,,,,
With Flour In Her Hair,"Independent Fabrication, 271 Western Avenue, Lynn, MA 01904, United States of America",https://www.instagram.com/independentfabrication,Boutique Grocer,Lynn,2,MA,1904,,diaspora_co; shuug,Bikes; Accessories; Apparel; Bags; Carbon Fiber; Steel; Titanium; Custom Orders; Cyclocross; Mountain,custom; high-end; artisanal; sustainable,,,https://www.facebook.com/Independent-Fabrication-318643794814246/,https://twitter.com/indyfab
Wize Organic Market,"Wize Organic Market, 503 Union Avenue, New York, NY 11211, United States of America",https://www.instagram.com/direct/t/103386724394178/,Natural/Organic Market,,2,NY,11211,,cauli_puffs; loisa,,,,,,
Wonder Fair,"Wonder Fair, 841 Massachusetts Street, Lawrence, KS 66044, United States of America",http://instagram.com/wonderfair,Boutique Grocer,Lawrence,1,KS,66044,,graza,,curated; artisanal; local,,,,
Woods Rose Market,"Woods Rose Market, 1372 I 90 Business, Livingston, MT 59047, United States of America",https://www.instagram.com/direct/t/111767930219743/?hl=en,Independent Grocery,Livingston,2,MT,59047,,fish_wife; spice_walla,,,,,,
World Foods,"World Foods, 830 Northwest Everett Street, Portland, OR 97209, United States of America",https://www.instagram.com/worldfoodspdx/,Deli/Prepared Foods,Portland,5,OR,97209,,a_dozen_cousins; rishi_tea; blobs; chikka_chikka; whims; one_trick_pony,International & Specialty Grocery; Meat & Seafood; Produce; Cheese & Dairy; Beer & Wine; Deli & Catering,local; international; artisanal; curated; prepared foods,,,https://www.facebook.com/worldfoodspdx,
Yardbull Meats,"2201 Crystal Spring Ave., Roanoke, VA, 24014",https://www.instagram.com/direct/t/17843423600260279/?hl=en,Independent Grocery,Roanoke,1,VA,24014,,spice_walla,,,,,,
Ye Peddler Gift Shoppe,"305 West 8th St, Columbia, TN, 38401",https://www.instagram.com/direct/t/111336286926512/?hl=en,Gift/Specialty Shop,Columbia,1,TN,38401,,spice_walla,,,,,,
Yellow Umbrella Seafood,"5603 Patterson Avenue, Richmond, VA, 23226",https://www.instagram.com/yellowumbrellaprovisions/,Supermarket,Richmond,4,VA,23226,,bjorn_qorn; masa_chips; fly_by_jing; graza; joon; whims,Seafood; Butcher; Prepared Foods; Baked Goods; Wine & Beer; Fresh Produce; Catering; Lunch Counter; Gift Cards; Other Provisions,sustainable; local; prepared foods; pasture-raised; curated,,,https://www.facebook.com/YellowUmbrellaRVA,
Yogi Organic Market,"LaundryBee, 7116 37th Avenue, New York, NY 11372, United States of America",https://www.instagram.com/laundrybeeinc/,Natural/Organic Market,Jackson Heights,1,NY,1137,,loisa,Laundry Services; Drop Off Service; Dry Cleaning; Garment Repair; Laundry Merchandise,same day service; convenience; amenities; customer support,,,https://www.facebook.com/laundrybeeyellowstone,
Yokes Fresh Market,"12825 West Sunset Highway, Airway Heights, WA 99001, United States of America",https://www.instagram.com/yokesfreshmarket/,Specialty/Gourmet Grocery,Airway Heights,13,WA,99001,,a_dozen_cousins; unreal_snacks; zabs_hot_sauce,Bakery; Deli; Floral; Meat & Seafood; Natural; Pharmacy; Produce,local; employee-owned; fresh; sustainable,,,https://www.facebook.com/YokesFreshMarket,
Yonder Community Market,"151 HILLCREST AVENUE, FRANKLIN, NC",https://www.instagram.com/yonderwnc/?hl=en,Co-op,FRANKLIN,1,NC,28734,,rishi_tea,,,,,,
Young Blood,"1392 McLendon Ave NE, Atlanta, GA, 30307",https://www.instagram.com/youngbloodboutique,Boutique Grocer,Atlanta,2,GA,30307,,bjorn_qorn; fly_by_jing; diaspora_co; pistakio,Home Fragrance; Decor; Tabletop; Eat & Drink; Personal Fragrance; Bath & Body; Accessories; Jewelry; Paper Goods; Bags and Socks,artisanal; curated; emerging brands,,,,
Yowie,"716 Kingston Street, Philadelphia, PA 19134-1213, United States of America",https://instagram.com/helloyowie,Boutique Grocer,Philadelphia,2,PA,19147,,behave; graza,Souvenirs; Apparel & Wearables; Books & Publications; Ceramics & Glassware; Decor & Objects; Jewelry; Bestsellers; Sale; Hotel Collections; Everything,artisanal; emerging brands; curated; local,https://www.shopyowie.com/,,,
Yumday,"Cobblestone Cafe, 225 South Water Street, Wilmington, NC 28401, United States of America",https://www.instagram.com/direct/t/119911906061563/?hl=en,Deli/Prepared Foods,Wilmington,4,NC,28401,,brightland; fish_wife; fly_by_jing; spice_walla; whims,Salads; Sandwiches; Breakfast; Coffee; Catering,sustainable; local,,,https://www.facebook.com/pages/The%20Cobblestone%20Cafe/113492368684901/,
Zabars,"Zabar's, 2245 Broadway, New York, NY 10024, United States of America",https://www.instagram.com/zabars/,Boutique Grocer,New York,2,NY,10024,,bon_bon_swedish_candy; loisa; rishi_tea,Deli; Smoked Fish & Caviar; Kosher; Gifts; Cheese; Pantry; Bagels & Bakery; Coffee & Tea; Housewares; Catering,kosher; artisanal; prepared foods; gourmet; local,,,,
Zanottos Market,"Zanotto’s Family Market, 1970 Naglee Avenue, San Jose, CA 95126, United States of America",https://www.instagram.com/zanottosmarkets/,Boutique Grocer,,3,CA,95126,,blobs; narra; smash_foods,,gourmet; local; artisanal,,,https://www.facebook.com/ZanottosFamilyMarkets,
Zanottos Markets,"Zanotto's Market Sunnyvale, 1356 South Mary Avenue, Sunnyvale, CA 94087, United States of America",https://www.instagram.com/zanottosmarkets/,Independent Grocery,,1,CA,94087,,coconut_cult; loisa,,family-owned; local; gourmet,,,https://www.facebook.com/ZanottosFamilyMarkets,
Zanottos Marketsan Jose,"Zanotto’s Family Market, 1970 Naglee Avenue, San Jose, CA 95126, United States of America",https://www.instagram.com/zanottosmarkets/,Boutique Grocer,San Jose,1,CA,95126,,brightland; unreal_snacks,,gourmet; local; artisanal,,,https://www.facebook.com/ZanottosFamilyMarkets,
Zanottos Willow Glen,"1421 Foxworthy Avenue, San Jose, CA 95118, United States of America",https://www.instagram.com/zanottosmarkets/,Independent Grocery,San Jose,2,CA,95118,,brightland; joon; smash_foods,International; Dairy; Beverages; Produce; Sandwiches; Snacks; Prepared Foods; Gourmet; Health Foods; Catering,family-owned; local; artisanal; prepared foods; gourmet,,,https://www.facebook.com/ZanottosFamilyMarkets,
Zerbos Health Foods,"Zerbo's Market & Bistro, 3000 East West Maple Road, Commerce Charter Township, MI 48390, United States of America",http://instagram.com/zerbosmarket,Health/Supplement Store,Commerce,3,MI,48390,,a_dozen_cousins; the_only_bean; coconut_cult; unreal_snacks; diaspora_co; smash_foods,Specialty Groceries; Gourmet Foods; Beverages; Snacks; Online Ordering; Health Supplements; Gift Cards; Dining; Gourmet Meals; Produce; Prepared Foods; Event Planning; Cocktails; Catering,artisanal; prepared foods; health; organic; gourmet; local; specialty,,,http://facebook.com/zerbosmarket,
Zingermans Deli,"Zingerman's Deli, 422 Detroit Street, Ann Arbor, MI 48104, United States of America",https://www.instagram.com/zingermansdeli,Deli/Prepared Foods,Ann Arbor,1,MI,48104,,chikka_chikka; zabs_hot_sauce,Salads; Apparel; Sandwiches; Beverages; Kids Menu; Desserts; Gift Cards; Art for Sale; Soups; Groceries; Catering,artisanal; prepared foods; gourmet; local,,,https://www.facebook.com/zingermansdeli,
Zmc Pharmacy,"1041 South Main Street, Royal Oak, MI 48067, USA",https://www.instagram.com/shopzmc,Pharmacy/Drug Store,,2,MI,48067,,alice_mushrooms; brightland,Beauty; Candles; Household Needs; Fashion; Men's Grooming; Vitamins & Supplements; Kids; Pet; Pantry; Sage & Incense,curated; exclusive; high-quality; personal,,,https://www.facebook.com/ZMCpharmacy,